[2025-05-25 07:26:40] local.ERROR: Please provide a valid cache path. {"exception":"[object] (InvalidArgumentException(code: 0): Please provide a valid cache path. at /home/dperez/Documents/Proyectos/laravel-sign/vendor/laravel/framework/src/Illuminate/View/Compilers/Compiler.php:36)
[stacktrace]
#0 /home/dperez/Documents/Proyectos/laravel-sign/vendor/laravel/framework/src/Illuminate/View/ViewServiceProvider.php(88): Illuminate\\View\\Compilers\\Compiler->__construct()
#1 /home/dperez/Documents/Proyectos/laravel-sign/vendor/laravel/framework/src/Illuminate/Container/Container.php(873): Illuminate\\View\\ViewServiceProvider->Illuminate\\View\\{closure}()
#2 /home/dperez/Documents/Proyectos/laravel-sign/vendor/laravel/framework/src/Illuminate/Container/Container.php(758): Illuminate\\Container\\Container->build()
#3 /home/dperez/Documents/Proyectos/laravel-sign/vendor/laravel/framework/src/Illuminate/Foundation/Application.php(853): Illuminate\\Container\\Container->resolve()
#4 /home/dperez/Documents/Proyectos/laravel-sign/vendor/laravel/framework/src/Illuminate/Container/Container.php(694): Illuminate\\Foundation\\Application->resolve()
#5 /home/dperez/Documents/Proyectos/laravel-sign/vendor/laravel/framework/src/Illuminate/Foundation/Application.php(838): Illuminate\\Container\\Container->make()
#6 /home/dperez/Documents/Proyectos/laravel-sign/vendor/laravel/framework/src/Illuminate/Container/Container.php(1419): Illuminate\\Foundation\\Application->make()
#7 /home/dperez/Documents/Proyectos/laravel-sign/vendor/laravel/framework/src/Illuminate/View/ViewServiceProvider.php(150): Illuminate\\Container\\Container->offsetGet()
#8 [internal function]: Illuminate\\View\\ViewServiceProvider->Illuminate\\View\\{closure}()
#9 /home/dperez/Documents/Proyectos/laravel-sign/vendor/laravel/framework/src/Illuminate/View/Engines/EngineResolver.php(55): call_user_func()
#10 /home/dperez/Documents/Proyectos/laravel-sign/vendor/facade/ignition/src/IgnitionServiceProvider.php(467): Illuminate\\View\\Engines\\EngineResolver->resolve()
#11 /home/dperez/Documents/Proyectos/laravel-sign/vendor/facade/ignition/src/IgnitionServiceProvider.php(158): Facade\\Ignition\\IgnitionServiceProvider->hasCustomViewEnginesRegistered()
#12 /home/dperez/Documents/Proyectos/laravel-sign/vendor/facade/ignition/src/IgnitionServiceProvider.php(101): Facade\\Ignition\\IgnitionServiceProvider->registerViewEngines()
#13 /home/dperez/Documents/Proyectos/laravel-sign/vendor/laravel/framework/src/Illuminate/Container/BoundMethod.php(36): Facade\\Ignition\\IgnitionServiceProvider->boot()
#14 /home/dperez/Documents/Proyectos/laravel-sign/vendor/laravel/framework/src/Illuminate/Container/Util.php(40): Illuminate\\Container\\BoundMethod::Illuminate\\Container\\{closure}()
#15 /home/dperez/Documents/Proyectos/laravel-sign/vendor/laravel/framework/src/Illuminate/Container/BoundMethod.php(93): Illuminate\\Container\\Util::unwrapIfClosure()
#16 /home/dperez/Documents/Proyectos/laravel-sign/vendor/laravel/framework/src/Illuminate/Container/BoundMethod.php(35): Illuminate\\Container\\BoundMethod::callBoundMethod()
#17 /home/dperez/Documents/Proyectos/laravel-sign/vendor/laravel/framework/src/Illuminate/Container/Container.php(653): Illuminate\\Container\\BoundMethod::call()
#18 /home/dperez/Documents/Proyectos/laravel-sign/vendor/laravel/framework/src/Illuminate/Foundation/Application.php(926): Illuminate\\Container\\Container->call()
#19 /home/dperez/Documents/Proyectos/laravel-sign/vendor/laravel/framework/src/Illuminate/Foundation/Application.php(907): Illuminate\\Foundation\\Application->bootProvider()
#20 [internal function]: Illuminate\\Foundation\\Application->Illuminate\\Foundation\\{closure}()
#21 /home/dperez/Documents/Proyectos/laravel-sign/vendor/laravel/framework/src/Illuminate/Foundation/Application.php(906): array_walk()
#22 /home/dperez/Documents/Proyectos/laravel-sign/vendor/laravel/framework/src/Illuminate/Foundation/Bootstrap/BootProviders.php(17): Illuminate\\Foundation\\Application->boot()
#23 /home/dperez/Documents/Proyectos/laravel-sign/vendor/laravel/framework/src/Illuminate/Foundation/Application.php(237): Illuminate\\Foundation\\Bootstrap\\BootProviders->bootstrap()
#24 /home/dperez/Documents/Proyectos/laravel-sign/vendor/laravel/framework/src/Illuminate/Foundation/Console/Kernel.php(310): Illuminate\\Foundation\\Application->bootstrapWith()
#25 /home/dperez/Documents/Proyectos/laravel-sign/vendor/laravel/framework/src/Illuminate/Foundation/Console/Kernel.php(127): Illuminate\\Foundation\\Console\\Kernel->bootstrap()
#26 /home/dperez/Documents/Proyectos/laravel-sign/artisan(35): Illuminate\\Foundation\\Console\\Kernel->handle()
#27 {main}
"} 
[2025-05-25 07:29:59] local.ERROR: Please provide a valid cache path. {"exception":"[object] (InvalidArgumentException(code: 0): Please provide a valid cache path. at /home/dperez/Documents/Proyectos/laravel-sign/vendor/laravel/framework/src/Illuminate/View/Compilers/Compiler.php:36)
[stacktrace]
#0 /home/dperez/Documents/Proyectos/laravel-sign/vendor/laravel/framework/src/Illuminate/View/ViewServiceProvider.php(88): Illuminate\\View\\Compilers\\Compiler->__construct()
#1 /home/dperez/Documents/Proyectos/laravel-sign/vendor/laravel/framework/src/Illuminate/Container/Container.php(873): Illuminate\\View\\ViewServiceProvider->Illuminate\\View\\{closure}()
#2 /home/dperez/Documents/Proyectos/laravel-sign/vendor/laravel/framework/src/Illuminate/Container/Container.php(758): Illuminate\\Container\\Container->build()
#3 /home/dperez/Documents/Proyectos/laravel-sign/vendor/laravel/framework/src/Illuminate/Foundation/Application.php(853): Illuminate\\Container\\Container->resolve()
#4 /home/dperez/Documents/Proyectos/laravel-sign/vendor/laravel/framework/src/Illuminate/Container/Container.php(694): Illuminate\\Foundation\\Application->resolve()
#5 /home/dperez/Documents/Proyectos/laravel-sign/vendor/laravel/framework/src/Illuminate/Foundation/Application.php(838): Illuminate\\Container\\Container->make()
#6 /home/dperez/Documents/Proyectos/laravel-sign/vendor/laravel/framework/src/Illuminate/Container/Container.php(1419): Illuminate\\Foundation\\Application->make()
#7 /home/dperez/Documents/Proyectos/laravel-sign/vendor/laravel/framework/src/Illuminate/View/ViewServiceProvider.php(150): Illuminate\\Container\\Container->offsetGet()
#8 [internal function]: Illuminate\\View\\ViewServiceProvider->Illuminate\\View\\{closure}()
#9 /home/dperez/Documents/Proyectos/laravel-sign/vendor/laravel/framework/src/Illuminate/View/Engines/EngineResolver.php(55): call_user_func()
#10 /home/dperez/Documents/Proyectos/laravel-sign/vendor/facade/ignition/src/IgnitionServiceProvider.php(467): Illuminate\\View\\Engines\\EngineResolver->resolve()
#11 /home/dperez/Documents/Proyectos/laravel-sign/vendor/facade/ignition/src/IgnitionServiceProvider.php(158): Facade\\Ignition\\IgnitionServiceProvider->hasCustomViewEnginesRegistered()
#12 /home/dperez/Documents/Proyectos/laravel-sign/vendor/facade/ignition/src/IgnitionServiceProvider.php(101): Facade\\Ignition\\IgnitionServiceProvider->registerViewEngines()
#13 /home/dperez/Documents/Proyectos/laravel-sign/vendor/laravel/framework/src/Illuminate/Container/BoundMethod.php(36): Facade\\Ignition\\IgnitionServiceProvider->boot()
#14 /home/dperez/Documents/Proyectos/laravel-sign/vendor/laravel/framework/src/Illuminate/Container/Util.php(40): Illuminate\\Container\\BoundMethod::Illuminate\\Container\\{closure}()
#15 /home/dperez/Documents/Proyectos/laravel-sign/vendor/laravel/framework/src/Illuminate/Container/BoundMethod.php(93): Illuminate\\Container\\Util::unwrapIfClosure()
#16 /home/dperez/Documents/Proyectos/laravel-sign/vendor/laravel/framework/src/Illuminate/Container/BoundMethod.php(35): Illuminate\\Container\\BoundMethod::callBoundMethod()
#17 /home/dperez/Documents/Proyectos/laravel-sign/vendor/laravel/framework/src/Illuminate/Container/Container.php(653): Illuminate\\Container\\BoundMethod::call()
#18 /home/dperez/Documents/Proyectos/laravel-sign/vendor/laravel/framework/src/Illuminate/Foundation/Application.php(926): Illuminate\\Container\\Container->call()
#19 /home/dperez/Documents/Proyectos/laravel-sign/vendor/laravel/framework/src/Illuminate/Foundation/Application.php(907): Illuminate\\Foundation\\Application->bootProvider()
#20 [internal function]: Illuminate\\Foundation\\Application->Illuminate\\Foundation\\{closure}()
#21 /home/dperez/Documents/Proyectos/laravel-sign/vendor/laravel/framework/src/Illuminate/Foundation/Application.php(906): array_walk()
#22 /home/dperez/Documents/Proyectos/laravel-sign/vendor/laravel/framework/src/Illuminate/Foundation/Bootstrap/BootProviders.php(17): Illuminate\\Foundation\\Application->boot()
#23 /home/dperez/Documents/Proyectos/laravel-sign/vendor/laravel/framework/src/Illuminate/Foundation/Application.php(237): Illuminate\\Foundation\\Bootstrap\\BootProviders->bootstrap()
#24 /home/dperez/Documents/Proyectos/laravel-sign/vendor/laravel/framework/src/Illuminate/Foundation/Console/Kernel.php(310): Illuminate\\Foundation\\Application->bootstrapWith()
#25 /home/dperez/Documents/Proyectos/laravel-sign/vendor/laravel/framework/src/Illuminate/Foundation/Console/Kernel.php(127): Illuminate\\Foundation\\Console\\Kernel->bootstrap()
#26 /home/dperez/Documents/Proyectos/laravel-sign/artisan(35): Illuminate\\Foundation\\Console\\Kernel->handle()
#27 {main}
"} 
[2025-05-25 07:30:06] local.ERROR: Please provide a valid cache path. {"exception":"[object] (InvalidArgumentException(code: 0): Please provide a valid cache path. at /home/dperez/Documents/Proyectos/laravel-sign/vendor/laravel/framework/src/Illuminate/View/Compilers/Compiler.php:36)
[stacktrace]
#0 /home/dperez/Documents/Proyectos/laravel-sign/vendor/laravel/framework/src/Illuminate/View/ViewServiceProvider.php(88): Illuminate\\View\\Compilers\\Compiler->__construct()
#1 /home/dperez/Documents/Proyectos/laravel-sign/vendor/laravel/framework/src/Illuminate/Container/Container.php(873): Illuminate\\View\\ViewServiceProvider->Illuminate\\View\\{closure}()
#2 /home/dperez/Documents/Proyectos/laravel-sign/vendor/laravel/framework/src/Illuminate/Container/Container.php(758): Illuminate\\Container\\Container->build()
#3 /home/dperez/Documents/Proyectos/laravel-sign/vendor/laravel/framework/src/Illuminate/Foundation/Application.php(853): Illuminate\\Container\\Container->resolve()
#4 /home/dperez/Documents/Proyectos/laravel-sign/vendor/laravel/framework/src/Illuminate/Container/Container.php(694): Illuminate\\Foundation\\Application->resolve()
#5 /home/dperez/Documents/Proyectos/laravel-sign/vendor/laravel/framework/src/Illuminate/Foundation/Application.php(838): Illuminate\\Container\\Container->make()
#6 /home/dperez/Documents/Proyectos/laravel-sign/vendor/laravel/framework/src/Illuminate/Container/Container.php(1419): Illuminate\\Foundation\\Application->make()
#7 /home/dperez/Documents/Proyectos/laravel-sign/vendor/laravel/framework/src/Illuminate/View/ViewServiceProvider.php(150): Illuminate\\Container\\Container->offsetGet()
#8 [internal function]: Illuminate\\View\\ViewServiceProvider->Illuminate\\View\\{closure}()
#9 /home/dperez/Documents/Proyectos/laravel-sign/vendor/laravel/framework/src/Illuminate/View/Engines/EngineResolver.php(55): call_user_func()
#10 /home/dperez/Documents/Proyectos/laravel-sign/vendor/facade/ignition/src/IgnitionServiceProvider.php(467): Illuminate\\View\\Engines\\EngineResolver->resolve()
#11 /home/dperez/Documents/Proyectos/laravel-sign/vendor/facade/ignition/src/IgnitionServiceProvider.php(158): Facade\\Ignition\\IgnitionServiceProvider->hasCustomViewEnginesRegistered()
#12 /home/dperez/Documents/Proyectos/laravel-sign/vendor/facade/ignition/src/IgnitionServiceProvider.php(101): Facade\\Ignition\\IgnitionServiceProvider->registerViewEngines()
#13 /home/dperez/Documents/Proyectos/laravel-sign/vendor/laravel/framework/src/Illuminate/Container/BoundMethod.php(36): Facade\\Ignition\\IgnitionServiceProvider->boot()
#14 /home/dperez/Documents/Proyectos/laravel-sign/vendor/laravel/framework/src/Illuminate/Container/Util.php(40): Illuminate\\Container\\BoundMethod::Illuminate\\Container\\{closure}()
#15 /home/dperez/Documents/Proyectos/laravel-sign/vendor/laravel/framework/src/Illuminate/Container/BoundMethod.php(93): Illuminate\\Container\\Util::unwrapIfClosure()
#16 /home/dperez/Documents/Proyectos/laravel-sign/vendor/laravel/framework/src/Illuminate/Container/BoundMethod.php(35): Illuminate\\Container\\BoundMethod::callBoundMethod()
#17 /home/dperez/Documents/Proyectos/laravel-sign/vendor/laravel/framework/src/Illuminate/Container/Container.php(653): Illuminate\\Container\\BoundMethod::call()
#18 /home/dperez/Documents/Proyectos/laravel-sign/vendor/laravel/framework/src/Illuminate/Foundation/Application.php(926): Illuminate\\Container\\Container->call()
#19 /home/dperez/Documents/Proyectos/laravel-sign/vendor/laravel/framework/src/Illuminate/Foundation/Application.php(907): Illuminate\\Foundation\\Application->bootProvider()
#20 [internal function]: Illuminate\\Foundation\\Application->Illuminate\\Foundation\\{closure}()
#21 /home/dperez/Documents/Proyectos/laravel-sign/vendor/laravel/framework/src/Illuminate/Foundation/Application.php(906): array_walk()
#22 /home/dperez/Documents/Proyectos/laravel-sign/vendor/laravel/framework/src/Illuminate/Foundation/Bootstrap/BootProviders.php(17): Illuminate\\Foundation\\Application->boot()
#23 /home/dperez/Documents/Proyectos/laravel-sign/vendor/laravel/framework/src/Illuminate/Foundation/Application.php(237): Illuminate\\Foundation\\Bootstrap\\BootProviders->bootstrap()
#24 /home/dperez/Documents/Proyectos/laravel-sign/vendor/laravel/framework/src/Illuminate/Foundation/Console/Kernel.php(310): Illuminate\\Foundation\\Application->bootstrapWith()
#25 /home/dperez/Documents/Proyectos/laravel-sign/vendor/laravel/framework/src/Illuminate/Foundation/Console/Kernel.php(127): Illuminate\\Foundation\\Console\\Kernel->bootstrap()
#26 /home/dperez/Documents/Proyectos/laravel-sign/artisan(35): Illuminate\\Foundation\\Console\\Kernel->handle()
#27 {main}
"} 
[2025-05-25 07:30:10] local.ERROR: Please provide a valid cache path. {"exception":"[object] (InvalidArgumentException(code: 0): Please provide a valid cache path. at /home/dperez/Documents/Proyectos/laravel-sign/vendor/laravel/framework/src/Illuminate/View/Compilers/Compiler.php:36)
[stacktrace]
#0 /home/dperez/Documents/Proyectos/laravel-sign/vendor/laravel/framework/src/Illuminate/View/ViewServiceProvider.php(88): Illuminate\\View\\Compilers\\Compiler->__construct()
#1 /home/dperez/Documents/Proyectos/laravel-sign/vendor/laravel/framework/src/Illuminate/Container/Container.php(873): Illuminate\\View\\ViewServiceProvider->Illuminate\\View\\{closure}()
#2 /home/dperez/Documents/Proyectos/laravel-sign/vendor/laravel/framework/src/Illuminate/Container/Container.php(758): Illuminate\\Container\\Container->build()
#3 /home/dperez/Documents/Proyectos/laravel-sign/vendor/laravel/framework/src/Illuminate/Foundation/Application.php(853): Illuminate\\Container\\Container->resolve()
#4 /home/dperez/Documents/Proyectos/laravel-sign/vendor/laravel/framework/src/Illuminate/Container/Container.php(694): Illuminate\\Foundation\\Application->resolve()
#5 /home/dperez/Documents/Proyectos/laravel-sign/vendor/laravel/framework/src/Illuminate/Foundation/Application.php(838): Illuminate\\Container\\Container->make()
#6 /home/dperez/Documents/Proyectos/laravel-sign/vendor/laravel/framework/src/Illuminate/Container/Container.php(1419): Illuminate\\Foundation\\Application->make()
#7 /home/dperez/Documents/Proyectos/laravel-sign/vendor/laravel/framework/src/Illuminate/View/ViewServiceProvider.php(150): Illuminate\\Container\\Container->offsetGet()
#8 [internal function]: Illuminate\\View\\ViewServiceProvider->Illuminate\\View\\{closure}()
#9 /home/dperez/Documents/Proyectos/laravel-sign/vendor/laravel/framework/src/Illuminate/View/Engines/EngineResolver.php(55): call_user_func()
#10 /home/dperez/Documents/Proyectos/laravel-sign/vendor/facade/ignition/src/IgnitionServiceProvider.php(467): Illuminate\\View\\Engines\\EngineResolver->resolve()
#11 /home/dperez/Documents/Proyectos/laravel-sign/vendor/facade/ignition/src/IgnitionServiceProvider.php(158): Facade\\Ignition\\IgnitionServiceProvider->hasCustomViewEnginesRegistered()
#12 /home/dperez/Documents/Proyectos/laravel-sign/vendor/facade/ignition/src/IgnitionServiceProvider.php(101): Facade\\Ignition\\IgnitionServiceProvider->registerViewEngines()
#13 /home/dperez/Documents/Proyectos/laravel-sign/vendor/laravel/framework/src/Illuminate/Container/BoundMethod.php(36): Facade\\Ignition\\IgnitionServiceProvider->boot()
#14 /home/dperez/Documents/Proyectos/laravel-sign/vendor/laravel/framework/src/Illuminate/Container/Util.php(40): Illuminate\\Container\\BoundMethod::Illuminate\\Container\\{closure}()
#15 /home/dperez/Documents/Proyectos/laravel-sign/vendor/laravel/framework/src/Illuminate/Container/BoundMethod.php(93): Illuminate\\Container\\Util::unwrapIfClosure()
#16 /home/dperez/Documents/Proyectos/laravel-sign/vendor/laravel/framework/src/Illuminate/Container/BoundMethod.php(35): Illuminate\\Container\\BoundMethod::callBoundMethod()
#17 /home/dperez/Documents/Proyectos/laravel-sign/vendor/laravel/framework/src/Illuminate/Container/Container.php(653): Illuminate\\Container\\BoundMethod::call()
#18 /home/dperez/Documents/Proyectos/laravel-sign/vendor/laravel/framework/src/Illuminate/Foundation/Application.php(926): Illuminate\\Container\\Container->call()
#19 /home/dperez/Documents/Proyectos/laravel-sign/vendor/laravel/framework/src/Illuminate/Foundation/Application.php(907): Illuminate\\Foundation\\Application->bootProvider()
#20 [internal function]: Illuminate\\Foundation\\Application->Illuminate\\Foundation\\{closure}()
#21 /home/dperez/Documents/Proyectos/laravel-sign/vendor/laravel/framework/src/Illuminate/Foundation/Application.php(906): array_walk()
#22 /home/dperez/Documents/Proyectos/laravel-sign/vendor/laravel/framework/src/Illuminate/Foundation/Bootstrap/BootProviders.php(17): Illuminate\\Foundation\\Application->boot()
#23 /home/dperez/Documents/Proyectos/laravel-sign/vendor/laravel/framework/src/Illuminate/Foundation/Application.php(237): Illuminate\\Foundation\\Bootstrap\\BootProviders->bootstrap()
#24 /home/dperez/Documents/Proyectos/laravel-sign/vendor/laravel/framework/src/Illuminate/Foundation/Console/Kernel.php(310): Illuminate\\Foundation\\Application->bootstrapWith()
#25 /home/dperez/Documents/Proyectos/laravel-sign/vendor/laravel/framework/src/Illuminate/Foundation/Console/Kernel.php(127): Illuminate\\Foundation\\Console\\Kernel->bootstrap()
#26 /home/dperez/Documents/Proyectos/laravel-sign/artisan(35): Illuminate\\Foundation\\Console\\Kernel->handle()
#27 {main}
"} 
[2025-05-25 07:31:55] local.ERROR: chdir(): No such file or directory (errno 2) {"exception":"[object] (ErrorException(code: 0): chdir(): No such file or directory (errno 2) at /home/dperez/Documents/Proyectos/laravel-sign/vendor/laravel/framework/src/Illuminate/Foundation/Console/ServeCommand.php:43)
[stacktrace]
#0 [internal function]: Illuminate\\Foundation\\Bootstrap\\HandleExceptions->handleError()
#1 /home/dperez/Documents/Proyectos/laravel-sign/vendor/laravel/framework/src/Illuminate/Foundation/Console/ServeCommand.php(43): chdir()
#2 /home/dperez/Documents/Proyectos/laravel-sign/vendor/laravel/framework/src/Illuminate/Container/BoundMethod.php(36): Illuminate\\Foundation\\Console\\ServeCommand->handle()
#3 /home/dperez/Documents/Proyectos/laravel-sign/vendor/laravel/framework/src/Illuminate/Container/Util.php(40): Illuminate\\Container\\BoundMethod::Illuminate\\Container\\{closure}()
#4 /home/dperez/Documents/Proyectos/laravel-sign/vendor/laravel/framework/src/Illuminate/Container/BoundMethod.php(93): Illuminate\\Container\\Util::unwrapIfClosure()
#5 /home/dperez/Documents/Proyectos/laravel-sign/vendor/laravel/framework/src/Illuminate/Container/BoundMethod.php(35): Illuminate\\Container\\BoundMethod::callBoundMethod()
#6 /home/dperez/Documents/Proyectos/laravel-sign/vendor/laravel/framework/src/Illuminate/Container/Container.php(653): Illuminate\\Container\\BoundMethod::call()
#7 /home/dperez/Documents/Proyectos/laravel-sign/vendor/laravel/framework/src/Illuminate/Console/Command.php(136): Illuminate\\Container\\Container->call()
#8 /home/dperez/Documents/Proyectos/laravel-sign/vendor/symfony/console/Command/Command.php(298): Illuminate\\Console\\Command->execute()
#9 /home/dperez/Documents/Proyectos/laravel-sign/vendor/laravel/framework/src/Illuminate/Console/Command.php(120): Symfony\\Component\\Console\\Command\\Command->run()
#10 /home/dperez/Documents/Proyectos/laravel-sign/vendor/symfony/console/Application.php(1040): Illuminate\\Console\\Command->run()
#11 /home/dperez/Documents/Proyectos/laravel-sign/vendor/symfony/console/Application.php(301): Symfony\\Component\\Console\\Application->doRunCommand()
#12 /home/dperez/Documents/Proyectos/laravel-sign/vendor/symfony/console/Application.php(171): Symfony\\Component\\Console\\Application->doRun()
#13 /home/dperez/Documents/Proyectos/laravel-sign/vendor/laravel/framework/src/Illuminate/Console/Application.php(94): Symfony\\Component\\Console\\Application->run()
#14 /home/dperez/Documents/Proyectos/laravel-sign/vendor/laravel/framework/src/Illuminate/Foundation/Console/Kernel.php(129): Illuminate\\Console\\Application->run()
#15 /home/dperez/Documents/Proyectos/laravel-sign/artisan(35): Illuminate\\Foundation\\Console\\Kernel->handle()
#16 {main}
"} 
[2025-05-27 09:28:56] local.ERROR: Undefined array key "client" {"exception":"[object] (ErrorException(code: 0): Undefined array key \"client\" at /home/dperez/Documents/Proyectos/laravel-sign/app/DTOs/InvoiceDTO.php:20)
[stacktrace]
#0 /home/dperez/Documents/Proyectos/laravel-sign/app/DTOs/InvoiceDTO.php(20): Illuminate\\Foundation\\Bootstrap\\HandleExceptions->handleError()
#1 /home/dperez/Documents/Proyectos/laravel-sign/app/Http/Controllers/InvoiceController.php(26): App\\DTOs\\InvoiceDTO::fromRequest()
#2 /home/dperez/Documents/Proyectos/laravel-sign/vendor/laravel/framework/src/Illuminate/Routing/Controller.php(54): App\\Http\\Controllers\\InvoiceController->createXML()
#3 /home/dperez/Documents/Proyectos/laravel-sign/vendor/laravel/framework/src/Illuminate/Routing/ControllerDispatcher.php(45): Illuminate\\Routing\\Controller->callAction()
#4 /home/dperez/Documents/Proyectos/laravel-sign/vendor/laravel/framework/src/Illuminate/Routing/Route.php(261): Illuminate\\Routing\\ControllerDispatcher->dispatch()
#5 /home/dperez/Documents/Proyectos/laravel-sign/vendor/laravel/framework/src/Illuminate/Routing/Route.php(205): Illuminate\\Routing\\Route->runController()
#6 /home/dperez/Documents/Proyectos/laravel-sign/vendor/laravel/framework/src/Illuminate/Routing/Router.php(721): Illuminate\\Routing\\Route->run()
#7 /home/dperez/Documents/Proyectos/laravel-sign/vendor/laravel/framework/src/Illuminate/Pipeline/Pipeline.php(128): Illuminate\\Routing\\Router->Illuminate\\Routing\\{closure}()
#8 /home/dperez/Documents/Proyectos/laravel-sign/vendor/laravel/framework/src/Illuminate/Routing/Middleware/SubstituteBindings.php(50): Illuminate\\Pipeline\\Pipeline->Illuminate\\Pipeline\\{closure}()
#9 /home/dperez/Documents/Proyectos/laravel-sign/vendor/laravel/framework/src/Illuminate/Pipeline/Pipeline.php(167): Illuminate\\Routing\\Middleware\\SubstituteBindings->handle()
#10 /home/dperez/Documents/Proyectos/laravel-sign/vendor/laravel/framework/src/Illuminate/Routing/Middleware/ThrottleRequests.php(127): Illuminate\\Pipeline\\Pipeline->Illuminate\\Pipeline\\{closure}()
#11 /home/dperez/Documents/Proyectos/laravel-sign/vendor/laravel/framework/src/Illuminate/Routing/Middleware/ThrottleRequests.php(93): Illuminate\\Routing\\Middleware\\ThrottleRequests->handleRequest()
#12 /home/dperez/Documents/Proyectos/laravel-sign/vendor/laravel/framework/src/Illuminate/Routing/Middleware/ThrottleRequests.php(55): Illuminate\\Routing\\Middleware\\ThrottleRequests->handleRequestUsingNamedLimiter()
#13 /home/dperez/Documents/Proyectos/laravel-sign/vendor/laravel/framework/src/Illuminate/Pipeline/Pipeline.php(167): Illuminate\\Routing\\Middleware\\ThrottleRequests->handle()
#14 /home/dperez/Documents/Proyectos/laravel-sign/vendor/laravel/framework/src/Illuminate/Pipeline/Pipeline.php(103): Illuminate\\Pipeline\\Pipeline->Illuminate\\Pipeline\\{closure}()
#15 /home/dperez/Documents/Proyectos/laravel-sign/vendor/laravel/framework/src/Illuminate/Routing/Router.php(719): Illuminate\\Pipeline\\Pipeline->then()
#16 /home/dperez/Documents/Proyectos/laravel-sign/vendor/laravel/framework/src/Illuminate/Routing/Router.php(698): Illuminate\\Routing\\Router->runRouteWithinStack()
#17 /home/dperez/Documents/Proyectos/laravel-sign/vendor/laravel/framework/src/Illuminate/Routing/Router.php(662): Illuminate\\Routing\\Router->runRoute()
#18 /home/dperez/Documents/Proyectos/laravel-sign/vendor/laravel/framework/src/Illuminate/Routing/Router.php(651): Illuminate\\Routing\\Router->dispatchToRoute()
#19 /home/dperez/Documents/Proyectos/laravel-sign/vendor/laravel/framework/src/Illuminate/Foundation/Http/Kernel.php(167): Illuminate\\Routing\\Router->dispatch()
#20 /home/dperez/Documents/Proyectos/laravel-sign/vendor/laravel/framework/src/Illuminate/Pipeline/Pipeline.php(128): Illuminate\\Foundation\\Http\\Kernel->Illuminate\\Foundation\\Http\\{closure}()
#21 /home/dperez/Documents/Proyectos/laravel-sign/vendor/laravel/framework/src/Illuminate/Foundation/Http/Middleware/TransformsRequest.php(21): Illuminate\\Pipeline\\Pipeline->Illuminate\\Pipeline\\{closure}()
#22 /home/dperez/Documents/Proyectos/laravel-sign/vendor/laravel/framework/src/Illuminate/Foundation/Http/Middleware/ConvertEmptyStringsToNull.php(31): Illuminate\\Foundation\\Http\\Middleware\\TransformsRequest->handle()
#23 /home/dperez/Documents/Proyectos/laravel-sign/vendor/laravel/framework/src/Illuminate/Pipeline/Pipeline.php(167): Illuminate\\Foundation\\Http\\Middleware\\ConvertEmptyStringsToNull->handle()
#24 /home/dperez/Documents/Proyectos/laravel-sign/vendor/laravel/framework/src/Illuminate/Foundation/Http/Middleware/TransformsRequest.php(21): Illuminate\\Pipeline\\Pipeline->Illuminate\\Pipeline\\{closure}()
#25 /home/dperez/Documents/Proyectos/laravel-sign/vendor/laravel/framework/src/Illuminate/Foundation/Http/Middleware/TrimStrings.php(40): Illuminate\\Foundation\\Http\\Middleware\\TransformsRequest->handle()
#26 /home/dperez/Documents/Proyectos/laravel-sign/vendor/laravel/framework/src/Illuminate/Pipeline/Pipeline.php(167): Illuminate\\Foundation\\Http\\Middleware\\TrimStrings->handle()
#27 /home/dperez/Documents/Proyectos/laravel-sign/vendor/laravel/framework/src/Illuminate/Foundation/Http/Middleware/ValidatePostSize.php(27): Illuminate\\Pipeline\\Pipeline->Illuminate\\Pipeline\\{closure}()
#28 /home/dperez/Documents/Proyectos/laravel-sign/vendor/laravel/framework/src/Illuminate/Pipeline/Pipeline.php(167): Illuminate\\Foundation\\Http\\Middleware\\ValidatePostSize->handle()
#29 /home/dperez/Documents/Proyectos/laravel-sign/vendor/laravel/framework/src/Illuminate/Foundation/Http/Middleware/PreventRequestsDuringMaintenance.php(86): Illuminate\\Pipeline\\Pipeline->Illuminate\\Pipeline\\{closure}()
#30 /home/dperez/Documents/Proyectos/laravel-sign/vendor/laravel/framework/src/Illuminate/Pipeline/Pipeline.php(167): Illuminate\\Foundation\\Http\\Middleware\\PreventRequestsDuringMaintenance->handle()
#31 /home/dperez/Documents/Proyectos/laravel-sign/vendor/fruitcake/laravel-cors/src/HandleCors.php(52): Illuminate\\Pipeline\\Pipeline->Illuminate\\Pipeline\\{closure}()
#32 /home/dperez/Documents/Proyectos/laravel-sign/vendor/laravel/framework/src/Illuminate/Pipeline/Pipeline.php(167): Fruitcake\\Cors\\HandleCors->handle()
#33 /home/dperez/Documents/Proyectos/laravel-sign/vendor/laravel/framework/src/Illuminate/Http/Middleware/TrustProxies.php(39): Illuminate\\Pipeline\\Pipeline->Illuminate\\Pipeline\\{closure}()
#34 /home/dperez/Documents/Proyectos/laravel-sign/vendor/laravel/framework/src/Illuminate/Pipeline/Pipeline.php(167): Illuminate\\Http\\Middleware\\TrustProxies->handle()
#35 /home/dperez/Documents/Proyectos/laravel-sign/vendor/laravel/framework/src/Illuminate/Pipeline/Pipeline.php(103): Illuminate\\Pipeline\\Pipeline->Illuminate\\Pipeline\\{closure}()
#36 /home/dperez/Documents/Proyectos/laravel-sign/vendor/laravel/framework/src/Illuminate/Foundation/Http/Kernel.php(142): Illuminate\\Pipeline\\Pipeline->then()
#37 /home/dperez/Documents/Proyectos/laravel-sign/vendor/laravel/framework/src/Illuminate/Foundation/Http/Kernel.php(111): Illuminate\\Foundation\\Http\\Kernel->sendRequestThroughRouter()
#38 /home/dperez/Documents/Proyectos/laravel-sign/public/index.php(14): Illuminate\\Foundation\\Http\\Kernel->handle()
#39 /home/dperez/Documents/Proyectos/laravel-sign/server.php(21): require_once('...')
#40 {main}
"} 
[2025-05-27 09:30:16] local.ERROR: Undefined array key "cod_local" {"exception":"[object] (ErrorException(code: 0): Undefined array key \"cod_local\" at /home/dperez/Documents/Proyectos/laravel-sign/app/DTOs/Company/AddressData.php:26)
[stacktrace]
#0 /home/dperez/Documents/Proyectos/laravel-sign/app/DTOs/Company/AddressData.php(26): Illuminate\\Foundation\\Bootstrap\\HandleExceptions->handleError()
#1 /home/dperez/Documents/Proyectos/laravel-sign/app/DTOs/Company/CompanyData.php(20): App\\DTOs\\Company\\AddressData::from()
#2 /home/dperez/Documents/Proyectos/laravel-sign/app/DTOs/InvoiceDTO.php(21): App\\DTOs\\Company\\CompanyData::from()
#3 /home/dperez/Documents/Proyectos/laravel-sign/app/Http/Controllers/InvoiceController.php(26): App\\DTOs\\InvoiceDTO::fromRequest()
#4 /home/dperez/Documents/Proyectos/laravel-sign/vendor/laravel/framework/src/Illuminate/Routing/Controller.php(54): App\\Http\\Controllers\\InvoiceController->createXML()
#5 /home/dperez/Documents/Proyectos/laravel-sign/vendor/laravel/framework/src/Illuminate/Routing/ControllerDispatcher.php(45): Illuminate\\Routing\\Controller->callAction()
#6 /home/dperez/Documents/Proyectos/laravel-sign/vendor/laravel/framework/src/Illuminate/Routing/Route.php(261): Illuminate\\Routing\\ControllerDispatcher->dispatch()
#7 /home/dperez/Documents/Proyectos/laravel-sign/vendor/laravel/framework/src/Illuminate/Routing/Route.php(205): Illuminate\\Routing\\Route->runController()
#8 /home/dperez/Documents/Proyectos/laravel-sign/vendor/laravel/framework/src/Illuminate/Routing/Router.php(721): Illuminate\\Routing\\Route->run()
#9 /home/dperez/Documents/Proyectos/laravel-sign/vendor/laravel/framework/src/Illuminate/Pipeline/Pipeline.php(128): Illuminate\\Routing\\Router->Illuminate\\Routing\\{closure}()
#10 /home/dperez/Documents/Proyectos/laravel-sign/vendor/laravel/framework/src/Illuminate/Routing/Middleware/SubstituteBindings.php(50): Illuminate\\Pipeline\\Pipeline->Illuminate\\Pipeline\\{closure}()
#11 /home/dperez/Documents/Proyectos/laravel-sign/vendor/laravel/framework/src/Illuminate/Pipeline/Pipeline.php(167): Illuminate\\Routing\\Middleware\\SubstituteBindings->handle()
#12 /home/dperez/Documents/Proyectos/laravel-sign/vendor/laravel/framework/src/Illuminate/Routing/Middleware/ThrottleRequests.php(127): Illuminate\\Pipeline\\Pipeline->Illuminate\\Pipeline\\{closure}()
#13 /home/dperez/Documents/Proyectos/laravel-sign/vendor/laravel/framework/src/Illuminate/Routing/Middleware/ThrottleRequests.php(93): Illuminate\\Routing\\Middleware\\ThrottleRequests->handleRequest()
#14 /home/dperez/Documents/Proyectos/laravel-sign/vendor/laravel/framework/src/Illuminate/Routing/Middleware/ThrottleRequests.php(55): Illuminate\\Routing\\Middleware\\ThrottleRequests->handleRequestUsingNamedLimiter()
#15 /home/dperez/Documents/Proyectos/laravel-sign/vendor/laravel/framework/src/Illuminate/Pipeline/Pipeline.php(167): Illuminate\\Routing\\Middleware\\ThrottleRequests->handle()
#16 /home/dperez/Documents/Proyectos/laravel-sign/vendor/laravel/framework/src/Illuminate/Pipeline/Pipeline.php(103): Illuminate\\Pipeline\\Pipeline->Illuminate\\Pipeline\\{closure}()
#17 /home/dperez/Documents/Proyectos/laravel-sign/vendor/laravel/framework/src/Illuminate/Routing/Router.php(719): Illuminate\\Pipeline\\Pipeline->then()
#18 /home/dperez/Documents/Proyectos/laravel-sign/vendor/laravel/framework/src/Illuminate/Routing/Router.php(698): Illuminate\\Routing\\Router->runRouteWithinStack()
#19 /home/dperez/Documents/Proyectos/laravel-sign/vendor/laravel/framework/src/Illuminate/Routing/Router.php(662): Illuminate\\Routing\\Router->runRoute()
#20 /home/dperez/Documents/Proyectos/laravel-sign/vendor/laravel/framework/src/Illuminate/Routing/Router.php(651): Illuminate\\Routing\\Router->dispatchToRoute()
#21 /home/dperez/Documents/Proyectos/laravel-sign/vendor/laravel/framework/src/Illuminate/Foundation/Http/Kernel.php(167): Illuminate\\Routing\\Router->dispatch()
#22 /home/dperez/Documents/Proyectos/laravel-sign/vendor/laravel/framework/src/Illuminate/Pipeline/Pipeline.php(128): Illuminate\\Foundation\\Http\\Kernel->Illuminate\\Foundation\\Http\\{closure}()
#23 /home/dperez/Documents/Proyectos/laravel-sign/vendor/laravel/framework/src/Illuminate/Foundation/Http/Middleware/TransformsRequest.php(21): Illuminate\\Pipeline\\Pipeline->Illuminate\\Pipeline\\{closure}()
#24 /home/dperez/Documents/Proyectos/laravel-sign/vendor/laravel/framework/src/Illuminate/Foundation/Http/Middleware/ConvertEmptyStringsToNull.php(31): Illuminate\\Foundation\\Http\\Middleware\\TransformsRequest->handle()
#25 /home/dperez/Documents/Proyectos/laravel-sign/vendor/laravel/framework/src/Illuminate/Pipeline/Pipeline.php(167): Illuminate\\Foundation\\Http\\Middleware\\ConvertEmptyStringsToNull->handle()
#26 /home/dperez/Documents/Proyectos/laravel-sign/vendor/laravel/framework/src/Illuminate/Foundation/Http/Middleware/TransformsRequest.php(21): Illuminate\\Pipeline\\Pipeline->Illuminate\\Pipeline\\{closure}()
#27 /home/dperez/Documents/Proyectos/laravel-sign/vendor/laravel/framework/src/Illuminate/Foundation/Http/Middleware/TrimStrings.php(40): Illuminate\\Foundation\\Http\\Middleware\\TransformsRequest->handle()
#28 /home/dperez/Documents/Proyectos/laravel-sign/vendor/laravel/framework/src/Illuminate/Pipeline/Pipeline.php(167): Illuminate\\Foundation\\Http\\Middleware\\TrimStrings->handle()
#29 /home/dperez/Documents/Proyectos/laravel-sign/vendor/laravel/framework/src/Illuminate/Foundation/Http/Middleware/ValidatePostSize.php(27): Illuminate\\Pipeline\\Pipeline->Illuminate\\Pipeline\\{closure}()
#30 /home/dperez/Documents/Proyectos/laravel-sign/vendor/laravel/framework/src/Illuminate/Pipeline/Pipeline.php(167): Illuminate\\Foundation\\Http\\Middleware\\ValidatePostSize->handle()
#31 /home/dperez/Documents/Proyectos/laravel-sign/vendor/laravel/framework/src/Illuminate/Foundation/Http/Middleware/PreventRequestsDuringMaintenance.php(86): Illuminate\\Pipeline\\Pipeline->Illuminate\\Pipeline\\{closure}()
#32 /home/dperez/Documents/Proyectos/laravel-sign/vendor/laravel/framework/src/Illuminate/Pipeline/Pipeline.php(167): Illuminate\\Foundation\\Http\\Middleware\\PreventRequestsDuringMaintenance->handle()
#33 /home/dperez/Documents/Proyectos/laravel-sign/vendor/fruitcake/laravel-cors/src/HandleCors.php(52): Illuminate\\Pipeline\\Pipeline->Illuminate\\Pipeline\\{closure}()
#34 /home/dperez/Documents/Proyectos/laravel-sign/vendor/laravel/framework/src/Illuminate/Pipeline/Pipeline.php(167): Fruitcake\\Cors\\HandleCors->handle()
#35 /home/dperez/Documents/Proyectos/laravel-sign/vendor/laravel/framework/src/Illuminate/Http/Middleware/TrustProxies.php(39): Illuminate\\Pipeline\\Pipeline->Illuminate\\Pipeline\\{closure}()
#36 /home/dperez/Documents/Proyectos/laravel-sign/vendor/laravel/framework/src/Illuminate/Pipeline/Pipeline.php(167): Illuminate\\Http\\Middleware\\TrustProxies->handle()
#37 /home/dperez/Documents/Proyectos/laravel-sign/vendor/laravel/framework/src/Illuminate/Pipeline/Pipeline.php(103): Illuminate\\Pipeline\\Pipeline->Illuminate\\Pipeline\\{closure}()
#38 /home/dperez/Documents/Proyectos/laravel-sign/vendor/laravel/framework/src/Illuminate/Foundation/Http/Kernel.php(142): Illuminate\\Pipeline\\Pipeline->then()
#39 /home/dperez/Documents/Proyectos/laravel-sign/vendor/laravel/framework/src/Illuminate/Foundation/Http/Kernel.php(111): Illuminate\\Foundation\\Http\\Kernel->sendRequestThroughRouter()
#40 /home/dperez/Documents/Proyectos/laravel-sign/public/index.php(14): Illuminate\\Foundation\\Http\\Kernel->handle()
#41 /home/dperez/Documents/Proyectos/laravel-sign/server.php(21): require_once('...')
#42 {main}
"} 
[2025-05-28 07:14:58] local.ERROR: Undefined array key "cod_local" {"exception":"[object] (ErrorException(code: 0): Undefined array key \"cod_local\" at /home/dperez/Documents/Proyectos/laravel-sign/app/DTOs/Company/AddressData.php:26)
[stacktrace]
#0 /home/dperez/Documents/Proyectos/laravel-sign/app/DTOs/Company/AddressData.php(26): Illuminate\\Foundation\\Bootstrap\\HandleExceptions->handleError()
#1 /home/dperez/Documents/Proyectos/laravel-sign/app/DTOs/Company/CompanyData.php(20): App\\DTOs\\Company\\AddressData::from()
#2 /home/dperez/Documents/Proyectos/laravel-sign/app/DTOs/InvoiceDTO.php(21): App\\DTOs\\Company\\CompanyData::from()
#3 /home/dperez/Documents/Proyectos/laravel-sign/app/Http/Controllers/InvoiceController.php(26): App\\DTOs\\InvoiceDTO::fromRequest()
#4 /home/dperez/Documents/Proyectos/laravel-sign/vendor/laravel/framework/src/Illuminate/Routing/Controller.php(54): App\\Http\\Controllers\\InvoiceController->createXML()
#5 /home/dperez/Documents/Proyectos/laravel-sign/vendor/laravel/framework/src/Illuminate/Routing/ControllerDispatcher.php(45): Illuminate\\Routing\\Controller->callAction()
#6 /home/dperez/Documents/Proyectos/laravel-sign/vendor/laravel/framework/src/Illuminate/Routing/Route.php(261): Illuminate\\Routing\\ControllerDispatcher->dispatch()
#7 /home/dperez/Documents/Proyectos/laravel-sign/vendor/laravel/framework/src/Illuminate/Routing/Route.php(205): Illuminate\\Routing\\Route->runController()
#8 /home/dperez/Documents/Proyectos/laravel-sign/vendor/laravel/framework/src/Illuminate/Routing/Router.php(721): Illuminate\\Routing\\Route->run()
#9 /home/dperez/Documents/Proyectos/laravel-sign/vendor/laravel/framework/src/Illuminate/Pipeline/Pipeline.php(128): Illuminate\\Routing\\Router->Illuminate\\Routing\\{closure}()
#10 /home/dperez/Documents/Proyectos/laravel-sign/vendor/laravel/framework/src/Illuminate/Routing/Middleware/SubstituteBindings.php(50): Illuminate\\Pipeline\\Pipeline->Illuminate\\Pipeline\\{closure}()
#11 /home/dperez/Documents/Proyectos/laravel-sign/vendor/laravel/framework/src/Illuminate/Pipeline/Pipeline.php(167): Illuminate\\Routing\\Middleware\\SubstituteBindings->handle()
#12 /home/dperez/Documents/Proyectos/laravel-sign/vendor/laravel/framework/src/Illuminate/Routing/Middleware/ThrottleRequests.php(127): Illuminate\\Pipeline\\Pipeline->Illuminate\\Pipeline\\{closure}()
#13 /home/dperez/Documents/Proyectos/laravel-sign/vendor/laravel/framework/src/Illuminate/Routing/Middleware/ThrottleRequests.php(93): Illuminate\\Routing\\Middleware\\ThrottleRequests->handleRequest()
#14 /home/dperez/Documents/Proyectos/laravel-sign/vendor/laravel/framework/src/Illuminate/Routing/Middleware/ThrottleRequests.php(55): Illuminate\\Routing\\Middleware\\ThrottleRequests->handleRequestUsingNamedLimiter()
#15 /home/dperez/Documents/Proyectos/laravel-sign/vendor/laravel/framework/src/Illuminate/Pipeline/Pipeline.php(167): Illuminate\\Routing\\Middleware\\ThrottleRequests->handle()
#16 /home/dperez/Documents/Proyectos/laravel-sign/vendor/laravel/framework/src/Illuminate/Pipeline/Pipeline.php(103): Illuminate\\Pipeline\\Pipeline->Illuminate\\Pipeline\\{closure}()
#17 /home/dperez/Documents/Proyectos/laravel-sign/vendor/laravel/framework/src/Illuminate/Routing/Router.php(719): Illuminate\\Pipeline\\Pipeline->then()
#18 /home/dperez/Documents/Proyectos/laravel-sign/vendor/laravel/framework/src/Illuminate/Routing/Router.php(698): Illuminate\\Routing\\Router->runRouteWithinStack()
#19 /home/dperez/Documents/Proyectos/laravel-sign/vendor/laravel/framework/src/Illuminate/Routing/Router.php(662): Illuminate\\Routing\\Router->runRoute()
#20 /home/dperez/Documents/Proyectos/laravel-sign/vendor/laravel/framework/src/Illuminate/Routing/Router.php(651): Illuminate\\Routing\\Router->dispatchToRoute()
#21 /home/dperez/Documents/Proyectos/laravel-sign/vendor/laravel/framework/src/Illuminate/Foundation/Http/Kernel.php(167): Illuminate\\Routing\\Router->dispatch()
#22 /home/dperez/Documents/Proyectos/laravel-sign/vendor/laravel/framework/src/Illuminate/Pipeline/Pipeline.php(128): Illuminate\\Foundation\\Http\\Kernel->Illuminate\\Foundation\\Http\\{closure}()
#23 /home/dperez/Documents/Proyectos/laravel-sign/vendor/laravel/framework/src/Illuminate/Foundation/Http/Middleware/TransformsRequest.php(21): Illuminate\\Pipeline\\Pipeline->Illuminate\\Pipeline\\{closure}()
#24 /home/dperez/Documents/Proyectos/laravel-sign/vendor/laravel/framework/src/Illuminate/Foundation/Http/Middleware/ConvertEmptyStringsToNull.php(31): Illuminate\\Foundation\\Http\\Middleware\\TransformsRequest->handle()
#25 /home/dperez/Documents/Proyectos/laravel-sign/vendor/laravel/framework/src/Illuminate/Pipeline/Pipeline.php(167): Illuminate\\Foundation\\Http\\Middleware\\ConvertEmptyStringsToNull->handle()
#26 /home/dperez/Documents/Proyectos/laravel-sign/vendor/laravel/framework/src/Illuminate/Foundation/Http/Middleware/TransformsRequest.php(21): Illuminate\\Pipeline\\Pipeline->Illuminate\\Pipeline\\{closure}()
#27 /home/dperez/Documents/Proyectos/laravel-sign/vendor/laravel/framework/src/Illuminate/Foundation/Http/Middleware/TrimStrings.php(40): Illuminate\\Foundation\\Http\\Middleware\\TransformsRequest->handle()
#28 /home/dperez/Documents/Proyectos/laravel-sign/vendor/laravel/framework/src/Illuminate/Pipeline/Pipeline.php(167): Illuminate\\Foundation\\Http\\Middleware\\TrimStrings->handle()
#29 /home/dperez/Documents/Proyectos/laravel-sign/vendor/laravel/framework/src/Illuminate/Foundation/Http/Middleware/ValidatePostSize.php(27): Illuminate\\Pipeline\\Pipeline->Illuminate\\Pipeline\\{closure}()
#30 /home/dperez/Documents/Proyectos/laravel-sign/vendor/laravel/framework/src/Illuminate/Pipeline/Pipeline.php(167): Illuminate\\Foundation\\Http\\Middleware\\ValidatePostSize->handle()
#31 /home/dperez/Documents/Proyectos/laravel-sign/vendor/laravel/framework/src/Illuminate/Foundation/Http/Middleware/PreventRequestsDuringMaintenance.php(86): Illuminate\\Pipeline\\Pipeline->Illuminate\\Pipeline\\{closure}()
#32 /home/dperez/Documents/Proyectos/laravel-sign/vendor/laravel/framework/src/Illuminate/Pipeline/Pipeline.php(167): Illuminate\\Foundation\\Http\\Middleware\\PreventRequestsDuringMaintenance->handle()
#33 /home/dperez/Documents/Proyectos/laravel-sign/vendor/fruitcake/laravel-cors/src/HandleCors.php(52): Illuminate\\Pipeline\\Pipeline->Illuminate\\Pipeline\\{closure}()
#34 /home/dperez/Documents/Proyectos/laravel-sign/vendor/laravel/framework/src/Illuminate/Pipeline/Pipeline.php(167): Fruitcake\\Cors\\HandleCors->handle()
#35 /home/dperez/Documents/Proyectos/laravel-sign/vendor/laravel/framework/src/Illuminate/Http/Middleware/TrustProxies.php(39): Illuminate\\Pipeline\\Pipeline->Illuminate\\Pipeline\\{closure}()
#36 /home/dperez/Documents/Proyectos/laravel-sign/vendor/laravel/framework/src/Illuminate/Pipeline/Pipeline.php(167): Illuminate\\Http\\Middleware\\TrustProxies->handle()
#37 /home/dperez/Documents/Proyectos/laravel-sign/vendor/laravel/framework/src/Illuminate/Pipeline/Pipeline.php(103): Illuminate\\Pipeline\\Pipeline->Illuminate\\Pipeline\\{closure}()
#38 /home/dperez/Documents/Proyectos/laravel-sign/vendor/laravel/framework/src/Illuminate/Foundation/Http/Kernel.php(142): Illuminate\\Pipeline\\Pipeline->then()
#39 /home/dperez/Documents/Proyectos/laravel-sign/vendor/laravel/framework/src/Illuminate/Foundation/Http/Kernel.php(111): Illuminate\\Foundation\\Http\\Kernel->sendRequestThroughRouter()
#40 /home/dperez/Documents/Proyectos/laravel-sign/public/index.php(14): Illuminate\\Foundation\\Http\\Kernel->handle()
#41 /home/dperez/Documents/Proyectos/laravel-sign/server.php(21): require_once('...')
#42 {main}
"} 
[2025-05-28 07:15:54] local.ERROR: App\DTOs\Company\AddressData::__construct(): Argument #4 ($distrito) must be of type string, null given, called in /home/dperez/Documents/Proyectos/laravel-sign/app/DTOs/Company/AddressData.php on line 19 {"exception":"[object] (TypeError(code: 0): App\\DTOs\\Company\\AddressData::__construct(): Argument #4 ($distrito) must be of type string, null given, called in /home/dperez/Documents/Proyectos/laravel-sign/app/DTOs/Company/AddressData.php on line 19 at /home/dperez/Documents/Proyectos/laravel-sign/app/DTOs/Company/AddressData.php:7)
[stacktrace]
#0 /home/dperez/Documents/Proyectos/laravel-sign/app/DTOs/Company/AddressData.php(19): App\\DTOs\\Company\\AddressData->__construct()
#1 /home/dperez/Documents/Proyectos/laravel-sign/app/DTOs/Company/CompanyData.php(20): App\\DTOs\\Company\\AddressData::from()
#2 /home/dperez/Documents/Proyectos/laravel-sign/app/DTOs/InvoiceDTO.php(21): App\\DTOs\\Company\\CompanyData::from()
#3 /home/dperez/Documents/Proyectos/laravel-sign/app/Http/Controllers/InvoiceController.php(26): App\\DTOs\\InvoiceDTO::fromRequest()
#4 /home/dperez/Documents/Proyectos/laravel-sign/vendor/laravel/framework/src/Illuminate/Routing/Controller.php(54): App\\Http\\Controllers\\InvoiceController->createXML()
#5 /home/dperez/Documents/Proyectos/laravel-sign/vendor/laravel/framework/src/Illuminate/Routing/ControllerDispatcher.php(45): Illuminate\\Routing\\Controller->callAction()
#6 /home/dperez/Documents/Proyectos/laravel-sign/vendor/laravel/framework/src/Illuminate/Routing/Route.php(261): Illuminate\\Routing\\ControllerDispatcher->dispatch()
#7 /home/dperez/Documents/Proyectos/laravel-sign/vendor/laravel/framework/src/Illuminate/Routing/Route.php(205): Illuminate\\Routing\\Route->runController()
#8 /home/dperez/Documents/Proyectos/laravel-sign/vendor/laravel/framework/src/Illuminate/Routing/Router.php(721): Illuminate\\Routing\\Route->run()
#9 /home/dperez/Documents/Proyectos/laravel-sign/vendor/laravel/framework/src/Illuminate/Pipeline/Pipeline.php(128): Illuminate\\Routing\\Router->Illuminate\\Routing\\{closure}()
#10 /home/dperez/Documents/Proyectos/laravel-sign/vendor/laravel/framework/src/Illuminate/Routing/Middleware/SubstituteBindings.php(50): Illuminate\\Pipeline\\Pipeline->Illuminate\\Pipeline\\{closure}()
#11 /home/dperez/Documents/Proyectos/laravel-sign/vendor/laravel/framework/src/Illuminate/Pipeline/Pipeline.php(167): Illuminate\\Routing\\Middleware\\SubstituteBindings->handle()
#12 /home/dperez/Documents/Proyectos/laravel-sign/vendor/laravel/framework/src/Illuminate/Routing/Middleware/ThrottleRequests.php(127): Illuminate\\Pipeline\\Pipeline->Illuminate\\Pipeline\\{closure}()
#13 /home/dperez/Documents/Proyectos/laravel-sign/vendor/laravel/framework/src/Illuminate/Routing/Middleware/ThrottleRequests.php(93): Illuminate\\Routing\\Middleware\\ThrottleRequests->handleRequest()
#14 /home/dperez/Documents/Proyectos/laravel-sign/vendor/laravel/framework/src/Illuminate/Routing/Middleware/ThrottleRequests.php(55): Illuminate\\Routing\\Middleware\\ThrottleRequests->handleRequestUsingNamedLimiter()
#15 /home/dperez/Documents/Proyectos/laravel-sign/vendor/laravel/framework/src/Illuminate/Pipeline/Pipeline.php(167): Illuminate\\Routing\\Middleware\\ThrottleRequests->handle()
#16 /home/dperez/Documents/Proyectos/laravel-sign/vendor/laravel/framework/src/Illuminate/Pipeline/Pipeline.php(103): Illuminate\\Pipeline\\Pipeline->Illuminate\\Pipeline\\{closure}()
#17 /home/dperez/Documents/Proyectos/laravel-sign/vendor/laravel/framework/src/Illuminate/Routing/Router.php(719): Illuminate\\Pipeline\\Pipeline->then()
#18 /home/dperez/Documents/Proyectos/laravel-sign/vendor/laravel/framework/src/Illuminate/Routing/Router.php(698): Illuminate\\Routing\\Router->runRouteWithinStack()
#19 /home/dperez/Documents/Proyectos/laravel-sign/vendor/laravel/framework/src/Illuminate/Routing/Router.php(662): Illuminate\\Routing\\Router->runRoute()
#20 /home/dperez/Documents/Proyectos/laravel-sign/vendor/laravel/framework/src/Illuminate/Routing/Router.php(651): Illuminate\\Routing\\Router->dispatchToRoute()
#21 /home/dperez/Documents/Proyectos/laravel-sign/vendor/laravel/framework/src/Illuminate/Foundation/Http/Kernel.php(167): Illuminate\\Routing\\Router->dispatch()
#22 /home/dperez/Documents/Proyectos/laravel-sign/vendor/laravel/framework/src/Illuminate/Pipeline/Pipeline.php(128): Illuminate\\Foundation\\Http\\Kernel->Illuminate\\Foundation\\Http\\{closure}()
#23 /home/dperez/Documents/Proyectos/laravel-sign/vendor/laravel/framework/src/Illuminate/Foundation/Http/Middleware/TransformsRequest.php(21): Illuminate\\Pipeline\\Pipeline->Illuminate\\Pipeline\\{closure}()
#24 /home/dperez/Documents/Proyectos/laravel-sign/vendor/laravel/framework/src/Illuminate/Foundation/Http/Middleware/ConvertEmptyStringsToNull.php(31): Illuminate\\Foundation\\Http\\Middleware\\TransformsRequest->handle()
#25 /home/dperez/Documents/Proyectos/laravel-sign/vendor/laravel/framework/src/Illuminate/Pipeline/Pipeline.php(167): Illuminate\\Foundation\\Http\\Middleware\\ConvertEmptyStringsToNull->handle()
#26 /home/dperez/Documents/Proyectos/laravel-sign/vendor/laravel/framework/src/Illuminate/Foundation/Http/Middleware/TransformsRequest.php(21): Illuminate\\Pipeline\\Pipeline->Illuminate\\Pipeline\\{closure}()
#27 /home/dperez/Documents/Proyectos/laravel-sign/vendor/laravel/framework/src/Illuminate/Foundation/Http/Middleware/TrimStrings.php(40): Illuminate\\Foundation\\Http\\Middleware\\TransformsRequest->handle()
#28 /home/dperez/Documents/Proyectos/laravel-sign/vendor/laravel/framework/src/Illuminate/Pipeline/Pipeline.php(167): Illuminate\\Foundation\\Http\\Middleware\\TrimStrings->handle()
#29 /home/dperez/Documents/Proyectos/laravel-sign/vendor/laravel/framework/src/Illuminate/Foundation/Http/Middleware/ValidatePostSize.php(27): Illuminate\\Pipeline\\Pipeline->Illuminate\\Pipeline\\{closure}()
#30 /home/dperez/Documents/Proyectos/laravel-sign/vendor/laravel/framework/src/Illuminate/Pipeline/Pipeline.php(167): Illuminate\\Foundation\\Http\\Middleware\\ValidatePostSize->handle()
#31 /home/dperez/Documents/Proyectos/laravel-sign/vendor/laravel/framework/src/Illuminate/Foundation/Http/Middleware/PreventRequestsDuringMaintenance.php(86): Illuminate\\Pipeline\\Pipeline->Illuminate\\Pipeline\\{closure}()
#32 /home/dperez/Documents/Proyectos/laravel-sign/vendor/laravel/framework/src/Illuminate/Pipeline/Pipeline.php(167): Illuminate\\Foundation\\Http\\Middleware\\PreventRequestsDuringMaintenance->handle()
#33 /home/dperez/Documents/Proyectos/laravel-sign/vendor/fruitcake/laravel-cors/src/HandleCors.php(52): Illuminate\\Pipeline\\Pipeline->Illuminate\\Pipeline\\{closure}()
#34 /home/dperez/Documents/Proyectos/laravel-sign/vendor/laravel/framework/src/Illuminate/Pipeline/Pipeline.php(167): Fruitcake\\Cors\\HandleCors->handle()
#35 /home/dperez/Documents/Proyectos/laravel-sign/vendor/laravel/framework/src/Illuminate/Http/Middleware/TrustProxies.php(39): Illuminate\\Pipeline\\Pipeline->Illuminate\\Pipeline\\{closure}()
#36 /home/dperez/Documents/Proyectos/laravel-sign/vendor/laravel/framework/src/Illuminate/Pipeline/Pipeline.php(167): Illuminate\\Http\\Middleware\\TrustProxies->handle()
#37 /home/dperez/Documents/Proyectos/laravel-sign/vendor/laravel/framework/src/Illuminate/Pipeline/Pipeline.php(103): Illuminate\\Pipeline\\Pipeline->Illuminate\\Pipeline\\{closure}()
#38 /home/dperez/Documents/Proyectos/laravel-sign/vendor/laravel/framework/src/Illuminate/Foundation/Http/Kernel.php(142): Illuminate\\Pipeline\\Pipeline->then()
#39 /home/dperez/Documents/Proyectos/laravel-sign/vendor/laravel/framework/src/Illuminate/Foundation/Http/Kernel.php(111): Illuminate\\Foundation\\Http\\Kernel->sendRequestThroughRouter()
#40 /home/dperez/Documents/Proyectos/laravel-sign/public/index.php(14): Illuminate\\Foundation\\Http\\Kernel->handle()
#41 /home/dperez/Documents/Proyectos/laravel-sign/server.php(21): require_once('...')
#42 {main}
"} 
[2025-05-28 07:16:57] local.ERROR: App\DTOs\Company\AddressData::__construct(): Argument #6 ($direccion) must be of type string, null given, called in /home/dperez/Documents/Proyectos/laravel-sign/app/DTOs/Company/AddressData.php on line 19 {"exception":"[object] (TypeError(code: 0): App\\DTOs\\Company\\AddressData::__construct(): Argument #6 ($direccion) must be of type string, null given, called in /home/dperez/Documents/Proyectos/laravel-sign/app/DTOs/Company/AddressData.php on line 19 at /home/dperez/Documents/Proyectos/laravel-sign/app/DTOs/Company/AddressData.php:7)
[stacktrace]
#0 /home/dperez/Documents/Proyectos/laravel-sign/app/DTOs/Company/AddressData.php(19): App\\DTOs\\Company\\AddressData->__construct()
#1 /home/dperez/Documents/Proyectos/laravel-sign/app/DTOs/Company/CompanyData.php(20): App\\DTOs\\Company\\AddressData::from()
#2 /home/dperez/Documents/Proyectos/laravel-sign/app/DTOs/InvoiceDTO.php(21): App\\DTOs\\Company\\CompanyData::from()
#3 /home/dperez/Documents/Proyectos/laravel-sign/app/Http/Controllers/InvoiceController.php(26): App\\DTOs\\InvoiceDTO::fromRequest()
#4 /home/dperez/Documents/Proyectos/laravel-sign/vendor/laravel/framework/src/Illuminate/Routing/Controller.php(54): App\\Http\\Controllers\\InvoiceController->createXML()
#5 /home/dperez/Documents/Proyectos/laravel-sign/vendor/laravel/framework/src/Illuminate/Routing/ControllerDispatcher.php(45): Illuminate\\Routing\\Controller->callAction()
#6 /home/dperez/Documents/Proyectos/laravel-sign/vendor/laravel/framework/src/Illuminate/Routing/Route.php(261): Illuminate\\Routing\\ControllerDispatcher->dispatch()
#7 /home/dperez/Documents/Proyectos/laravel-sign/vendor/laravel/framework/src/Illuminate/Routing/Route.php(205): Illuminate\\Routing\\Route->runController()
#8 /home/dperez/Documents/Proyectos/laravel-sign/vendor/laravel/framework/src/Illuminate/Routing/Router.php(721): Illuminate\\Routing\\Route->run()
#9 /home/dperez/Documents/Proyectos/laravel-sign/vendor/laravel/framework/src/Illuminate/Pipeline/Pipeline.php(128): Illuminate\\Routing\\Router->Illuminate\\Routing\\{closure}()
#10 /home/dperez/Documents/Proyectos/laravel-sign/vendor/laravel/framework/src/Illuminate/Routing/Middleware/SubstituteBindings.php(50): Illuminate\\Pipeline\\Pipeline->Illuminate\\Pipeline\\{closure}()
#11 /home/dperez/Documents/Proyectos/laravel-sign/vendor/laravel/framework/src/Illuminate/Pipeline/Pipeline.php(167): Illuminate\\Routing\\Middleware\\SubstituteBindings->handle()
#12 /home/dperez/Documents/Proyectos/laravel-sign/vendor/laravel/framework/src/Illuminate/Routing/Middleware/ThrottleRequests.php(127): Illuminate\\Pipeline\\Pipeline->Illuminate\\Pipeline\\{closure}()
#13 /home/dperez/Documents/Proyectos/laravel-sign/vendor/laravel/framework/src/Illuminate/Routing/Middleware/ThrottleRequests.php(93): Illuminate\\Routing\\Middleware\\ThrottleRequests->handleRequest()
#14 /home/dperez/Documents/Proyectos/laravel-sign/vendor/laravel/framework/src/Illuminate/Routing/Middleware/ThrottleRequests.php(55): Illuminate\\Routing\\Middleware\\ThrottleRequests->handleRequestUsingNamedLimiter()
#15 /home/dperez/Documents/Proyectos/laravel-sign/vendor/laravel/framework/src/Illuminate/Pipeline/Pipeline.php(167): Illuminate\\Routing\\Middleware\\ThrottleRequests->handle()
#16 /home/dperez/Documents/Proyectos/laravel-sign/vendor/laravel/framework/src/Illuminate/Pipeline/Pipeline.php(103): Illuminate\\Pipeline\\Pipeline->Illuminate\\Pipeline\\{closure}()
#17 /home/dperez/Documents/Proyectos/laravel-sign/vendor/laravel/framework/src/Illuminate/Routing/Router.php(719): Illuminate\\Pipeline\\Pipeline->then()
#18 /home/dperez/Documents/Proyectos/laravel-sign/vendor/laravel/framework/src/Illuminate/Routing/Router.php(698): Illuminate\\Routing\\Router->runRouteWithinStack()
#19 /home/dperez/Documents/Proyectos/laravel-sign/vendor/laravel/framework/src/Illuminate/Routing/Router.php(662): Illuminate\\Routing\\Router->runRoute()
#20 /home/dperez/Documents/Proyectos/laravel-sign/vendor/laravel/framework/src/Illuminate/Routing/Router.php(651): Illuminate\\Routing\\Router->dispatchToRoute()
#21 /home/dperez/Documents/Proyectos/laravel-sign/vendor/laravel/framework/src/Illuminate/Foundation/Http/Kernel.php(167): Illuminate\\Routing\\Router->dispatch()
#22 /home/dperez/Documents/Proyectos/laravel-sign/vendor/laravel/framework/src/Illuminate/Pipeline/Pipeline.php(128): Illuminate\\Foundation\\Http\\Kernel->Illuminate\\Foundation\\Http\\{closure}()
#23 /home/dperez/Documents/Proyectos/laravel-sign/vendor/laravel/framework/src/Illuminate/Foundation/Http/Middleware/TransformsRequest.php(21): Illuminate\\Pipeline\\Pipeline->Illuminate\\Pipeline\\{closure}()
#24 /home/dperez/Documents/Proyectos/laravel-sign/vendor/laravel/framework/src/Illuminate/Foundation/Http/Middleware/ConvertEmptyStringsToNull.php(31): Illuminate\\Foundation\\Http\\Middleware\\TransformsRequest->handle()
#25 /home/dperez/Documents/Proyectos/laravel-sign/vendor/laravel/framework/src/Illuminate/Pipeline/Pipeline.php(167): Illuminate\\Foundation\\Http\\Middleware\\ConvertEmptyStringsToNull->handle()
#26 /home/dperez/Documents/Proyectos/laravel-sign/vendor/laravel/framework/src/Illuminate/Foundation/Http/Middleware/TransformsRequest.php(21): Illuminate\\Pipeline\\Pipeline->Illuminate\\Pipeline\\{closure}()
#27 /home/dperez/Documents/Proyectos/laravel-sign/vendor/laravel/framework/src/Illuminate/Foundation/Http/Middleware/TrimStrings.php(40): Illuminate\\Foundation\\Http\\Middleware\\TransformsRequest->handle()
#28 /home/dperez/Documents/Proyectos/laravel-sign/vendor/laravel/framework/src/Illuminate/Pipeline/Pipeline.php(167): Illuminate\\Foundation\\Http\\Middleware\\TrimStrings->handle()
#29 /home/dperez/Documents/Proyectos/laravel-sign/vendor/laravel/framework/src/Illuminate/Foundation/Http/Middleware/ValidatePostSize.php(27): Illuminate\\Pipeline\\Pipeline->Illuminate\\Pipeline\\{closure}()
#30 /home/dperez/Documents/Proyectos/laravel-sign/vendor/laravel/framework/src/Illuminate/Pipeline/Pipeline.php(167): Illuminate\\Foundation\\Http\\Middleware\\ValidatePostSize->handle()
#31 /home/dperez/Documents/Proyectos/laravel-sign/vendor/laravel/framework/src/Illuminate/Foundation/Http/Middleware/PreventRequestsDuringMaintenance.php(86): Illuminate\\Pipeline\\Pipeline->Illuminate\\Pipeline\\{closure}()
#32 /home/dperez/Documents/Proyectos/laravel-sign/vendor/laravel/framework/src/Illuminate/Pipeline/Pipeline.php(167): Illuminate\\Foundation\\Http\\Middleware\\PreventRequestsDuringMaintenance->handle()
#33 /home/dperez/Documents/Proyectos/laravel-sign/vendor/fruitcake/laravel-cors/src/HandleCors.php(52): Illuminate\\Pipeline\\Pipeline->Illuminate\\Pipeline\\{closure}()
#34 /home/dperez/Documents/Proyectos/laravel-sign/vendor/laravel/framework/src/Illuminate/Pipeline/Pipeline.php(167): Fruitcake\\Cors\\HandleCors->handle()
#35 /home/dperez/Documents/Proyectos/laravel-sign/vendor/laravel/framework/src/Illuminate/Http/Middleware/TrustProxies.php(39): Illuminate\\Pipeline\\Pipeline->Illuminate\\Pipeline\\{closure}()
#36 /home/dperez/Documents/Proyectos/laravel-sign/vendor/laravel/framework/src/Illuminate/Pipeline/Pipeline.php(167): Illuminate\\Http\\Middleware\\TrustProxies->handle()
#37 /home/dperez/Documents/Proyectos/laravel-sign/vendor/laravel/framework/src/Illuminate/Pipeline/Pipeline.php(103): Illuminate\\Pipeline\\Pipeline->Illuminate\\Pipeline\\{closure}()
#38 /home/dperez/Documents/Proyectos/laravel-sign/vendor/laravel/framework/src/Illuminate/Foundation/Http/Kernel.php(142): Illuminate\\Pipeline\\Pipeline->then()
#39 /home/dperez/Documents/Proyectos/laravel-sign/vendor/laravel/framework/src/Illuminate/Foundation/Http/Kernel.php(111): Illuminate\\Foundation\\Http\\Kernel->sendRequestThroughRouter()
#40 /home/dperez/Documents/Proyectos/laravel-sign/public/index.php(14): Illuminate\\Foundation\\Http\\Kernel->handle()
#41 /home/dperez/Documents/Proyectos/laravel-sign/server.php(21): require_once('...')
#42 {main}
"} 
[2025-05-28 07:17:08] local.ERROR: La fecha no puede estar vacía {"exception":"[object] (InvalidArgumentException(code: 0): La fecha no puede estar vacía at /home/dperez/Documents/Proyectos/laravel-sign/app/DTOs/Invoice/InvoiceData.php:33)
[stacktrace]
#0 /home/dperez/Documents/Proyectos/laravel-sign/app/DTOs/Invoice/InvoiceData.php(47): App\\DTOs\\Invoice\\InvoiceData::createDateTime()
#1 /home/dperez/Documents/Proyectos/laravel-sign/app/DTOs/InvoiceDTO.php(22): App\\DTOs\\Invoice\\InvoiceData::from()
#2 /home/dperez/Documents/Proyectos/laravel-sign/app/Http/Controllers/InvoiceController.php(26): App\\DTOs\\InvoiceDTO::fromRequest()
#3 /home/dperez/Documents/Proyectos/laravel-sign/vendor/laravel/framework/src/Illuminate/Routing/Controller.php(54): App\\Http\\Controllers\\InvoiceController->createXML()
#4 /home/dperez/Documents/Proyectos/laravel-sign/vendor/laravel/framework/src/Illuminate/Routing/ControllerDispatcher.php(45): Illuminate\\Routing\\Controller->callAction()
#5 /home/dperez/Documents/Proyectos/laravel-sign/vendor/laravel/framework/src/Illuminate/Routing/Route.php(261): Illuminate\\Routing\\ControllerDispatcher->dispatch()
#6 /home/dperez/Documents/Proyectos/laravel-sign/vendor/laravel/framework/src/Illuminate/Routing/Route.php(205): Illuminate\\Routing\\Route->runController()
#7 /home/dperez/Documents/Proyectos/laravel-sign/vendor/laravel/framework/src/Illuminate/Routing/Router.php(721): Illuminate\\Routing\\Route->run()
#8 /home/dperez/Documents/Proyectos/laravel-sign/vendor/laravel/framework/src/Illuminate/Pipeline/Pipeline.php(128): Illuminate\\Routing\\Router->Illuminate\\Routing\\{closure}()
#9 /home/dperez/Documents/Proyectos/laravel-sign/vendor/laravel/framework/src/Illuminate/Routing/Middleware/SubstituteBindings.php(50): Illuminate\\Pipeline\\Pipeline->Illuminate\\Pipeline\\{closure}()
#10 /home/dperez/Documents/Proyectos/laravel-sign/vendor/laravel/framework/src/Illuminate/Pipeline/Pipeline.php(167): Illuminate\\Routing\\Middleware\\SubstituteBindings->handle()
#11 /home/dperez/Documents/Proyectos/laravel-sign/vendor/laravel/framework/src/Illuminate/Routing/Middleware/ThrottleRequests.php(127): Illuminate\\Pipeline\\Pipeline->Illuminate\\Pipeline\\{closure}()
#12 /home/dperez/Documents/Proyectos/laravel-sign/vendor/laravel/framework/src/Illuminate/Routing/Middleware/ThrottleRequests.php(93): Illuminate\\Routing\\Middleware\\ThrottleRequests->handleRequest()
#13 /home/dperez/Documents/Proyectos/laravel-sign/vendor/laravel/framework/src/Illuminate/Routing/Middleware/ThrottleRequests.php(55): Illuminate\\Routing\\Middleware\\ThrottleRequests->handleRequestUsingNamedLimiter()
#14 /home/dperez/Documents/Proyectos/laravel-sign/vendor/laravel/framework/src/Illuminate/Pipeline/Pipeline.php(167): Illuminate\\Routing\\Middleware\\ThrottleRequests->handle()
#15 /home/dperez/Documents/Proyectos/laravel-sign/vendor/laravel/framework/src/Illuminate/Pipeline/Pipeline.php(103): Illuminate\\Pipeline\\Pipeline->Illuminate\\Pipeline\\{closure}()
#16 /home/dperez/Documents/Proyectos/laravel-sign/vendor/laravel/framework/src/Illuminate/Routing/Router.php(719): Illuminate\\Pipeline\\Pipeline->then()
#17 /home/dperez/Documents/Proyectos/laravel-sign/vendor/laravel/framework/src/Illuminate/Routing/Router.php(698): Illuminate\\Routing\\Router->runRouteWithinStack()
#18 /home/dperez/Documents/Proyectos/laravel-sign/vendor/laravel/framework/src/Illuminate/Routing/Router.php(662): Illuminate\\Routing\\Router->runRoute()
#19 /home/dperez/Documents/Proyectos/laravel-sign/vendor/laravel/framework/src/Illuminate/Routing/Router.php(651): Illuminate\\Routing\\Router->dispatchToRoute()
#20 /home/dperez/Documents/Proyectos/laravel-sign/vendor/laravel/framework/src/Illuminate/Foundation/Http/Kernel.php(167): Illuminate\\Routing\\Router->dispatch()
#21 /home/dperez/Documents/Proyectos/laravel-sign/vendor/laravel/framework/src/Illuminate/Pipeline/Pipeline.php(128): Illuminate\\Foundation\\Http\\Kernel->Illuminate\\Foundation\\Http\\{closure}()
#22 /home/dperez/Documents/Proyectos/laravel-sign/vendor/laravel/framework/src/Illuminate/Foundation/Http/Middleware/TransformsRequest.php(21): Illuminate\\Pipeline\\Pipeline->Illuminate\\Pipeline\\{closure}()
#23 /home/dperez/Documents/Proyectos/laravel-sign/vendor/laravel/framework/src/Illuminate/Foundation/Http/Middleware/ConvertEmptyStringsToNull.php(31): Illuminate\\Foundation\\Http\\Middleware\\TransformsRequest->handle()
#24 /home/dperez/Documents/Proyectos/laravel-sign/vendor/laravel/framework/src/Illuminate/Pipeline/Pipeline.php(167): Illuminate\\Foundation\\Http\\Middleware\\ConvertEmptyStringsToNull->handle()
#25 /home/dperez/Documents/Proyectos/laravel-sign/vendor/laravel/framework/src/Illuminate/Foundation/Http/Middleware/TransformsRequest.php(21): Illuminate\\Pipeline\\Pipeline->Illuminate\\Pipeline\\{closure}()
#26 /home/dperez/Documents/Proyectos/laravel-sign/vendor/laravel/framework/src/Illuminate/Foundation/Http/Middleware/TrimStrings.php(40): Illuminate\\Foundation\\Http\\Middleware\\TransformsRequest->handle()
#27 /home/dperez/Documents/Proyectos/laravel-sign/vendor/laravel/framework/src/Illuminate/Pipeline/Pipeline.php(167): Illuminate\\Foundation\\Http\\Middleware\\TrimStrings->handle()
#28 /home/dperez/Documents/Proyectos/laravel-sign/vendor/laravel/framework/src/Illuminate/Foundation/Http/Middleware/ValidatePostSize.php(27): Illuminate\\Pipeline\\Pipeline->Illuminate\\Pipeline\\{closure}()
#29 /home/dperez/Documents/Proyectos/laravel-sign/vendor/laravel/framework/src/Illuminate/Pipeline/Pipeline.php(167): Illuminate\\Foundation\\Http\\Middleware\\ValidatePostSize->handle()
#30 /home/dperez/Documents/Proyectos/laravel-sign/vendor/laravel/framework/src/Illuminate/Foundation/Http/Middleware/PreventRequestsDuringMaintenance.php(86): Illuminate\\Pipeline\\Pipeline->Illuminate\\Pipeline\\{closure}()
#31 /home/dperez/Documents/Proyectos/laravel-sign/vendor/laravel/framework/src/Illuminate/Pipeline/Pipeline.php(167): Illuminate\\Foundation\\Http\\Middleware\\PreventRequestsDuringMaintenance->handle()
#32 /home/dperez/Documents/Proyectos/laravel-sign/vendor/fruitcake/laravel-cors/src/HandleCors.php(52): Illuminate\\Pipeline\\Pipeline->Illuminate\\Pipeline\\{closure}()
#33 /home/dperez/Documents/Proyectos/laravel-sign/vendor/laravel/framework/src/Illuminate/Pipeline/Pipeline.php(167): Fruitcake\\Cors\\HandleCors->handle()
#34 /home/dperez/Documents/Proyectos/laravel-sign/vendor/laravel/framework/src/Illuminate/Http/Middleware/TrustProxies.php(39): Illuminate\\Pipeline\\Pipeline->Illuminate\\Pipeline\\{closure}()
#35 /home/dperez/Documents/Proyectos/laravel-sign/vendor/laravel/framework/src/Illuminate/Pipeline/Pipeline.php(167): Illuminate\\Http\\Middleware\\TrustProxies->handle()
#36 /home/dperez/Documents/Proyectos/laravel-sign/vendor/laravel/framework/src/Illuminate/Pipeline/Pipeline.php(103): Illuminate\\Pipeline\\Pipeline->Illuminate\\Pipeline\\{closure}()
#37 /home/dperez/Documents/Proyectos/laravel-sign/vendor/laravel/framework/src/Illuminate/Foundation/Http/Kernel.php(142): Illuminate\\Pipeline\\Pipeline->then()
#38 /home/dperez/Documents/Proyectos/laravel-sign/vendor/laravel/framework/src/Illuminate/Foundation/Http/Kernel.php(111): Illuminate\\Foundation\\Http\\Kernel->sendRequestThroughRouter()
#39 /home/dperez/Documents/Proyectos/laravel-sign/public/index.php(14): Illuminate\\Foundation\\Http\\Kernel->handle()
#40 /home/dperez/Documents/Proyectos/laravel-sign/server.php(21): require_once('...')
#41 {main}
"} 
[2025-05-28 07:19:58] local.ERROR: Undefined array key "oper_exoneradas" {"exception":"[object] (ErrorException(code: 0): Undefined array key \"oper_exoneradas\" at /home/dperez/Documents/Proyectos/laravel-sign/app/DTOs/Invoice/InvoiceMontosData.php:25)
[stacktrace]
#0 /home/dperez/Documents/Proyectos/laravel-sign/app/DTOs/Invoice/InvoiceMontosData.php(25): Illuminate\\Foundation\\Bootstrap\\HandleExceptions->handleError()
#1 /home/dperez/Documents/Proyectos/laravel-sign/app/DTOs/Invoice/InvoiceData.php(55): App\\DTOs\\Invoice\\InvoiceMontosData::from()
#2 /home/dperez/Documents/Proyectos/laravel-sign/app/DTOs/InvoiceDTO.php(22): App\\DTOs\\Invoice\\InvoiceData::from()
#3 /home/dperez/Documents/Proyectos/laravel-sign/app/Http/Controllers/InvoiceController.php(26): App\\DTOs\\InvoiceDTO::fromRequest()
#4 /home/dperez/Documents/Proyectos/laravel-sign/vendor/laravel/framework/src/Illuminate/Routing/Controller.php(54): App\\Http\\Controllers\\InvoiceController->createXML()
#5 /home/dperez/Documents/Proyectos/laravel-sign/vendor/laravel/framework/src/Illuminate/Routing/ControllerDispatcher.php(45): Illuminate\\Routing\\Controller->callAction()
#6 /home/dperez/Documents/Proyectos/laravel-sign/vendor/laravel/framework/src/Illuminate/Routing/Route.php(261): Illuminate\\Routing\\ControllerDispatcher->dispatch()
#7 /home/dperez/Documents/Proyectos/laravel-sign/vendor/laravel/framework/src/Illuminate/Routing/Route.php(205): Illuminate\\Routing\\Route->runController()
#8 /home/dperez/Documents/Proyectos/laravel-sign/vendor/laravel/framework/src/Illuminate/Routing/Router.php(721): Illuminate\\Routing\\Route->run()
#9 /home/dperez/Documents/Proyectos/laravel-sign/vendor/laravel/framework/src/Illuminate/Pipeline/Pipeline.php(128): Illuminate\\Routing\\Router->Illuminate\\Routing\\{closure}()
#10 /home/dperez/Documents/Proyectos/laravel-sign/vendor/laravel/framework/src/Illuminate/Routing/Middleware/SubstituteBindings.php(50): Illuminate\\Pipeline\\Pipeline->Illuminate\\Pipeline\\{closure}()
#11 /home/dperez/Documents/Proyectos/laravel-sign/vendor/laravel/framework/src/Illuminate/Pipeline/Pipeline.php(167): Illuminate\\Routing\\Middleware\\SubstituteBindings->handle()
#12 /home/dperez/Documents/Proyectos/laravel-sign/vendor/laravel/framework/src/Illuminate/Routing/Middleware/ThrottleRequests.php(127): Illuminate\\Pipeline\\Pipeline->Illuminate\\Pipeline\\{closure}()
#13 /home/dperez/Documents/Proyectos/laravel-sign/vendor/laravel/framework/src/Illuminate/Routing/Middleware/ThrottleRequests.php(93): Illuminate\\Routing\\Middleware\\ThrottleRequests->handleRequest()
#14 /home/dperez/Documents/Proyectos/laravel-sign/vendor/laravel/framework/src/Illuminate/Routing/Middleware/ThrottleRequests.php(55): Illuminate\\Routing\\Middleware\\ThrottleRequests->handleRequestUsingNamedLimiter()
#15 /home/dperez/Documents/Proyectos/laravel-sign/vendor/laravel/framework/src/Illuminate/Pipeline/Pipeline.php(167): Illuminate\\Routing\\Middleware\\ThrottleRequests->handle()
#16 /home/dperez/Documents/Proyectos/laravel-sign/vendor/laravel/framework/src/Illuminate/Pipeline/Pipeline.php(103): Illuminate\\Pipeline\\Pipeline->Illuminate\\Pipeline\\{closure}()
#17 /home/dperez/Documents/Proyectos/laravel-sign/vendor/laravel/framework/src/Illuminate/Routing/Router.php(719): Illuminate\\Pipeline\\Pipeline->then()
#18 /home/dperez/Documents/Proyectos/laravel-sign/vendor/laravel/framework/src/Illuminate/Routing/Router.php(698): Illuminate\\Routing\\Router->runRouteWithinStack()
#19 /home/dperez/Documents/Proyectos/laravel-sign/vendor/laravel/framework/src/Illuminate/Routing/Router.php(662): Illuminate\\Routing\\Router->runRoute()
#20 /home/dperez/Documents/Proyectos/laravel-sign/vendor/laravel/framework/src/Illuminate/Routing/Router.php(651): Illuminate\\Routing\\Router->dispatchToRoute()
#21 /home/dperez/Documents/Proyectos/laravel-sign/vendor/laravel/framework/src/Illuminate/Foundation/Http/Kernel.php(167): Illuminate\\Routing\\Router->dispatch()
#22 /home/dperez/Documents/Proyectos/laravel-sign/vendor/laravel/framework/src/Illuminate/Pipeline/Pipeline.php(128): Illuminate\\Foundation\\Http\\Kernel->Illuminate\\Foundation\\Http\\{closure}()
#23 /home/dperez/Documents/Proyectos/laravel-sign/vendor/laravel/framework/src/Illuminate/Foundation/Http/Middleware/TransformsRequest.php(21): Illuminate\\Pipeline\\Pipeline->Illuminate\\Pipeline\\{closure}()
#24 /home/dperez/Documents/Proyectos/laravel-sign/vendor/laravel/framework/src/Illuminate/Foundation/Http/Middleware/ConvertEmptyStringsToNull.php(31): Illuminate\\Foundation\\Http\\Middleware\\TransformsRequest->handle()
#25 /home/dperez/Documents/Proyectos/laravel-sign/vendor/laravel/framework/src/Illuminate/Pipeline/Pipeline.php(167): Illuminate\\Foundation\\Http\\Middleware\\ConvertEmptyStringsToNull->handle()
#26 /home/dperez/Documents/Proyectos/laravel-sign/vendor/laravel/framework/src/Illuminate/Foundation/Http/Middleware/TransformsRequest.php(21): Illuminate\\Pipeline\\Pipeline->Illuminate\\Pipeline\\{closure}()
#27 /home/dperez/Documents/Proyectos/laravel-sign/vendor/laravel/framework/src/Illuminate/Foundation/Http/Middleware/TrimStrings.php(40): Illuminate\\Foundation\\Http\\Middleware\\TransformsRequest->handle()
#28 /home/dperez/Documents/Proyectos/laravel-sign/vendor/laravel/framework/src/Illuminate/Pipeline/Pipeline.php(167): Illuminate\\Foundation\\Http\\Middleware\\TrimStrings->handle()
#29 /home/dperez/Documents/Proyectos/laravel-sign/vendor/laravel/framework/src/Illuminate/Foundation/Http/Middleware/ValidatePostSize.php(27): Illuminate\\Pipeline\\Pipeline->Illuminate\\Pipeline\\{closure}()
#30 /home/dperez/Documents/Proyectos/laravel-sign/vendor/laravel/framework/src/Illuminate/Pipeline/Pipeline.php(167): Illuminate\\Foundation\\Http\\Middleware\\ValidatePostSize->handle()
#31 /home/dperez/Documents/Proyectos/laravel-sign/vendor/laravel/framework/src/Illuminate/Foundation/Http/Middleware/PreventRequestsDuringMaintenance.php(86): Illuminate\\Pipeline\\Pipeline->Illuminate\\Pipeline\\{closure}()
#32 /home/dperez/Documents/Proyectos/laravel-sign/vendor/laravel/framework/src/Illuminate/Pipeline/Pipeline.php(167): Illuminate\\Foundation\\Http\\Middleware\\PreventRequestsDuringMaintenance->handle()
#33 /home/dperez/Documents/Proyectos/laravel-sign/vendor/fruitcake/laravel-cors/src/HandleCors.php(52): Illuminate\\Pipeline\\Pipeline->Illuminate\\Pipeline\\{closure}()
#34 /home/dperez/Documents/Proyectos/laravel-sign/vendor/laravel/framework/src/Illuminate/Pipeline/Pipeline.php(167): Fruitcake\\Cors\\HandleCors->handle()
#35 /home/dperez/Documents/Proyectos/laravel-sign/vendor/laravel/framework/src/Illuminate/Http/Middleware/TrustProxies.php(39): Illuminate\\Pipeline\\Pipeline->Illuminate\\Pipeline\\{closure}()
#36 /home/dperez/Documents/Proyectos/laravel-sign/vendor/laravel/framework/src/Illuminate/Pipeline/Pipeline.php(167): Illuminate\\Http\\Middleware\\TrustProxies->handle()
#37 /home/dperez/Documents/Proyectos/laravel-sign/vendor/laravel/framework/src/Illuminate/Pipeline/Pipeline.php(103): Illuminate\\Pipeline\\Pipeline->Illuminate\\Pipeline\\{closure}()
#38 /home/dperez/Documents/Proyectos/laravel-sign/vendor/laravel/framework/src/Illuminate/Foundation/Http/Kernel.php(142): Illuminate\\Pipeline\\Pipeline->then()
#39 /home/dperez/Documents/Proyectos/laravel-sign/vendor/laravel/framework/src/Illuminate/Foundation/Http/Kernel.php(111): Illuminate\\Foundation\\Http\\Kernel->sendRequestThroughRouter()
#40 /home/dperez/Documents/Proyectos/laravel-sign/public/index.php(14): Illuminate\\Foundation\\Http\\Kernel->handle()
#41 /home/dperez/Documents/Proyectos/laravel-sign/server.php(21): require_once('...')
#42 {main}
"} 
[2025-05-28 07:21:04] local.ERROR: Undefined array key "oper_exoneradas" {"exception":"[object] (ErrorException(code: 0): Undefined array key \"oper_exoneradas\" at /home/dperez/Documents/Proyectos/laravel-sign/app/DTOs/Invoice/InvoiceMontosData.php:25)
[stacktrace]
#0 /home/dperez/Documents/Proyectos/laravel-sign/app/DTOs/Invoice/InvoiceMontosData.php(25): Illuminate\\Foundation\\Bootstrap\\HandleExceptions->handleError()
#1 /home/dperez/Documents/Proyectos/laravel-sign/app/DTOs/Invoice/InvoiceData.php(55): App\\DTOs\\Invoice\\InvoiceMontosData::from()
#2 /home/dperez/Documents/Proyectos/laravel-sign/app/DTOs/InvoiceDTO.php(22): App\\DTOs\\Invoice\\InvoiceData::from()
#3 /home/dperez/Documents/Proyectos/laravel-sign/app/Http/Controllers/InvoiceController.php(26): App\\DTOs\\InvoiceDTO::fromRequest()
#4 /home/dperez/Documents/Proyectos/laravel-sign/vendor/laravel/framework/src/Illuminate/Routing/Controller.php(54): App\\Http\\Controllers\\InvoiceController->createXML()
#5 /home/dperez/Documents/Proyectos/laravel-sign/vendor/laravel/framework/src/Illuminate/Routing/ControllerDispatcher.php(45): Illuminate\\Routing\\Controller->callAction()
#6 /home/dperez/Documents/Proyectos/laravel-sign/vendor/laravel/framework/src/Illuminate/Routing/Route.php(261): Illuminate\\Routing\\ControllerDispatcher->dispatch()
#7 /home/dperez/Documents/Proyectos/laravel-sign/vendor/laravel/framework/src/Illuminate/Routing/Route.php(205): Illuminate\\Routing\\Route->runController()
#8 /home/dperez/Documents/Proyectos/laravel-sign/vendor/laravel/framework/src/Illuminate/Routing/Router.php(721): Illuminate\\Routing\\Route->run()
#9 /home/dperez/Documents/Proyectos/laravel-sign/vendor/laravel/framework/src/Illuminate/Pipeline/Pipeline.php(128): Illuminate\\Routing\\Router->Illuminate\\Routing\\{closure}()
#10 /home/dperez/Documents/Proyectos/laravel-sign/vendor/laravel/framework/src/Illuminate/Routing/Middleware/SubstituteBindings.php(50): Illuminate\\Pipeline\\Pipeline->Illuminate\\Pipeline\\{closure}()
#11 /home/dperez/Documents/Proyectos/laravel-sign/vendor/laravel/framework/src/Illuminate/Pipeline/Pipeline.php(167): Illuminate\\Routing\\Middleware\\SubstituteBindings->handle()
#12 /home/dperez/Documents/Proyectos/laravel-sign/vendor/laravel/framework/src/Illuminate/Routing/Middleware/ThrottleRequests.php(127): Illuminate\\Pipeline\\Pipeline->Illuminate\\Pipeline\\{closure}()
#13 /home/dperez/Documents/Proyectos/laravel-sign/vendor/laravel/framework/src/Illuminate/Routing/Middleware/ThrottleRequests.php(93): Illuminate\\Routing\\Middleware\\ThrottleRequests->handleRequest()
#14 /home/dperez/Documents/Proyectos/laravel-sign/vendor/laravel/framework/src/Illuminate/Routing/Middleware/ThrottleRequests.php(55): Illuminate\\Routing\\Middleware\\ThrottleRequests->handleRequestUsingNamedLimiter()
#15 /home/dperez/Documents/Proyectos/laravel-sign/vendor/laravel/framework/src/Illuminate/Pipeline/Pipeline.php(167): Illuminate\\Routing\\Middleware\\ThrottleRequests->handle()
#16 /home/dperez/Documents/Proyectos/laravel-sign/vendor/laravel/framework/src/Illuminate/Pipeline/Pipeline.php(103): Illuminate\\Pipeline\\Pipeline->Illuminate\\Pipeline\\{closure}()
#17 /home/dperez/Documents/Proyectos/laravel-sign/vendor/laravel/framework/src/Illuminate/Routing/Router.php(719): Illuminate\\Pipeline\\Pipeline->then()
#18 /home/dperez/Documents/Proyectos/laravel-sign/vendor/laravel/framework/src/Illuminate/Routing/Router.php(698): Illuminate\\Routing\\Router->runRouteWithinStack()
#19 /home/dperez/Documents/Proyectos/laravel-sign/vendor/laravel/framework/src/Illuminate/Routing/Router.php(662): Illuminate\\Routing\\Router->runRoute()
#20 /home/dperez/Documents/Proyectos/laravel-sign/vendor/laravel/framework/src/Illuminate/Routing/Router.php(651): Illuminate\\Routing\\Router->dispatchToRoute()
#21 /home/dperez/Documents/Proyectos/laravel-sign/vendor/laravel/framework/src/Illuminate/Foundation/Http/Kernel.php(167): Illuminate\\Routing\\Router->dispatch()
#22 /home/dperez/Documents/Proyectos/laravel-sign/vendor/laravel/framework/src/Illuminate/Pipeline/Pipeline.php(128): Illuminate\\Foundation\\Http\\Kernel->Illuminate\\Foundation\\Http\\{closure}()
#23 /home/dperez/Documents/Proyectos/laravel-sign/vendor/laravel/framework/src/Illuminate/Foundation/Http/Middleware/TransformsRequest.php(21): Illuminate\\Pipeline\\Pipeline->Illuminate\\Pipeline\\{closure}()
#24 /home/dperez/Documents/Proyectos/laravel-sign/vendor/laravel/framework/src/Illuminate/Foundation/Http/Middleware/ConvertEmptyStringsToNull.php(31): Illuminate\\Foundation\\Http\\Middleware\\TransformsRequest->handle()
#25 /home/dperez/Documents/Proyectos/laravel-sign/vendor/laravel/framework/src/Illuminate/Pipeline/Pipeline.php(167): Illuminate\\Foundation\\Http\\Middleware\\ConvertEmptyStringsToNull->handle()
#26 /home/dperez/Documents/Proyectos/laravel-sign/vendor/laravel/framework/src/Illuminate/Foundation/Http/Middleware/TransformsRequest.php(21): Illuminate\\Pipeline\\Pipeline->Illuminate\\Pipeline\\{closure}()
#27 /home/dperez/Documents/Proyectos/laravel-sign/vendor/laravel/framework/src/Illuminate/Foundation/Http/Middleware/TrimStrings.php(40): Illuminate\\Foundation\\Http\\Middleware\\TransformsRequest->handle()
#28 /home/dperez/Documents/Proyectos/laravel-sign/vendor/laravel/framework/src/Illuminate/Pipeline/Pipeline.php(167): Illuminate\\Foundation\\Http\\Middleware\\TrimStrings->handle()
#29 /home/dperez/Documents/Proyectos/laravel-sign/vendor/laravel/framework/src/Illuminate/Foundation/Http/Middleware/ValidatePostSize.php(27): Illuminate\\Pipeline\\Pipeline->Illuminate\\Pipeline\\{closure}()
#30 /home/dperez/Documents/Proyectos/laravel-sign/vendor/laravel/framework/src/Illuminate/Pipeline/Pipeline.php(167): Illuminate\\Foundation\\Http\\Middleware\\ValidatePostSize->handle()
#31 /home/dperez/Documents/Proyectos/laravel-sign/vendor/laravel/framework/src/Illuminate/Foundation/Http/Middleware/PreventRequestsDuringMaintenance.php(86): Illuminate\\Pipeline\\Pipeline->Illuminate\\Pipeline\\{closure}()
#32 /home/dperez/Documents/Proyectos/laravel-sign/vendor/laravel/framework/src/Illuminate/Pipeline/Pipeline.php(167): Illuminate\\Foundation\\Http\\Middleware\\PreventRequestsDuringMaintenance->handle()
#33 /home/dperez/Documents/Proyectos/laravel-sign/vendor/fruitcake/laravel-cors/src/HandleCors.php(52): Illuminate\\Pipeline\\Pipeline->Illuminate\\Pipeline\\{closure}()
#34 /home/dperez/Documents/Proyectos/laravel-sign/vendor/laravel/framework/src/Illuminate/Pipeline/Pipeline.php(167): Fruitcake\\Cors\\HandleCors->handle()
#35 /home/dperez/Documents/Proyectos/laravel-sign/vendor/laravel/framework/src/Illuminate/Http/Middleware/TrustProxies.php(39): Illuminate\\Pipeline\\Pipeline->Illuminate\\Pipeline\\{closure}()
#36 /home/dperez/Documents/Proyectos/laravel-sign/vendor/laravel/framework/src/Illuminate/Pipeline/Pipeline.php(167): Illuminate\\Http\\Middleware\\TrustProxies->handle()
#37 /home/dperez/Documents/Proyectos/laravel-sign/vendor/laravel/framework/src/Illuminate/Pipeline/Pipeline.php(103): Illuminate\\Pipeline\\Pipeline->Illuminate\\Pipeline\\{closure}()
#38 /home/dperez/Documents/Proyectos/laravel-sign/vendor/laravel/framework/src/Illuminate/Foundation/Http/Kernel.php(142): Illuminate\\Pipeline\\Pipeline->then()
#39 /home/dperez/Documents/Proyectos/laravel-sign/vendor/laravel/framework/src/Illuminate/Foundation/Http/Kernel.php(111): Illuminate\\Foundation\\Http\\Kernel->sendRequestThroughRouter()
#40 /home/dperez/Documents/Proyectos/laravel-sign/public/index.php(14): Illuminate\\Foundation\\Http\\Kernel->handle()
#41 /home/dperez/Documents/Proyectos/laravel-sign/server.php(21): require_once('...')
#42 {main}
"} 
[2025-05-28 07:21:25] local.ERROR: Undefined array key "oper_exoneradas" {"exception":"[object] (ErrorException(code: 0): Undefined array key \"oper_exoneradas\" at /home/dperez/Documents/Proyectos/laravel-sign/app/DTOs/Invoice/InvoiceMontosData.php:25)
[stacktrace]
#0 /home/dperez/Documents/Proyectos/laravel-sign/app/DTOs/Invoice/InvoiceMontosData.php(25): Illuminate\\Foundation\\Bootstrap\\HandleExceptions->handleError()
#1 /home/dperez/Documents/Proyectos/laravel-sign/app/DTOs/Invoice/InvoiceData.php(55): App\\DTOs\\Invoice\\InvoiceMontosData::from()
#2 /home/dperez/Documents/Proyectos/laravel-sign/app/DTOs/InvoiceDTO.php(22): App\\DTOs\\Invoice\\InvoiceData::from()
#3 /home/dperez/Documents/Proyectos/laravel-sign/app/Http/Controllers/InvoiceController.php(26): App\\DTOs\\InvoiceDTO::fromRequest()
#4 /home/dperez/Documents/Proyectos/laravel-sign/vendor/laravel/framework/src/Illuminate/Routing/Controller.php(54): App\\Http\\Controllers\\InvoiceController->createXML()
#5 /home/dperez/Documents/Proyectos/laravel-sign/vendor/laravel/framework/src/Illuminate/Routing/ControllerDispatcher.php(45): Illuminate\\Routing\\Controller->callAction()
#6 /home/dperez/Documents/Proyectos/laravel-sign/vendor/laravel/framework/src/Illuminate/Routing/Route.php(261): Illuminate\\Routing\\ControllerDispatcher->dispatch()
#7 /home/dperez/Documents/Proyectos/laravel-sign/vendor/laravel/framework/src/Illuminate/Routing/Route.php(205): Illuminate\\Routing\\Route->runController()
#8 /home/dperez/Documents/Proyectos/laravel-sign/vendor/laravel/framework/src/Illuminate/Routing/Router.php(721): Illuminate\\Routing\\Route->run()
#9 /home/dperez/Documents/Proyectos/laravel-sign/vendor/laravel/framework/src/Illuminate/Pipeline/Pipeline.php(128): Illuminate\\Routing\\Router->Illuminate\\Routing\\{closure}()
#10 /home/dperez/Documents/Proyectos/laravel-sign/vendor/laravel/framework/src/Illuminate/Routing/Middleware/SubstituteBindings.php(50): Illuminate\\Pipeline\\Pipeline->Illuminate\\Pipeline\\{closure}()
#11 /home/dperez/Documents/Proyectos/laravel-sign/vendor/laravel/framework/src/Illuminate/Pipeline/Pipeline.php(167): Illuminate\\Routing\\Middleware\\SubstituteBindings->handle()
#12 /home/dperez/Documents/Proyectos/laravel-sign/vendor/laravel/framework/src/Illuminate/Routing/Middleware/ThrottleRequests.php(127): Illuminate\\Pipeline\\Pipeline->Illuminate\\Pipeline\\{closure}()
#13 /home/dperez/Documents/Proyectos/laravel-sign/vendor/laravel/framework/src/Illuminate/Routing/Middleware/ThrottleRequests.php(93): Illuminate\\Routing\\Middleware\\ThrottleRequests->handleRequest()
#14 /home/dperez/Documents/Proyectos/laravel-sign/vendor/laravel/framework/src/Illuminate/Routing/Middleware/ThrottleRequests.php(55): Illuminate\\Routing\\Middleware\\ThrottleRequests->handleRequestUsingNamedLimiter()
#15 /home/dperez/Documents/Proyectos/laravel-sign/vendor/laravel/framework/src/Illuminate/Pipeline/Pipeline.php(167): Illuminate\\Routing\\Middleware\\ThrottleRequests->handle()
#16 /home/dperez/Documents/Proyectos/laravel-sign/vendor/laravel/framework/src/Illuminate/Pipeline/Pipeline.php(103): Illuminate\\Pipeline\\Pipeline->Illuminate\\Pipeline\\{closure}()
#17 /home/dperez/Documents/Proyectos/laravel-sign/vendor/laravel/framework/src/Illuminate/Routing/Router.php(719): Illuminate\\Pipeline\\Pipeline->then()
#18 /home/dperez/Documents/Proyectos/laravel-sign/vendor/laravel/framework/src/Illuminate/Routing/Router.php(698): Illuminate\\Routing\\Router->runRouteWithinStack()
#19 /home/dperez/Documents/Proyectos/laravel-sign/vendor/laravel/framework/src/Illuminate/Routing/Router.php(662): Illuminate\\Routing\\Router->runRoute()
#20 /home/dperez/Documents/Proyectos/laravel-sign/vendor/laravel/framework/src/Illuminate/Routing/Router.php(651): Illuminate\\Routing\\Router->dispatchToRoute()
#21 /home/dperez/Documents/Proyectos/laravel-sign/vendor/laravel/framework/src/Illuminate/Foundation/Http/Kernel.php(167): Illuminate\\Routing\\Router->dispatch()
#22 /home/dperez/Documents/Proyectos/laravel-sign/vendor/laravel/framework/src/Illuminate/Pipeline/Pipeline.php(128): Illuminate\\Foundation\\Http\\Kernel->Illuminate\\Foundation\\Http\\{closure}()
#23 /home/dperez/Documents/Proyectos/laravel-sign/vendor/laravel/framework/src/Illuminate/Foundation/Http/Middleware/TransformsRequest.php(21): Illuminate\\Pipeline\\Pipeline->Illuminate\\Pipeline\\{closure}()
#24 /home/dperez/Documents/Proyectos/laravel-sign/vendor/laravel/framework/src/Illuminate/Foundation/Http/Middleware/ConvertEmptyStringsToNull.php(31): Illuminate\\Foundation\\Http\\Middleware\\TransformsRequest->handle()
#25 /home/dperez/Documents/Proyectos/laravel-sign/vendor/laravel/framework/src/Illuminate/Pipeline/Pipeline.php(167): Illuminate\\Foundation\\Http\\Middleware\\ConvertEmptyStringsToNull->handle()
#26 /home/dperez/Documents/Proyectos/laravel-sign/vendor/laravel/framework/src/Illuminate/Foundation/Http/Middleware/TransformsRequest.php(21): Illuminate\\Pipeline\\Pipeline->Illuminate\\Pipeline\\{closure}()
#27 /home/dperez/Documents/Proyectos/laravel-sign/vendor/laravel/framework/src/Illuminate/Foundation/Http/Middleware/TrimStrings.php(40): Illuminate\\Foundation\\Http\\Middleware\\TransformsRequest->handle()
#28 /home/dperez/Documents/Proyectos/laravel-sign/vendor/laravel/framework/src/Illuminate/Pipeline/Pipeline.php(167): Illuminate\\Foundation\\Http\\Middleware\\TrimStrings->handle()
#29 /home/dperez/Documents/Proyectos/laravel-sign/vendor/laravel/framework/src/Illuminate/Foundation/Http/Middleware/ValidatePostSize.php(27): Illuminate\\Pipeline\\Pipeline->Illuminate\\Pipeline\\{closure}()
#30 /home/dperez/Documents/Proyectos/laravel-sign/vendor/laravel/framework/src/Illuminate/Pipeline/Pipeline.php(167): Illuminate\\Foundation\\Http\\Middleware\\ValidatePostSize->handle()
#31 /home/dperez/Documents/Proyectos/laravel-sign/vendor/laravel/framework/src/Illuminate/Foundation/Http/Middleware/PreventRequestsDuringMaintenance.php(86): Illuminate\\Pipeline\\Pipeline->Illuminate\\Pipeline\\{closure}()
#32 /home/dperez/Documents/Proyectos/laravel-sign/vendor/laravel/framework/src/Illuminate/Pipeline/Pipeline.php(167): Illuminate\\Foundation\\Http\\Middleware\\PreventRequestsDuringMaintenance->handle()
#33 /home/dperez/Documents/Proyectos/laravel-sign/vendor/fruitcake/laravel-cors/src/HandleCors.php(52): Illuminate\\Pipeline\\Pipeline->Illuminate\\Pipeline\\{closure}()
#34 /home/dperez/Documents/Proyectos/laravel-sign/vendor/laravel/framework/src/Illuminate/Pipeline/Pipeline.php(167): Fruitcake\\Cors\\HandleCors->handle()
#35 /home/dperez/Documents/Proyectos/laravel-sign/vendor/laravel/framework/src/Illuminate/Http/Middleware/TrustProxies.php(39): Illuminate\\Pipeline\\Pipeline->Illuminate\\Pipeline\\{closure}()
#36 /home/dperez/Documents/Proyectos/laravel-sign/vendor/laravel/framework/src/Illuminate/Pipeline/Pipeline.php(167): Illuminate\\Http\\Middleware\\TrustProxies->handle()
#37 /home/dperez/Documents/Proyectos/laravel-sign/vendor/laravel/framework/src/Illuminate/Pipeline/Pipeline.php(103): Illuminate\\Pipeline\\Pipeline->Illuminate\\Pipeline\\{closure}()
#38 /home/dperez/Documents/Proyectos/laravel-sign/vendor/laravel/framework/src/Illuminate/Foundation/Http/Kernel.php(142): Illuminate\\Pipeline\\Pipeline->then()
#39 /home/dperez/Documents/Proyectos/laravel-sign/vendor/laravel/framework/src/Illuminate/Foundation/Http/Kernel.php(111): Illuminate\\Foundation\\Http\\Kernel->sendRequestThroughRouter()
#40 /home/dperez/Documents/Proyectos/laravel-sign/public/index.php(14): Illuminate\\Foundation\\Http\\Kernel->handle()
#41 /home/dperez/Documents/Proyectos/laravel-sign/server.php(21): require_once('...')
#42 {main}
"} 
[2025-05-28 07:22:08] local.ERROR: Undefined array key "oper_exoneradas" {"exception":"[object] (ErrorException(code: 0): Undefined array key \"oper_exoneradas\" at /home/dperez/Documents/Proyectos/laravel-sign/app/DTOs/Invoice/InvoiceMontosData.php:25)
[stacktrace]
#0 /home/dperez/Documents/Proyectos/laravel-sign/app/DTOs/Invoice/InvoiceMontosData.php(25): Illuminate\\Foundation\\Bootstrap\\HandleExceptions->handleError()
#1 /home/dperez/Documents/Proyectos/laravel-sign/app/DTOs/Invoice/InvoiceData.php(55): App\\DTOs\\Invoice\\InvoiceMontosData::from()
#2 /home/dperez/Documents/Proyectos/laravel-sign/app/DTOs/InvoiceDTO.php(22): App\\DTOs\\Invoice\\InvoiceData::from()
#3 /home/dperez/Documents/Proyectos/laravel-sign/app/Http/Controllers/InvoiceController.php(26): App\\DTOs\\InvoiceDTO::fromRequest()
#4 /home/dperez/Documents/Proyectos/laravel-sign/vendor/laravel/framework/src/Illuminate/Routing/Controller.php(54): App\\Http\\Controllers\\InvoiceController->createXML()
#5 /home/dperez/Documents/Proyectos/laravel-sign/vendor/laravel/framework/src/Illuminate/Routing/ControllerDispatcher.php(45): Illuminate\\Routing\\Controller->callAction()
#6 /home/dperez/Documents/Proyectos/laravel-sign/vendor/laravel/framework/src/Illuminate/Routing/Route.php(261): Illuminate\\Routing\\ControllerDispatcher->dispatch()
#7 /home/dperez/Documents/Proyectos/laravel-sign/vendor/laravel/framework/src/Illuminate/Routing/Route.php(205): Illuminate\\Routing\\Route->runController()
#8 /home/dperez/Documents/Proyectos/laravel-sign/vendor/laravel/framework/src/Illuminate/Routing/Router.php(721): Illuminate\\Routing\\Route->run()
#9 /home/dperez/Documents/Proyectos/laravel-sign/vendor/laravel/framework/src/Illuminate/Pipeline/Pipeline.php(128): Illuminate\\Routing\\Router->Illuminate\\Routing\\{closure}()
#10 /home/dperez/Documents/Proyectos/laravel-sign/vendor/laravel/framework/src/Illuminate/Routing/Middleware/SubstituteBindings.php(50): Illuminate\\Pipeline\\Pipeline->Illuminate\\Pipeline\\{closure}()
#11 /home/dperez/Documents/Proyectos/laravel-sign/vendor/laravel/framework/src/Illuminate/Pipeline/Pipeline.php(167): Illuminate\\Routing\\Middleware\\SubstituteBindings->handle()
#12 /home/dperez/Documents/Proyectos/laravel-sign/vendor/laravel/framework/src/Illuminate/Routing/Middleware/ThrottleRequests.php(127): Illuminate\\Pipeline\\Pipeline->Illuminate\\Pipeline\\{closure}()
#13 /home/dperez/Documents/Proyectos/laravel-sign/vendor/laravel/framework/src/Illuminate/Routing/Middleware/ThrottleRequests.php(93): Illuminate\\Routing\\Middleware\\ThrottleRequests->handleRequest()
#14 /home/dperez/Documents/Proyectos/laravel-sign/vendor/laravel/framework/src/Illuminate/Routing/Middleware/ThrottleRequests.php(55): Illuminate\\Routing\\Middleware\\ThrottleRequests->handleRequestUsingNamedLimiter()
#15 /home/dperez/Documents/Proyectos/laravel-sign/vendor/laravel/framework/src/Illuminate/Pipeline/Pipeline.php(167): Illuminate\\Routing\\Middleware\\ThrottleRequests->handle()
#16 /home/dperez/Documents/Proyectos/laravel-sign/vendor/laravel/framework/src/Illuminate/Pipeline/Pipeline.php(103): Illuminate\\Pipeline\\Pipeline->Illuminate\\Pipeline\\{closure}()
#17 /home/dperez/Documents/Proyectos/laravel-sign/vendor/laravel/framework/src/Illuminate/Routing/Router.php(719): Illuminate\\Pipeline\\Pipeline->then()
#18 /home/dperez/Documents/Proyectos/laravel-sign/vendor/laravel/framework/src/Illuminate/Routing/Router.php(698): Illuminate\\Routing\\Router->runRouteWithinStack()
#19 /home/dperez/Documents/Proyectos/laravel-sign/vendor/laravel/framework/src/Illuminate/Routing/Router.php(662): Illuminate\\Routing\\Router->runRoute()
#20 /home/dperez/Documents/Proyectos/laravel-sign/vendor/laravel/framework/src/Illuminate/Routing/Router.php(651): Illuminate\\Routing\\Router->dispatchToRoute()
#21 /home/dperez/Documents/Proyectos/laravel-sign/vendor/laravel/framework/src/Illuminate/Foundation/Http/Kernel.php(167): Illuminate\\Routing\\Router->dispatch()
#22 /home/dperez/Documents/Proyectos/laravel-sign/vendor/laravel/framework/src/Illuminate/Pipeline/Pipeline.php(128): Illuminate\\Foundation\\Http\\Kernel->Illuminate\\Foundation\\Http\\{closure}()
#23 /home/dperez/Documents/Proyectos/laravel-sign/vendor/laravel/framework/src/Illuminate/Foundation/Http/Middleware/TransformsRequest.php(21): Illuminate\\Pipeline\\Pipeline->Illuminate\\Pipeline\\{closure}()
#24 /home/dperez/Documents/Proyectos/laravel-sign/vendor/laravel/framework/src/Illuminate/Foundation/Http/Middleware/ConvertEmptyStringsToNull.php(31): Illuminate\\Foundation\\Http\\Middleware\\TransformsRequest->handle()
#25 /home/dperez/Documents/Proyectos/laravel-sign/vendor/laravel/framework/src/Illuminate/Pipeline/Pipeline.php(167): Illuminate\\Foundation\\Http\\Middleware\\ConvertEmptyStringsToNull->handle()
#26 /home/dperez/Documents/Proyectos/laravel-sign/vendor/laravel/framework/src/Illuminate/Foundation/Http/Middleware/TransformsRequest.php(21): Illuminate\\Pipeline\\Pipeline->Illuminate\\Pipeline\\{closure}()
#27 /home/dperez/Documents/Proyectos/laravel-sign/vendor/laravel/framework/src/Illuminate/Foundation/Http/Middleware/TrimStrings.php(40): Illuminate\\Foundation\\Http\\Middleware\\TransformsRequest->handle()
#28 /home/dperez/Documents/Proyectos/laravel-sign/vendor/laravel/framework/src/Illuminate/Pipeline/Pipeline.php(167): Illuminate\\Foundation\\Http\\Middleware\\TrimStrings->handle()
#29 /home/dperez/Documents/Proyectos/laravel-sign/vendor/laravel/framework/src/Illuminate/Foundation/Http/Middleware/ValidatePostSize.php(27): Illuminate\\Pipeline\\Pipeline->Illuminate\\Pipeline\\{closure}()
#30 /home/dperez/Documents/Proyectos/laravel-sign/vendor/laravel/framework/src/Illuminate/Pipeline/Pipeline.php(167): Illuminate\\Foundation\\Http\\Middleware\\ValidatePostSize->handle()
#31 /home/dperez/Documents/Proyectos/laravel-sign/vendor/laravel/framework/src/Illuminate/Foundation/Http/Middleware/PreventRequestsDuringMaintenance.php(86): Illuminate\\Pipeline\\Pipeline->Illuminate\\Pipeline\\{closure}()
#32 /home/dperez/Documents/Proyectos/laravel-sign/vendor/laravel/framework/src/Illuminate/Pipeline/Pipeline.php(167): Illuminate\\Foundation\\Http\\Middleware\\PreventRequestsDuringMaintenance->handle()
#33 /home/dperez/Documents/Proyectos/laravel-sign/vendor/fruitcake/laravel-cors/src/HandleCors.php(52): Illuminate\\Pipeline\\Pipeline->Illuminate\\Pipeline\\{closure}()
#34 /home/dperez/Documents/Proyectos/laravel-sign/vendor/laravel/framework/src/Illuminate/Pipeline/Pipeline.php(167): Fruitcake\\Cors\\HandleCors->handle()
#35 /home/dperez/Documents/Proyectos/laravel-sign/vendor/laravel/framework/src/Illuminate/Http/Middleware/TrustProxies.php(39): Illuminate\\Pipeline\\Pipeline->Illuminate\\Pipeline\\{closure}()
#36 /home/dperez/Documents/Proyectos/laravel-sign/vendor/laravel/framework/src/Illuminate/Pipeline/Pipeline.php(167): Illuminate\\Http\\Middleware\\TrustProxies->handle()
#37 /home/dperez/Documents/Proyectos/laravel-sign/vendor/laravel/framework/src/Illuminate/Pipeline/Pipeline.php(103): Illuminate\\Pipeline\\Pipeline->Illuminate\\Pipeline\\{closure}()
#38 /home/dperez/Documents/Proyectos/laravel-sign/vendor/laravel/framework/src/Illuminate/Foundation/Http/Kernel.php(142): Illuminate\\Pipeline\\Pipeline->then()
#39 /home/dperez/Documents/Proyectos/laravel-sign/vendor/laravel/framework/src/Illuminate/Foundation/Http/Kernel.php(111): Illuminate\\Foundation\\Http\\Kernel->sendRequestThroughRouter()
#40 /home/dperez/Documents/Proyectos/laravel-sign/public/index.php(14): Illuminate\\Foundation\\Http\\Kernel->handle()
#41 /home/dperez/Documents/Proyectos/laravel-sign/server.php(21): require_once('...')
#42 {main}
"} 
[2025-05-28 07:22:21] local.ERROR: Undefined array key "oper_exoneradas" {"exception":"[object] (ErrorException(code: 0): Undefined array key \"oper_exoneradas\" at /home/dperez/Documents/Proyectos/laravel-sign/app/DTOs/Invoice/InvoiceMontosData.php:25)
[stacktrace]
#0 /home/dperez/Documents/Proyectos/laravel-sign/app/DTOs/Invoice/InvoiceMontosData.php(25): Illuminate\\Foundation\\Bootstrap\\HandleExceptions->handleError()
#1 /home/dperez/Documents/Proyectos/laravel-sign/app/DTOs/Invoice/InvoiceData.php(55): App\\DTOs\\Invoice\\InvoiceMontosData::from()
#2 /home/dperez/Documents/Proyectos/laravel-sign/app/DTOs/InvoiceDTO.php(22): App\\DTOs\\Invoice\\InvoiceData::from()
#3 /home/dperez/Documents/Proyectos/laravel-sign/app/Http/Controllers/InvoiceController.php(26): App\\DTOs\\InvoiceDTO::fromRequest()
#4 /home/dperez/Documents/Proyectos/laravel-sign/vendor/laravel/framework/src/Illuminate/Routing/Controller.php(54): App\\Http\\Controllers\\InvoiceController->createXML()
#5 /home/dperez/Documents/Proyectos/laravel-sign/vendor/laravel/framework/src/Illuminate/Routing/ControllerDispatcher.php(45): Illuminate\\Routing\\Controller->callAction()
#6 /home/dperez/Documents/Proyectos/laravel-sign/vendor/laravel/framework/src/Illuminate/Routing/Route.php(261): Illuminate\\Routing\\ControllerDispatcher->dispatch()
#7 /home/dperez/Documents/Proyectos/laravel-sign/vendor/laravel/framework/src/Illuminate/Routing/Route.php(205): Illuminate\\Routing\\Route->runController()
#8 /home/dperez/Documents/Proyectos/laravel-sign/vendor/laravel/framework/src/Illuminate/Routing/Router.php(721): Illuminate\\Routing\\Route->run()
#9 /home/dperez/Documents/Proyectos/laravel-sign/vendor/laravel/framework/src/Illuminate/Pipeline/Pipeline.php(128): Illuminate\\Routing\\Router->Illuminate\\Routing\\{closure}()
#10 /home/dperez/Documents/Proyectos/laravel-sign/vendor/laravel/framework/src/Illuminate/Routing/Middleware/SubstituteBindings.php(50): Illuminate\\Pipeline\\Pipeline->Illuminate\\Pipeline\\{closure}()
#11 /home/dperez/Documents/Proyectos/laravel-sign/vendor/laravel/framework/src/Illuminate/Pipeline/Pipeline.php(167): Illuminate\\Routing\\Middleware\\SubstituteBindings->handle()
#12 /home/dperez/Documents/Proyectos/laravel-sign/vendor/laravel/framework/src/Illuminate/Routing/Middleware/ThrottleRequests.php(127): Illuminate\\Pipeline\\Pipeline->Illuminate\\Pipeline\\{closure}()
#13 /home/dperez/Documents/Proyectos/laravel-sign/vendor/laravel/framework/src/Illuminate/Routing/Middleware/ThrottleRequests.php(93): Illuminate\\Routing\\Middleware\\ThrottleRequests->handleRequest()
#14 /home/dperez/Documents/Proyectos/laravel-sign/vendor/laravel/framework/src/Illuminate/Routing/Middleware/ThrottleRequests.php(55): Illuminate\\Routing\\Middleware\\ThrottleRequests->handleRequestUsingNamedLimiter()
#15 /home/dperez/Documents/Proyectos/laravel-sign/vendor/laravel/framework/src/Illuminate/Pipeline/Pipeline.php(167): Illuminate\\Routing\\Middleware\\ThrottleRequests->handle()
#16 /home/dperez/Documents/Proyectos/laravel-sign/vendor/laravel/framework/src/Illuminate/Pipeline/Pipeline.php(103): Illuminate\\Pipeline\\Pipeline->Illuminate\\Pipeline\\{closure}()
#17 /home/dperez/Documents/Proyectos/laravel-sign/vendor/laravel/framework/src/Illuminate/Routing/Router.php(719): Illuminate\\Pipeline\\Pipeline->then()
#18 /home/dperez/Documents/Proyectos/laravel-sign/vendor/laravel/framework/src/Illuminate/Routing/Router.php(698): Illuminate\\Routing\\Router->runRouteWithinStack()
#19 /home/dperez/Documents/Proyectos/laravel-sign/vendor/laravel/framework/src/Illuminate/Routing/Router.php(662): Illuminate\\Routing\\Router->runRoute()
#20 /home/dperez/Documents/Proyectos/laravel-sign/vendor/laravel/framework/src/Illuminate/Routing/Router.php(651): Illuminate\\Routing\\Router->dispatchToRoute()
#21 /home/dperez/Documents/Proyectos/laravel-sign/vendor/laravel/framework/src/Illuminate/Foundation/Http/Kernel.php(167): Illuminate\\Routing\\Router->dispatch()
#22 /home/dperez/Documents/Proyectos/laravel-sign/vendor/laravel/framework/src/Illuminate/Pipeline/Pipeline.php(128): Illuminate\\Foundation\\Http\\Kernel->Illuminate\\Foundation\\Http\\{closure}()
#23 /home/dperez/Documents/Proyectos/laravel-sign/vendor/laravel/framework/src/Illuminate/Foundation/Http/Middleware/TransformsRequest.php(21): Illuminate\\Pipeline\\Pipeline->Illuminate\\Pipeline\\{closure}()
#24 /home/dperez/Documents/Proyectos/laravel-sign/vendor/laravel/framework/src/Illuminate/Foundation/Http/Middleware/ConvertEmptyStringsToNull.php(31): Illuminate\\Foundation\\Http\\Middleware\\TransformsRequest->handle()
#25 /home/dperez/Documents/Proyectos/laravel-sign/vendor/laravel/framework/src/Illuminate/Pipeline/Pipeline.php(167): Illuminate\\Foundation\\Http\\Middleware\\ConvertEmptyStringsToNull->handle()
#26 /home/dperez/Documents/Proyectos/laravel-sign/vendor/laravel/framework/src/Illuminate/Foundation/Http/Middleware/TransformsRequest.php(21): Illuminate\\Pipeline\\Pipeline->Illuminate\\Pipeline\\{closure}()
#27 /home/dperez/Documents/Proyectos/laravel-sign/vendor/laravel/framework/src/Illuminate/Foundation/Http/Middleware/TrimStrings.php(40): Illuminate\\Foundation\\Http\\Middleware\\TransformsRequest->handle()
#28 /home/dperez/Documents/Proyectos/laravel-sign/vendor/laravel/framework/src/Illuminate/Pipeline/Pipeline.php(167): Illuminate\\Foundation\\Http\\Middleware\\TrimStrings->handle()
#29 /home/dperez/Documents/Proyectos/laravel-sign/vendor/laravel/framework/src/Illuminate/Foundation/Http/Middleware/ValidatePostSize.php(27): Illuminate\\Pipeline\\Pipeline->Illuminate\\Pipeline\\{closure}()
#30 /home/dperez/Documents/Proyectos/laravel-sign/vendor/laravel/framework/src/Illuminate/Pipeline/Pipeline.php(167): Illuminate\\Foundation\\Http\\Middleware\\ValidatePostSize->handle()
#31 /home/dperez/Documents/Proyectos/laravel-sign/vendor/laravel/framework/src/Illuminate/Foundation/Http/Middleware/PreventRequestsDuringMaintenance.php(86): Illuminate\\Pipeline\\Pipeline->Illuminate\\Pipeline\\{closure}()
#32 /home/dperez/Documents/Proyectos/laravel-sign/vendor/laravel/framework/src/Illuminate/Pipeline/Pipeline.php(167): Illuminate\\Foundation\\Http\\Middleware\\PreventRequestsDuringMaintenance->handle()
#33 /home/dperez/Documents/Proyectos/laravel-sign/vendor/fruitcake/laravel-cors/src/HandleCors.php(52): Illuminate\\Pipeline\\Pipeline->Illuminate\\Pipeline\\{closure}()
#34 /home/dperez/Documents/Proyectos/laravel-sign/vendor/laravel/framework/src/Illuminate/Pipeline/Pipeline.php(167): Fruitcake\\Cors\\HandleCors->handle()
#35 /home/dperez/Documents/Proyectos/laravel-sign/vendor/laravel/framework/src/Illuminate/Http/Middleware/TrustProxies.php(39): Illuminate\\Pipeline\\Pipeline->Illuminate\\Pipeline\\{closure}()
#36 /home/dperez/Documents/Proyectos/laravel-sign/vendor/laravel/framework/src/Illuminate/Pipeline/Pipeline.php(167): Illuminate\\Http\\Middleware\\TrustProxies->handle()
#37 /home/dperez/Documents/Proyectos/laravel-sign/vendor/laravel/framework/src/Illuminate/Pipeline/Pipeline.php(103): Illuminate\\Pipeline\\Pipeline->Illuminate\\Pipeline\\{closure}()
#38 /home/dperez/Documents/Proyectos/laravel-sign/vendor/laravel/framework/src/Illuminate/Foundation/Http/Kernel.php(142): Illuminate\\Pipeline\\Pipeline->then()
#39 /home/dperez/Documents/Proyectos/laravel-sign/vendor/laravel/framework/src/Illuminate/Foundation/Http/Kernel.php(111): Illuminate\\Foundation\\Http\\Kernel->sendRequestThroughRouter()
#40 /home/dperez/Documents/Proyectos/laravel-sign/public/index.php(14): Illuminate\\Foundation\\Http\\Kernel->handle()
#41 /home/dperez/Documents/Proyectos/laravel-sign/server.php(21): require_once('...')
#42 {main}
"} 
[2025-05-28 07:22:34] local.ERROR: Undefined array key "oper_exoneradas" {"exception":"[object] (ErrorException(code: 0): Undefined array key \"oper_exoneradas\" at /home/dperez/Documents/Proyectos/laravel-sign/app/DTOs/Invoice/InvoiceMontosData.php:25)
[stacktrace]
#0 /home/dperez/Documents/Proyectos/laravel-sign/app/DTOs/Invoice/InvoiceMontosData.php(25): Illuminate\\Foundation\\Bootstrap\\HandleExceptions->handleError()
#1 /home/dperez/Documents/Proyectos/laravel-sign/app/DTOs/Invoice/InvoiceData.php(55): App\\DTOs\\Invoice\\InvoiceMontosData::from()
#2 /home/dperez/Documents/Proyectos/laravel-sign/app/DTOs/InvoiceDTO.php(22): App\\DTOs\\Invoice\\InvoiceData::from()
#3 /home/dperez/Documents/Proyectos/laravel-sign/app/Http/Controllers/InvoiceController.php(26): App\\DTOs\\InvoiceDTO::fromRequest()
#4 /home/dperez/Documents/Proyectos/laravel-sign/vendor/laravel/framework/src/Illuminate/Routing/Controller.php(54): App\\Http\\Controllers\\InvoiceController->createXML()
#5 /home/dperez/Documents/Proyectos/laravel-sign/vendor/laravel/framework/src/Illuminate/Routing/ControllerDispatcher.php(45): Illuminate\\Routing\\Controller->callAction()
#6 /home/dperez/Documents/Proyectos/laravel-sign/vendor/laravel/framework/src/Illuminate/Routing/Route.php(261): Illuminate\\Routing\\ControllerDispatcher->dispatch()
#7 /home/dperez/Documents/Proyectos/laravel-sign/vendor/laravel/framework/src/Illuminate/Routing/Route.php(205): Illuminate\\Routing\\Route->runController()
#8 /home/dperez/Documents/Proyectos/laravel-sign/vendor/laravel/framework/src/Illuminate/Routing/Router.php(721): Illuminate\\Routing\\Route->run()
#9 /home/dperez/Documents/Proyectos/laravel-sign/vendor/laravel/framework/src/Illuminate/Pipeline/Pipeline.php(128): Illuminate\\Routing\\Router->Illuminate\\Routing\\{closure}()
#10 /home/dperez/Documents/Proyectos/laravel-sign/vendor/laravel/framework/src/Illuminate/Routing/Middleware/SubstituteBindings.php(50): Illuminate\\Pipeline\\Pipeline->Illuminate\\Pipeline\\{closure}()
#11 /home/dperez/Documents/Proyectos/laravel-sign/vendor/laravel/framework/src/Illuminate/Pipeline/Pipeline.php(167): Illuminate\\Routing\\Middleware\\SubstituteBindings->handle()
#12 /home/dperez/Documents/Proyectos/laravel-sign/vendor/laravel/framework/src/Illuminate/Routing/Middleware/ThrottleRequests.php(127): Illuminate\\Pipeline\\Pipeline->Illuminate\\Pipeline\\{closure}()
#13 /home/dperez/Documents/Proyectos/laravel-sign/vendor/laravel/framework/src/Illuminate/Routing/Middleware/ThrottleRequests.php(93): Illuminate\\Routing\\Middleware\\ThrottleRequests->handleRequest()
#14 /home/dperez/Documents/Proyectos/laravel-sign/vendor/laravel/framework/src/Illuminate/Routing/Middleware/ThrottleRequests.php(55): Illuminate\\Routing\\Middleware\\ThrottleRequests->handleRequestUsingNamedLimiter()
#15 /home/dperez/Documents/Proyectos/laravel-sign/vendor/laravel/framework/src/Illuminate/Pipeline/Pipeline.php(167): Illuminate\\Routing\\Middleware\\ThrottleRequests->handle()
#16 /home/dperez/Documents/Proyectos/laravel-sign/vendor/laravel/framework/src/Illuminate/Pipeline/Pipeline.php(103): Illuminate\\Pipeline\\Pipeline->Illuminate\\Pipeline\\{closure}()
#17 /home/dperez/Documents/Proyectos/laravel-sign/vendor/laravel/framework/src/Illuminate/Routing/Router.php(719): Illuminate\\Pipeline\\Pipeline->then()
#18 /home/dperez/Documents/Proyectos/laravel-sign/vendor/laravel/framework/src/Illuminate/Routing/Router.php(698): Illuminate\\Routing\\Router->runRouteWithinStack()
#19 /home/dperez/Documents/Proyectos/laravel-sign/vendor/laravel/framework/src/Illuminate/Routing/Router.php(662): Illuminate\\Routing\\Router->runRoute()
#20 /home/dperez/Documents/Proyectos/laravel-sign/vendor/laravel/framework/src/Illuminate/Routing/Router.php(651): Illuminate\\Routing\\Router->dispatchToRoute()
#21 /home/dperez/Documents/Proyectos/laravel-sign/vendor/laravel/framework/src/Illuminate/Foundation/Http/Kernel.php(167): Illuminate\\Routing\\Router->dispatch()
#22 /home/dperez/Documents/Proyectos/laravel-sign/vendor/laravel/framework/src/Illuminate/Pipeline/Pipeline.php(128): Illuminate\\Foundation\\Http\\Kernel->Illuminate\\Foundation\\Http\\{closure}()
#23 /home/dperez/Documents/Proyectos/laravel-sign/vendor/laravel/framework/src/Illuminate/Foundation/Http/Middleware/TransformsRequest.php(21): Illuminate\\Pipeline\\Pipeline->Illuminate\\Pipeline\\{closure}()
#24 /home/dperez/Documents/Proyectos/laravel-sign/vendor/laravel/framework/src/Illuminate/Foundation/Http/Middleware/ConvertEmptyStringsToNull.php(31): Illuminate\\Foundation\\Http\\Middleware\\TransformsRequest->handle()
#25 /home/dperez/Documents/Proyectos/laravel-sign/vendor/laravel/framework/src/Illuminate/Pipeline/Pipeline.php(167): Illuminate\\Foundation\\Http\\Middleware\\ConvertEmptyStringsToNull->handle()
#26 /home/dperez/Documents/Proyectos/laravel-sign/vendor/laravel/framework/src/Illuminate/Foundation/Http/Middleware/TransformsRequest.php(21): Illuminate\\Pipeline\\Pipeline->Illuminate\\Pipeline\\{closure}()
#27 /home/dperez/Documents/Proyectos/laravel-sign/vendor/laravel/framework/src/Illuminate/Foundation/Http/Middleware/TrimStrings.php(40): Illuminate\\Foundation\\Http\\Middleware\\TransformsRequest->handle()
#28 /home/dperez/Documents/Proyectos/laravel-sign/vendor/laravel/framework/src/Illuminate/Pipeline/Pipeline.php(167): Illuminate\\Foundation\\Http\\Middleware\\TrimStrings->handle()
#29 /home/dperez/Documents/Proyectos/laravel-sign/vendor/laravel/framework/src/Illuminate/Foundation/Http/Middleware/ValidatePostSize.php(27): Illuminate\\Pipeline\\Pipeline->Illuminate\\Pipeline\\{closure}()
#30 /home/dperez/Documents/Proyectos/laravel-sign/vendor/laravel/framework/src/Illuminate/Pipeline/Pipeline.php(167): Illuminate\\Foundation\\Http\\Middleware\\ValidatePostSize->handle()
#31 /home/dperez/Documents/Proyectos/laravel-sign/vendor/laravel/framework/src/Illuminate/Foundation/Http/Middleware/PreventRequestsDuringMaintenance.php(86): Illuminate\\Pipeline\\Pipeline->Illuminate\\Pipeline\\{closure}()
#32 /home/dperez/Documents/Proyectos/laravel-sign/vendor/laravel/framework/src/Illuminate/Pipeline/Pipeline.php(167): Illuminate\\Foundation\\Http\\Middleware\\PreventRequestsDuringMaintenance->handle()
#33 /home/dperez/Documents/Proyectos/laravel-sign/vendor/fruitcake/laravel-cors/src/HandleCors.php(52): Illuminate\\Pipeline\\Pipeline->Illuminate\\Pipeline\\{closure}()
#34 /home/dperez/Documents/Proyectos/laravel-sign/vendor/laravel/framework/src/Illuminate/Pipeline/Pipeline.php(167): Fruitcake\\Cors\\HandleCors->handle()
#35 /home/dperez/Documents/Proyectos/laravel-sign/vendor/laravel/framework/src/Illuminate/Http/Middleware/TrustProxies.php(39): Illuminate\\Pipeline\\Pipeline->Illuminate\\Pipeline\\{closure}()
#36 /home/dperez/Documents/Proyectos/laravel-sign/vendor/laravel/framework/src/Illuminate/Pipeline/Pipeline.php(167): Illuminate\\Http\\Middleware\\TrustProxies->handle()
#37 /home/dperez/Documents/Proyectos/laravel-sign/vendor/laravel/framework/src/Illuminate/Pipeline/Pipeline.php(103): Illuminate\\Pipeline\\Pipeline->Illuminate\\Pipeline\\{closure}()
#38 /home/dperez/Documents/Proyectos/laravel-sign/vendor/laravel/framework/src/Illuminate/Foundation/Http/Kernel.php(142): Illuminate\\Pipeline\\Pipeline->then()
#39 /home/dperez/Documents/Proyectos/laravel-sign/vendor/laravel/framework/src/Illuminate/Foundation/Http/Kernel.php(111): Illuminate\\Foundation\\Http\\Kernel->sendRequestThroughRouter()
#40 /home/dperez/Documents/Proyectos/laravel-sign/public/index.php(14): Illuminate\\Foundation\\Http\\Kernel->handle()
#41 /home/dperez/Documents/Proyectos/laravel-sign/server.php(21): require_once('...')
#42 {main}
"} 
[2025-05-28 07:22:47] local.ERROR: Undefined array key "oper_exoneradas" {"exception":"[object] (ErrorException(code: 0): Undefined array key \"oper_exoneradas\" at /home/dperez/Documents/Proyectos/laravel-sign/app/DTOs/Invoice/InvoiceMontosData.php:25)
[stacktrace]
#0 /home/dperez/Documents/Proyectos/laravel-sign/app/DTOs/Invoice/InvoiceMontosData.php(25): Illuminate\\Foundation\\Bootstrap\\HandleExceptions->handleError()
#1 /home/dperez/Documents/Proyectos/laravel-sign/app/DTOs/Invoice/InvoiceData.php(55): App\\DTOs\\Invoice\\InvoiceMontosData::from()
#2 /home/dperez/Documents/Proyectos/laravel-sign/app/DTOs/InvoiceDTO.php(22): App\\DTOs\\Invoice\\InvoiceData::from()
#3 /home/dperez/Documents/Proyectos/laravel-sign/app/Http/Controllers/InvoiceController.php(26): App\\DTOs\\InvoiceDTO::fromRequest()
#4 /home/dperez/Documents/Proyectos/laravel-sign/vendor/laravel/framework/src/Illuminate/Routing/Controller.php(54): App\\Http\\Controllers\\InvoiceController->createXML()
#5 /home/dperez/Documents/Proyectos/laravel-sign/vendor/laravel/framework/src/Illuminate/Routing/ControllerDispatcher.php(45): Illuminate\\Routing\\Controller->callAction()
#6 /home/dperez/Documents/Proyectos/laravel-sign/vendor/laravel/framework/src/Illuminate/Routing/Route.php(261): Illuminate\\Routing\\ControllerDispatcher->dispatch()
#7 /home/dperez/Documents/Proyectos/laravel-sign/vendor/laravel/framework/src/Illuminate/Routing/Route.php(205): Illuminate\\Routing\\Route->runController()
#8 /home/dperez/Documents/Proyectos/laravel-sign/vendor/laravel/framework/src/Illuminate/Routing/Router.php(721): Illuminate\\Routing\\Route->run()
#9 /home/dperez/Documents/Proyectos/laravel-sign/vendor/laravel/framework/src/Illuminate/Pipeline/Pipeline.php(128): Illuminate\\Routing\\Router->Illuminate\\Routing\\{closure}()
#10 /home/dperez/Documents/Proyectos/laravel-sign/vendor/laravel/framework/src/Illuminate/Routing/Middleware/SubstituteBindings.php(50): Illuminate\\Pipeline\\Pipeline->Illuminate\\Pipeline\\{closure}()
#11 /home/dperez/Documents/Proyectos/laravel-sign/vendor/laravel/framework/src/Illuminate/Pipeline/Pipeline.php(167): Illuminate\\Routing\\Middleware\\SubstituteBindings->handle()
#12 /home/dperez/Documents/Proyectos/laravel-sign/vendor/laravel/framework/src/Illuminate/Routing/Middleware/ThrottleRequests.php(127): Illuminate\\Pipeline\\Pipeline->Illuminate\\Pipeline\\{closure}()
#13 /home/dperez/Documents/Proyectos/laravel-sign/vendor/laravel/framework/src/Illuminate/Routing/Middleware/ThrottleRequests.php(93): Illuminate\\Routing\\Middleware\\ThrottleRequests->handleRequest()
#14 /home/dperez/Documents/Proyectos/laravel-sign/vendor/laravel/framework/src/Illuminate/Routing/Middleware/ThrottleRequests.php(55): Illuminate\\Routing\\Middleware\\ThrottleRequests->handleRequestUsingNamedLimiter()
#15 /home/dperez/Documents/Proyectos/laravel-sign/vendor/laravel/framework/src/Illuminate/Pipeline/Pipeline.php(167): Illuminate\\Routing\\Middleware\\ThrottleRequests->handle()
#16 /home/dperez/Documents/Proyectos/laravel-sign/vendor/laravel/framework/src/Illuminate/Pipeline/Pipeline.php(103): Illuminate\\Pipeline\\Pipeline->Illuminate\\Pipeline\\{closure}()
#17 /home/dperez/Documents/Proyectos/laravel-sign/vendor/laravel/framework/src/Illuminate/Routing/Router.php(719): Illuminate\\Pipeline\\Pipeline->then()
#18 /home/dperez/Documents/Proyectos/laravel-sign/vendor/laravel/framework/src/Illuminate/Routing/Router.php(698): Illuminate\\Routing\\Router->runRouteWithinStack()
#19 /home/dperez/Documents/Proyectos/laravel-sign/vendor/laravel/framework/src/Illuminate/Routing/Router.php(662): Illuminate\\Routing\\Router->runRoute()
#20 /home/dperez/Documents/Proyectos/laravel-sign/vendor/laravel/framework/src/Illuminate/Routing/Router.php(651): Illuminate\\Routing\\Router->dispatchToRoute()
#21 /home/dperez/Documents/Proyectos/laravel-sign/vendor/laravel/framework/src/Illuminate/Foundation/Http/Kernel.php(167): Illuminate\\Routing\\Router->dispatch()
#22 /home/dperez/Documents/Proyectos/laravel-sign/vendor/laravel/framework/src/Illuminate/Pipeline/Pipeline.php(128): Illuminate\\Foundation\\Http\\Kernel->Illuminate\\Foundation\\Http\\{closure}()
#23 /home/dperez/Documents/Proyectos/laravel-sign/vendor/laravel/framework/src/Illuminate/Foundation/Http/Middleware/TransformsRequest.php(21): Illuminate\\Pipeline\\Pipeline->Illuminate\\Pipeline\\{closure}()
#24 /home/dperez/Documents/Proyectos/laravel-sign/vendor/laravel/framework/src/Illuminate/Foundation/Http/Middleware/ConvertEmptyStringsToNull.php(31): Illuminate\\Foundation\\Http\\Middleware\\TransformsRequest->handle()
#25 /home/dperez/Documents/Proyectos/laravel-sign/vendor/laravel/framework/src/Illuminate/Pipeline/Pipeline.php(167): Illuminate\\Foundation\\Http\\Middleware\\ConvertEmptyStringsToNull->handle()
#26 /home/dperez/Documents/Proyectos/laravel-sign/vendor/laravel/framework/src/Illuminate/Foundation/Http/Middleware/TransformsRequest.php(21): Illuminate\\Pipeline\\Pipeline->Illuminate\\Pipeline\\{closure}()
#27 /home/dperez/Documents/Proyectos/laravel-sign/vendor/laravel/framework/src/Illuminate/Foundation/Http/Middleware/TrimStrings.php(40): Illuminate\\Foundation\\Http\\Middleware\\TransformsRequest->handle()
#28 /home/dperez/Documents/Proyectos/laravel-sign/vendor/laravel/framework/src/Illuminate/Pipeline/Pipeline.php(167): Illuminate\\Foundation\\Http\\Middleware\\TrimStrings->handle()
#29 /home/dperez/Documents/Proyectos/laravel-sign/vendor/laravel/framework/src/Illuminate/Foundation/Http/Middleware/ValidatePostSize.php(27): Illuminate\\Pipeline\\Pipeline->Illuminate\\Pipeline\\{closure}()
#30 /home/dperez/Documents/Proyectos/laravel-sign/vendor/laravel/framework/src/Illuminate/Pipeline/Pipeline.php(167): Illuminate\\Foundation\\Http\\Middleware\\ValidatePostSize->handle()
#31 /home/dperez/Documents/Proyectos/laravel-sign/vendor/laravel/framework/src/Illuminate/Foundation/Http/Middleware/PreventRequestsDuringMaintenance.php(86): Illuminate\\Pipeline\\Pipeline->Illuminate\\Pipeline\\{closure}()
#32 /home/dperez/Documents/Proyectos/laravel-sign/vendor/laravel/framework/src/Illuminate/Pipeline/Pipeline.php(167): Illuminate\\Foundation\\Http\\Middleware\\PreventRequestsDuringMaintenance->handle()
#33 /home/dperez/Documents/Proyectos/laravel-sign/vendor/fruitcake/laravel-cors/src/HandleCors.php(52): Illuminate\\Pipeline\\Pipeline->Illuminate\\Pipeline\\{closure}()
#34 /home/dperez/Documents/Proyectos/laravel-sign/vendor/laravel/framework/src/Illuminate/Pipeline/Pipeline.php(167): Fruitcake\\Cors\\HandleCors->handle()
#35 /home/dperez/Documents/Proyectos/laravel-sign/vendor/laravel/framework/src/Illuminate/Http/Middleware/TrustProxies.php(39): Illuminate\\Pipeline\\Pipeline->Illuminate\\Pipeline\\{closure}()
#36 /home/dperez/Documents/Proyectos/laravel-sign/vendor/laravel/framework/src/Illuminate/Pipeline/Pipeline.php(167): Illuminate\\Http\\Middleware\\TrustProxies->handle()
#37 /home/dperez/Documents/Proyectos/laravel-sign/vendor/laravel/framework/src/Illuminate/Pipeline/Pipeline.php(103): Illuminate\\Pipeline\\Pipeline->Illuminate\\Pipeline\\{closure}()
#38 /home/dperez/Documents/Proyectos/laravel-sign/vendor/laravel/framework/src/Illuminate/Foundation/Http/Kernel.php(142): Illuminate\\Pipeline\\Pipeline->then()
#39 /home/dperez/Documents/Proyectos/laravel-sign/vendor/laravel/framework/src/Illuminate/Foundation/Http/Kernel.php(111): Illuminate\\Foundation\\Http\\Kernel->sendRequestThroughRouter()
#40 /home/dperez/Documents/Proyectos/laravel-sign/public/index.php(14): Illuminate\\Foundation\\Http\\Kernel->handle()
#41 /home/dperez/Documents/Proyectos/laravel-sign/server.php(21): require_once('...')
#42 {main}
"} 
[2025-05-28 07:22:55] local.ERROR: Array to string conversion {"exception":"[object] (ErrorException(code: 0): Array to string conversion at /home/dperez/Documents/Proyectos/laravel-sign/app/Http/Controllers/InvoiceController.php:26)
[stacktrace]
#0 /home/dperez/Documents/Proyectos/laravel-sign/app/Http/Controllers/InvoiceController.php(26): Illuminate\\Foundation\\Bootstrap\\HandleExceptions->handleError()
#1 /home/dperez/Documents/Proyectos/laravel-sign/vendor/laravel/framework/src/Illuminate/Routing/Controller.php(54): App\\Http\\Controllers\\InvoiceController->createXML()
#2 /home/dperez/Documents/Proyectos/laravel-sign/vendor/laravel/framework/src/Illuminate/Routing/ControllerDispatcher.php(45): Illuminate\\Routing\\Controller->callAction()
#3 /home/dperez/Documents/Proyectos/laravel-sign/vendor/laravel/framework/src/Illuminate/Routing/Route.php(261): Illuminate\\Routing\\ControllerDispatcher->dispatch()
#4 /home/dperez/Documents/Proyectos/laravel-sign/vendor/laravel/framework/src/Illuminate/Routing/Route.php(205): Illuminate\\Routing\\Route->runController()
#5 /home/dperez/Documents/Proyectos/laravel-sign/vendor/laravel/framework/src/Illuminate/Routing/Router.php(721): Illuminate\\Routing\\Route->run()
#6 /home/dperez/Documents/Proyectos/laravel-sign/vendor/laravel/framework/src/Illuminate/Pipeline/Pipeline.php(128): Illuminate\\Routing\\Router->Illuminate\\Routing\\{closure}()
#7 /home/dperez/Documents/Proyectos/laravel-sign/vendor/laravel/framework/src/Illuminate/Routing/Middleware/SubstituteBindings.php(50): Illuminate\\Pipeline\\Pipeline->Illuminate\\Pipeline\\{closure}()
#8 /home/dperez/Documents/Proyectos/laravel-sign/vendor/laravel/framework/src/Illuminate/Pipeline/Pipeline.php(167): Illuminate\\Routing\\Middleware\\SubstituteBindings->handle()
#9 /home/dperez/Documents/Proyectos/laravel-sign/vendor/laravel/framework/src/Illuminate/Routing/Middleware/ThrottleRequests.php(127): Illuminate\\Pipeline\\Pipeline->Illuminate\\Pipeline\\{closure}()
#10 /home/dperez/Documents/Proyectos/laravel-sign/vendor/laravel/framework/src/Illuminate/Routing/Middleware/ThrottleRequests.php(93): Illuminate\\Routing\\Middleware\\ThrottleRequests->handleRequest()
#11 /home/dperez/Documents/Proyectos/laravel-sign/vendor/laravel/framework/src/Illuminate/Routing/Middleware/ThrottleRequests.php(55): Illuminate\\Routing\\Middleware\\ThrottleRequests->handleRequestUsingNamedLimiter()
#12 /home/dperez/Documents/Proyectos/laravel-sign/vendor/laravel/framework/src/Illuminate/Pipeline/Pipeline.php(167): Illuminate\\Routing\\Middleware\\ThrottleRequests->handle()
#13 /home/dperez/Documents/Proyectos/laravel-sign/vendor/laravel/framework/src/Illuminate/Pipeline/Pipeline.php(103): Illuminate\\Pipeline\\Pipeline->Illuminate\\Pipeline\\{closure}()
#14 /home/dperez/Documents/Proyectos/laravel-sign/vendor/laravel/framework/src/Illuminate/Routing/Router.php(719): Illuminate\\Pipeline\\Pipeline->then()
#15 /home/dperez/Documents/Proyectos/laravel-sign/vendor/laravel/framework/src/Illuminate/Routing/Router.php(698): Illuminate\\Routing\\Router->runRouteWithinStack()
#16 /home/dperez/Documents/Proyectos/laravel-sign/vendor/laravel/framework/src/Illuminate/Routing/Router.php(662): Illuminate\\Routing\\Router->runRoute()
#17 /home/dperez/Documents/Proyectos/laravel-sign/vendor/laravel/framework/src/Illuminate/Routing/Router.php(651): Illuminate\\Routing\\Router->dispatchToRoute()
#18 /home/dperez/Documents/Proyectos/laravel-sign/vendor/laravel/framework/src/Illuminate/Foundation/Http/Kernel.php(167): Illuminate\\Routing\\Router->dispatch()
#19 /home/dperez/Documents/Proyectos/laravel-sign/vendor/laravel/framework/src/Illuminate/Pipeline/Pipeline.php(128): Illuminate\\Foundation\\Http\\Kernel->Illuminate\\Foundation\\Http\\{closure}()
#20 /home/dperez/Documents/Proyectos/laravel-sign/vendor/laravel/framework/src/Illuminate/Foundation/Http/Middleware/TransformsRequest.php(21): Illuminate\\Pipeline\\Pipeline->Illuminate\\Pipeline\\{closure}()
#21 /home/dperez/Documents/Proyectos/laravel-sign/vendor/laravel/framework/src/Illuminate/Foundation/Http/Middleware/ConvertEmptyStringsToNull.php(31): Illuminate\\Foundation\\Http\\Middleware\\TransformsRequest->handle()
#22 /home/dperez/Documents/Proyectos/laravel-sign/vendor/laravel/framework/src/Illuminate/Pipeline/Pipeline.php(167): Illuminate\\Foundation\\Http\\Middleware\\ConvertEmptyStringsToNull->handle()
#23 /home/dperez/Documents/Proyectos/laravel-sign/vendor/laravel/framework/src/Illuminate/Foundation/Http/Middleware/TransformsRequest.php(21): Illuminate\\Pipeline\\Pipeline->Illuminate\\Pipeline\\{closure}()
#24 /home/dperez/Documents/Proyectos/laravel-sign/vendor/laravel/framework/src/Illuminate/Foundation/Http/Middleware/TrimStrings.php(40): Illuminate\\Foundation\\Http\\Middleware\\TransformsRequest->handle()
#25 /home/dperez/Documents/Proyectos/laravel-sign/vendor/laravel/framework/src/Illuminate/Pipeline/Pipeline.php(167): Illuminate\\Foundation\\Http\\Middleware\\TrimStrings->handle()
#26 /home/dperez/Documents/Proyectos/laravel-sign/vendor/laravel/framework/src/Illuminate/Foundation/Http/Middleware/ValidatePostSize.php(27): Illuminate\\Pipeline\\Pipeline->Illuminate\\Pipeline\\{closure}()
#27 /home/dperez/Documents/Proyectos/laravel-sign/vendor/laravel/framework/src/Illuminate/Pipeline/Pipeline.php(167): Illuminate\\Foundation\\Http\\Middleware\\ValidatePostSize->handle()
#28 /home/dperez/Documents/Proyectos/laravel-sign/vendor/laravel/framework/src/Illuminate/Foundation/Http/Middleware/PreventRequestsDuringMaintenance.php(86): Illuminate\\Pipeline\\Pipeline->Illuminate\\Pipeline\\{closure}()
#29 /home/dperez/Documents/Proyectos/laravel-sign/vendor/laravel/framework/src/Illuminate/Pipeline/Pipeline.php(167): Illuminate\\Foundation\\Http\\Middleware\\PreventRequestsDuringMaintenance->handle()
#30 /home/dperez/Documents/Proyectos/laravel-sign/vendor/fruitcake/laravel-cors/src/HandleCors.php(52): Illuminate\\Pipeline\\Pipeline->Illuminate\\Pipeline\\{closure}()
#31 /home/dperez/Documents/Proyectos/laravel-sign/vendor/laravel/framework/src/Illuminate/Pipeline/Pipeline.php(167): Fruitcake\\Cors\\HandleCors->handle()
#32 /home/dperez/Documents/Proyectos/laravel-sign/vendor/laravel/framework/src/Illuminate/Http/Middleware/TrustProxies.php(39): Illuminate\\Pipeline\\Pipeline->Illuminate\\Pipeline\\{closure}()
#33 /home/dperez/Documents/Proyectos/laravel-sign/vendor/laravel/framework/src/Illuminate/Pipeline/Pipeline.php(167): Illuminate\\Http\\Middleware\\TrustProxies->handle()
#34 /home/dperez/Documents/Proyectos/laravel-sign/vendor/laravel/framework/src/Illuminate/Pipeline/Pipeline.php(103): Illuminate\\Pipeline\\Pipeline->Illuminate\\Pipeline\\{closure}()
#35 /home/dperez/Documents/Proyectos/laravel-sign/vendor/laravel/framework/src/Illuminate/Foundation/Http/Kernel.php(142): Illuminate\\Pipeline\\Pipeline->then()
#36 /home/dperez/Documents/Proyectos/laravel-sign/vendor/laravel/framework/src/Illuminate/Foundation/Http/Kernel.php(111): Illuminate\\Foundation\\Http\\Kernel->sendRequestThroughRouter()
#37 /home/dperez/Documents/Proyectos/laravel-sign/public/index.php(14): Illuminate\\Foundation\\Http\\Kernel->handle()
#38 /home/dperez/Documents/Proyectos/laravel-sign/server.php(21): require_once('...')
#39 {main}
"} 
[2025-05-28 07:23:09] local.ERROR: Undefined array key "oper_exoneradas" {"exception":"[object] (ErrorException(code: 0): Undefined array key \"oper_exoneradas\" at /home/dperez/Documents/Proyectos/laravel-sign/app/DTOs/Invoice/InvoiceMontosData.php:25)
[stacktrace]
#0 /home/dperez/Documents/Proyectos/laravel-sign/app/DTOs/Invoice/InvoiceMontosData.php(25): Illuminate\\Foundation\\Bootstrap\\HandleExceptions->handleError()
#1 /home/dperez/Documents/Proyectos/laravel-sign/app/DTOs/Invoice/InvoiceData.php(55): App\\DTOs\\Invoice\\InvoiceMontosData::from()
#2 /home/dperez/Documents/Proyectos/laravel-sign/app/DTOs/InvoiceDTO.php(22): App\\DTOs\\Invoice\\InvoiceData::from()
#3 /home/dperez/Documents/Proyectos/laravel-sign/app/Http/Controllers/InvoiceController.php(27): App\\DTOs\\InvoiceDTO::fromRequest()
#4 /home/dperez/Documents/Proyectos/laravel-sign/vendor/laravel/framework/src/Illuminate/Routing/Controller.php(54): App\\Http\\Controllers\\InvoiceController->createXML()
#5 /home/dperez/Documents/Proyectos/laravel-sign/vendor/laravel/framework/src/Illuminate/Routing/ControllerDispatcher.php(45): Illuminate\\Routing\\Controller->callAction()
#6 /home/dperez/Documents/Proyectos/laravel-sign/vendor/laravel/framework/src/Illuminate/Routing/Route.php(261): Illuminate\\Routing\\ControllerDispatcher->dispatch()
#7 /home/dperez/Documents/Proyectos/laravel-sign/vendor/laravel/framework/src/Illuminate/Routing/Route.php(205): Illuminate\\Routing\\Route->runController()
#8 /home/dperez/Documents/Proyectos/laravel-sign/vendor/laravel/framework/src/Illuminate/Routing/Router.php(721): Illuminate\\Routing\\Route->run()
#9 /home/dperez/Documents/Proyectos/laravel-sign/vendor/laravel/framework/src/Illuminate/Pipeline/Pipeline.php(128): Illuminate\\Routing\\Router->Illuminate\\Routing\\{closure}()
#10 /home/dperez/Documents/Proyectos/laravel-sign/vendor/laravel/framework/src/Illuminate/Routing/Middleware/SubstituteBindings.php(50): Illuminate\\Pipeline\\Pipeline->Illuminate\\Pipeline\\{closure}()
#11 /home/dperez/Documents/Proyectos/laravel-sign/vendor/laravel/framework/src/Illuminate/Pipeline/Pipeline.php(167): Illuminate\\Routing\\Middleware\\SubstituteBindings->handle()
#12 /home/dperez/Documents/Proyectos/laravel-sign/vendor/laravel/framework/src/Illuminate/Routing/Middleware/ThrottleRequests.php(127): Illuminate\\Pipeline\\Pipeline->Illuminate\\Pipeline\\{closure}()
#13 /home/dperez/Documents/Proyectos/laravel-sign/vendor/laravel/framework/src/Illuminate/Routing/Middleware/ThrottleRequests.php(93): Illuminate\\Routing\\Middleware\\ThrottleRequests->handleRequest()
#14 /home/dperez/Documents/Proyectos/laravel-sign/vendor/laravel/framework/src/Illuminate/Routing/Middleware/ThrottleRequests.php(55): Illuminate\\Routing\\Middleware\\ThrottleRequests->handleRequestUsingNamedLimiter()
#15 /home/dperez/Documents/Proyectos/laravel-sign/vendor/laravel/framework/src/Illuminate/Pipeline/Pipeline.php(167): Illuminate\\Routing\\Middleware\\ThrottleRequests->handle()
#16 /home/dperez/Documents/Proyectos/laravel-sign/vendor/laravel/framework/src/Illuminate/Pipeline/Pipeline.php(103): Illuminate\\Pipeline\\Pipeline->Illuminate\\Pipeline\\{closure}()
#17 /home/dperez/Documents/Proyectos/laravel-sign/vendor/laravel/framework/src/Illuminate/Routing/Router.php(719): Illuminate\\Pipeline\\Pipeline->then()
#18 /home/dperez/Documents/Proyectos/laravel-sign/vendor/laravel/framework/src/Illuminate/Routing/Router.php(698): Illuminate\\Routing\\Router->runRouteWithinStack()
#19 /home/dperez/Documents/Proyectos/laravel-sign/vendor/laravel/framework/src/Illuminate/Routing/Router.php(662): Illuminate\\Routing\\Router->runRoute()
#20 /home/dperez/Documents/Proyectos/laravel-sign/vendor/laravel/framework/src/Illuminate/Routing/Router.php(651): Illuminate\\Routing\\Router->dispatchToRoute()
#21 /home/dperez/Documents/Proyectos/laravel-sign/vendor/laravel/framework/src/Illuminate/Foundation/Http/Kernel.php(167): Illuminate\\Routing\\Router->dispatch()
#22 /home/dperez/Documents/Proyectos/laravel-sign/vendor/laravel/framework/src/Illuminate/Pipeline/Pipeline.php(128): Illuminate\\Foundation\\Http\\Kernel->Illuminate\\Foundation\\Http\\{closure}()
#23 /home/dperez/Documents/Proyectos/laravel-sign/vendor/laravel/framework/src/Illuminate/Foundation/Http/Middleware/TransformsRequest.php(21): Illuminate\\Pipeline\\Pipeline->Illuminate\\Pipeline\\{closure}()
#24 /home/dperez/Documents/Proyectos/laravel-sign/vendor/laravel/framework/src/Illuminate/Foundation/Http/Middleware/ConvertEmptyStringsToNull.php(31): Illuminate\\Foundation\\Http\\Middleware\\TransformsRequest->handle()
#25 /home/dperez/Documents/Proyectos/laravel-sign/vendor/laravel/framework/src/Illuminate/Pipeline/Pipeline.php(167): Illuminate\\Foundation\\Http\\Middleware\\ConvertEmptyStringsToNull->handle()
#26 /home/dperez/Documents/Proyectos/laravel-sign/vendor/laravel/framework/src/Illuminate/Foundation/Http/Middleware/TransformsRequest.php(21): Illuminate\\Pipeline\\Pipeline->Illuminate\\Pipeline\\{closure}()
#27 /home/dperez/Documents/Proyectos/laravel-sign/vendor/laravel/framework/src/Illuminate/Foundation/Http/Middleware/TrimStrings.php(40): Illuminate\\Foundation\\Http\\Middleware\\TransformsRequest->handle()
#28 /home/dperez/Documents/Proyectos/laravel-sign/vendor/laravel/framework/src/Illuminate/Pipeline/Pipeline.php(167): Illuminate\\Foundation\\Http\\Middleware\\TrimStrings->handle()
#29 /home/dperez/Documents/Proyectos/laravel-sign/vendor/laravel/framework/src/Illuminate/Foundation/Http/Middleware/ValidatePostSize.php(27): Illuminate\\Pipeline\\Pipeline->Illuminate\\Pipeline\\{closure}()
#30 /home/dperez/Documents/Proyectos/laravel-sign/vendor/laravel/framework/src/Illuminate/Pipeline/Pipeline.php(167): Illuminate\\Foundation\\Http\\Middleware\\ValidatePostSize->handle()
#31 /home/dperez/Documents/Proyectos/laravel-sign/vendor/laravel/framework/src/Illuminate/Foundation/Http/Middleware/PreventRequestsDuringMaintenance.php(86): Illuminate\\Pipeline\\Pipeline->Illuminate\\Pipeline\\{closure}()
#32 /home/dperez/Documents/Proyectos/laravel-sign/vendor/laravel/framework/src/Illuminate/Pipeline/Pipeline.php(167): Illuminate\\Foundation\\Http\\Middleware\\PreventRequestsDuringMaintenance->handle()
#33 /home/dperez/Documents/Proyectos/laravel-sign/vendor/fruitcake/laravel-cors/src/HandleCors.php(52): Illuminate\\Pipeline\\Pipeline->Illuminate\\Pipeline\\{closure}()
#34 /home/dperez/Documents/Proyectos/laravel-sign/vendor/laravel/framework/src/Illuminate/Pipeline/Pipeline.php(167): Fruitcake\\Cors\\HandleCors->handle()
#35 /home/dperez/Documents/Proyectos/laravel-sign/vendor/laravel/framework/src/Illuminate/Http/Middleware/TrustProxies.php(39): Illuminate\\Pipeline\\Pipeline->Illuminate\\Pipeline\\{closure}()
#36 /home/dperez/Documents/Proyectos/laravel-sign/vendor/laravel/framework/src/Illuminate/Pipeline/Pipeline.php(167): Illuminate\\Http\\Middleware\\TrustProxies->handle()
#37 /home/dperez/Documents/Proyectos/laravel-sign/vendor/laravel/framework/src/Illuminate/Pipeline/Pipeline.php(103): Illuminate\\Pipeline\\Pipeline->Illuminate\\Pipeline\\{closure}()
#38 /home/dperez/Documents/Proyectos/laravel-sign/vendor/laravel/framework/src/Illuminate/Foundation/Http/Kernel.php(142): Illuminate\\Pipeline\\Pipeline->then()
#39 /home/dperez/Documents/Proyectos/laravel-sign/vendor/laravel/framework/src/Illuminate/Foundation/Http/Kernel.php(111): Illuminate\\Foundation\\Http\\Kernel->sendRequestThroughRouter()
#40 /home/dperez/Documents/Proyectos/laravel-sign/public/index.php(14): Illuminate\\Foundation\\Http\\Kernel->handle()
#41 /home/dperez/Documents/Proyectos/laravel-sign/server.php(21): require_once('...')
#42 {main}
"} 
[2025-05-28 07:24:31] local.ERROR: Undefined array key "oper_exoneradas" {"exception":"[object] (ErrorException(code: 0): Undefined array key \"oper_exoneradas\" at /home/dperez/Documents/Proyectos/laravel-sign/app/DTOs/Invoice/InvoiceMontosData.php:25)
[stacktrace]
#0 /home/dperez/Documents/Proyectos/laravel-sign/app/DTOs/Invoice/InvoiceMontosData.php(25): Illuminate\\Foundation\\Bootstrap\\HandleExceptions->handleError()
#1 /home/dperez/Documents/Proyectos/laravel-sign/app/DTOs/Invoice/InvoiceData.php(55): App\\DTOs\\Invoice\\InvoiceMontosData::from()
#2 /home/dperez/Documents/Proyectos/laravel-sign/app/DTOs/InvoiceDTO.php(22): App\\DTOs\\Invoice\\InvoiceData::from()
#3 /home/dperez/Documents/Proyectos/laravel-sign/app/Http/Controllers/InvoiceController.php(27): App\\DTOs\\InvoiceDTO::fromRequest()
#4 /home/dperez/Documents/Proyectos/laravel-sign/vendor/laravel/framework/src/Illuminate/Routing/Controller.php(54): App\\Http\\Controllers\\InvoiceController->createXML()
#5 /home/dperez/Documents/Proyectos/laravel-sign/vendor/laravel/framework/src/Illuminate/Routing/ControllerDispatcher.php(45): Illuminate\\Routing\\Controller->callAction()
#6 /home/dperez/Documents/Proyectos/laravel-sign/vendor/laravel/framework/src/Illuminate/Routing/Route.php(261): Illuminate\\Routing\\ControllerDispatcher->dispatch()
#7 /home/dperez/Documents/Proyectos/laravel-sign/vendor/laravel/framework/src/Illuminate/Routing/Route.php(205): Illuminate\\Routing\\Route->runController()
#8 /home/dperez/Documents/Proyectos/laravel-sign/vendor/laravel/framework/src/Illuminate/Routing/Router.php(721): Illuminate\\Routing\\Route->run()
#9 /home/dperez/Documents/Proyectos/laravel-sign/vendor/laravel/framework/src/Illuminate/Pipeline/Pipeline.php(128): Illuminate\\Routing\\Router->Illuminate\\Routing\\{closure}()
#10 /home/dperez/Documents/Proyectos/laravel-sign/vendor/laravel/framework/src/Illuminate/Routing/Middleware/SubstituteBindings.php(50): Illuminate\\Pipeline\\Pipeline->Illuminate\\Pipeline\\{closure}()
#11 /home/dperez/Documents/Proyectos/laravel-sign/vendor/laravel/framework/src/Illuminate/Pipeline/Pipeline.php(167): Illuminate\\Routing\\Middleware\\SubstituteBindings->handle()
#12 /home/dperez/Documents/Proyectos/laravel-sign/vendor/laravel/framework/src/Illuminate/Routing/Middleware/ThrottleRequests.php(127): Illuminate\\Pipeline\\Pipeline->Illuminate\\Pipeline\\{closure}()
#13 /home/dperez/Documents/Proyectos/laravel-sign/vendor/laravel/framework/src/Illuminate/Routing/Middleware/ThrottleRequests.php(93): Illuminate\\Routing\\Middleware\\ThrottleRequests->handleRequest()
#14 /home/dperez/Documents/Proyectos/laravel-sign/vendor/laravel/framework/src/Illuminate/Routing/Middleware/ThrottleRequests.php(55): Illuminate\\Routing\\Middleware\\ThrottleRequests->handleRequestUsingNamedLimiter()
#15 /home/dperez/Documents/Proyectos/laravel-sign/vendor/laravel/framework/src/Illuminate/Pipeline/Pipeline.php(167): Illuminate\\Routing\\Middleware\\ThrottleRequests->handle()
#16 /home/dperez/Documents/Proyectos/laravel-sign/vendor/laravel/framework/src/Illuminate/Pipeline/Pipeline.php(103): Illuminate\\Pipeline\\Pipeline->Illuminate\\Pipeline\\{closure}()
#17 /home/dperez/Documents/Proyectos/laravel-sign/vendor/laravel/framework/src/Illuminate/Routing/Router.php(719): Illuminate\\Pipeline\\Pipeline->then()
#18 /home/dperez/Documents/Proyectos/laravel-sign/vendor/laravel/framework/src/Illuminate/Routing/Router.php(698): Illuminate\\Routing\\Router->runRouteWithinStack()
#19 /home/dperez/Documents/Proyectos/laravel-sign/vendor/laravel/framework/src/Illuminate/Routing/Router.php(662): Illuminate\\Routing\\Router->runRoute()
#20 /home/dperez/Documents/Proyectos/laravel-sign/vendor/laravel/framework/src/Illuminate/Routing/Router.php(651): Illuminate\\Routing\\Router->dispatchToRoute()
#21 /home/dperez/Documents/Proyectos/laravel-sign/vendor/laravel/framework/src/Illuminate/Foundation/Http/Kernel.php(167): Illuminate\\Routing\\Router->dispatch()
#22 /home/dperez/Documents/Proyectos/laravel-sign/vendor/laravel/framework/src/Illuminate/Pipeline/Pipeline.php(128): Illuminate\\Foundation\\Http\\Kernel->Illuminate\\Foundation\\Http\\{closure}()
#23 /home/dperez/Documents/Proyectos/laravel-sign/vendor/laravel/framework/src/Illuminate/Foundation/Http/Middleware/TransformsRequest.php(21): Illuminate\\Pipeline\\Pipeline->Illuminate\\Pipeline\\{closure}()
#24 /home/dperez/Documents/Proyectos/laravel-sign/vendor/laravel/framework/src/Illuminate/Foundation/Http/Middleware/ConvertEmptyStringsToNull.php(31): Illuminate\\Foundation\\Http\\Middleware\\TransformsRequest->handle()
#25 /home/dperez/Documents/Proyectos/laravel-sign/vendor/laravel/framework/src/Illuminate/Pipeline/Pipeline.php(167): Illuminate\\Foundation\\Http\\Middleware\\ConvertEmptyStringsToNull->handle()
#26 /home/dperez/Documents/Proyectos/laravel-sign/vendor/laravel/framework/src/Illuminate/Foundation/Http/Middleware/TransformsRequest.php(21): Illuminate\\Pipeline\\Pipeline->Illuminate\\Pipeline\\{closure}()
#27 /home/dperez/Documents/Proyectos/laravel-sign/vendor/laravel/framework/src/Illuminate/Foundation/Http/Middleware/TrimStrings.php(40): Illuminate\\Foundation\\Http\\Middleware\\TransformsRequest->handle()
#28 /home/dperez/Documents/Proyectos/laravel-sign/vendor/laravel/framework/src/Illuminate/Pipeline/Pipeline.php(167): Illuminate\\Foundation\\Http\\Middleware\\TrimStrings->handle()
#29 /home/dperez/Documents/Proyectos/laravel-sign/vendor/laravel/framework/src/Illuminate/Foundation/Http/Middleware/ValidatePostSize.php(27): Illuminate\\Pipeline\\Pipeline->Illuminate\\Pipeline\\{closure}()
#30 /home/dperez/Documents/Proyectos/laravel-sign/vendor/laravel/framework/src/Illuminate/Pipeline/Pipeline.php(167): Illuminate\\Foundation\\Http\\Middleware\\ValidatePostSize->handle()
#31 /home/dperez/Documents/Proyectos/laravel-sign/vendor/laravel/framework/src/Illuminate/Foundation/Http/Middleware/PreventRequestsDuringMaintenance.php(86): Illuminate\\Pipeline\\Pipeline->Illuminate\\Pipeline\\{closure}()
#32 /home/dperez/Documents/Proyectos/laravel-sign/vendor/laravel/framework/src/Illuminate/Pipeline/Pipeline.php(167): Illuminate\\Foundation\\Http\\Middleware\\PreventRequestsDuringMaintenance->handle()
#33 /home/dperez/Documents/Proyectos/laravel-sign/vendor/fruitcake/laravel-cors/src/HandleCors.php(52): Illuminate\\Pipeline\\Pipeline->Illuminate\\Pipeline\\{closure}()
#34 /home/dperez/Documents/Proyectos/laravel-sign/vendor/laravel/framework/src/Illuminate/Pipeline/Pipeline.php(167): Fruitcake\\Cors\\HandleCors->handle()
#35 /home/dperez/Documents/Proyectos/laravel-sign/vendor/laravel/framework/src/Illuminate/Http/Middleware/TrustProxies.php(39): Illuminate\\Pipeline\\Pipeline->Illuminate\\Pipeline\\{closure}()
#36 /home/dperez/Documents/Proyectos/laravel-sign/vendor/laravel/framework/src/Illuminate/Pipeline/Pipeline.php(167): Illuminate\\Http\\Middleware\\TrustProxies->handle()
#37 /home/dperez/Documents/Proyectos/laravel-sign/vendor/laravel/framework/src/Illuminate/Pipeline/Pipeline.php(103): Illuminate\\Pipeline\\Pipeline->Illuminate\\Pipeline\\{closure}()
#38 /home/dperez/Documents/Proyectos/laravel-sign/vendor/laravel/framework/src/Illuminate/Foundation/Http/Kernel.php(142): Illuminate\\Pipeline\\Pipeline->then()
#39 /home/dperez/Documents/Proyectos/laravel-sign/vendor/laravel/framework/src/Illuminate/Foundation/Http/Kernel.php(111): Illuminate\\Foundation\\Http\\Kernel->sendRequestThroughRouter()
#40 /home/dperez/Documents/Proyectos/laravel-sign/public/index.php(14): Illuminate\\Foundation\\Http\\Kernel->handle()
#41 /home/dperez/Documents/Proyectos/laravel-sign/server.php(21): require_once('...')
#42 {main}
"} 
[2025-05-28 07:25:18] local.ERROR: Undefined array key "oper_exoneradas" {"exception":"[object] (ErrorException(code: 0): Undefined array key \"oper_exoneradas\" at /home/dperez/Documents/Proyectos/laravel-sign/app/DTOs/Invoice/InvoiceMontosData.php:25)
[stacktrace]
#0 /home/dperez/Documents/Proyectos/laravel-sign/app/DTOs/Invoice/InvoiceMontosData.php(25): Illuminate\\Foundation\\Bootstrap\\HandleExceptions->handleError()
#1 /home/dperez/Documents/Proyectos/laravel-sign/app/DTOs/Invoice/InvoiceData.php(55): App\\DTOs\\Invoice\\InvoiceMontosData::from()
#2 /home/dperez/Documents/Proyectos/laravel-sign/app/DTOs/InvoiceDTO.php(22): App\\DTOs\\Invoice\\InvoiceData::from()
#3 /home/dperez/Documents/Proyectos/laravel-sign/app/Http/Controllers/InvoiceController.php(27): App\\DTOs\\InvoiceDTO::fromRequest()
#4 /home/dperez/Documents/Proyectos/laravel-sign/vendor/laravel/framework/src/Illuminate/Routing/Controller.php(54): App\\Http\\Controllers\\InvoiceController->createXML()
#5 /home/dperez/Documents/Proyectos/laravel-sign/vendor/laravel/framework/src/Illuminate/Routing/ControllerDispatcher.php(45): Illuminate\\Routing\\Controller->callAction()
#6 /home/dperez/Documents/Proyectos/laravel-sign/vendor/laravel/framework/src/Illuminate/Routing/Route.php(261): Illuminate\\Routing\\ControllerDispatcher->dispatch()
#7 /home/dperez/Documents/Proyectos/laravel-sign/vendor/laravel/framework/src/Illuminate/Routing/Route.php(205): Illuminate\\Routing\\Route->runController()
#8 /home/dperez/Documents/Proyectos/laravel-sign/vendor/laravel/framework/src/Illuminate/Routing/Router.php(721): Illuminate\\Routing\\Route->run()
#9 /home/dperez/Documents/Proyectos/laravel-sign/vendor/laravel/framework/src/Illuminate/Pipeline/Pipeline.php(128): Illuminate\\Routing\\Router->Illuminate\\Routing\\{closure}()
#10 /home/dperez/Documents/Proyectos/laravel-sign/vendor/laravel/framework/src/Illuminate/Routing/Middleware/SubstituteBindings.php(50): Illuminate\\Pipeline\\Pipeline->Illuminate\\Pipeline\\{closure}()
#11 /home/dperez/Documents/Proyectos/laravel-sign/vendor/laravel/framework/src/Illuminate/Pipeline/Pipeline.php(167): Illuminate\\Routing\\Middleware\\SubstituteBindings->handle()
#12 /home/dperez/Documents/Proyectos/laravel-sign/vendor/laravel/framework/src/Illuminate/Routing/Middleware/ThrottleRequests.php(127): Illuminate\\Pipeline\\Pipeline->Illuminate\\Pipeline\\{closure}()
#13 /home/dperez/Documents/Proyectos/laravel-sign/vendor/laravel/framework/src/Illuminate/Routing/Middleware/ThrottleRequests.php(93): Illuminate\\Routing\\Middleware\\ThrottleRequests->handleRequest()
#14 /home/dperez/Documents/Proyectos/laravel-sign/vendor/laravel/framework/src/Illuminate/Routing/Middleware/ThrottleRequests.php(55): Illuminate\\Routing\\Middleware\\ThrottleRequests->handleRequestUsingNamedLimiter()
#15 /home/dperez/Documents/Proyectos/laravel-sign/vendor/laravel/framework/src/Illuminate/Pipeline/Pipeline.php(167): Illuminate\\Routing\\Middleware\\ThrottleRequests->handle()
#16 /home/dperez/Documents/Proyectos/laravel-sign/vendor/laravel/framework/src/Illuminate/Pipeline/Pipeline.php(103): Illuminate\\Pipeline\\Pipeline->Illuminate\\Pipeline\\{closure}()
#17 /home/dperez/Documents/Proyectos/laravel-sign/vendor/laravel/framework/src/Illuminate/Routing/Router.php(719): Illuminate\\Pipeline\\Pipeline->then()
#18 /home/dperez/Documents/Proyectos/laravel-sign/vendor/laravel/framework/src/Illuminate/Routing/Router.php(698): Illuminate\\Routing\\Router->runRouteWithinStack()
#19 /home/dperez/Documents/Proyectos/laravel-sign/vendor/laravel/framework/src/Illuminate/Routing/Router.php(662): Illuminate\\Routing\\Router->runRoute()
#20 /home/dperez/Documents/Proyectos/laravel-sign/vendor/laravel/framework/src/Illuminate/Routing/Router.php(651): Illuminate\\Routing\\Router->dispatchToRoute()
#21 /home/dperez/Documents/Proyectos/laravel-sign/vendor/laravel/framework/src/Illuminate/Foundation/Http/Kernel.php(167): Illuminate\\Routing\\Router->dispatch()
#22 /home/dperez/Documents/Proyectos/laravel-sign/vendor/laravel/framework/src/Illuminate/Pipeline/Pipeline.php(128): Illuminate\\Foundation\\Http\\Kernel->Illuminate\\Foundation\\Http\\{closure}()
#23 /home/dperez/Documents/Proyectos/laravel-sign/vendor/laravel/framework/src/Illuminate/Foundation/Http/Middleware/TransformsRequest.php(21): Illuminate\\Pipeline\\Pipeline->Illuminate\\Pipeline\\{closure}()
#24 /home/dperez/Documents/Proyectos/laravel-sign/vendor/laravel/framework/src/Illuminate/Foundation/Http/Middleware/ConvertEmptyStringsToNull.php(31): Illuminate\\Foundation\\Http\\Middleware\\TransformsRequest->handle()
#25 /home/dperez/Documents/Proyectos/laravel-sign/vendor/laravel/framework/src/Illuminate/Pipeline/Pipeline.php(167): Illuminate\\Foundation\\Http\\Middleware\\ConvertEmptyStringsToNull->handle()
#26 /home/dperez/Documents/Proyectos/laravel-sign/vendor/laravel/framework/src/Illuminate/Foundation/Http/Middleware/TransformsRequest.php(21): Illuminate\\Pipeline\\Pipeline->Illuminate\\Pipeline\\{closure}()
#27 /home/dperez/Documents/Proyectos/laravel-sign/vendor/laravel/framework/src/Illuminate/Foundation/Http/Middleware/TrimStrings.php(40): Illuminate\\Foundation\\Http\\Middleware\\TransformsRequest->handle()
#28 /home/dperez/Documents/Proyectos/laravel-sign/vendor/laravel/framework/src/Illuminate/Pipeline/Pipeline.php(167): Illuminate\\Foundation\\Http\\Middleware\\TrimStrings->handle()
#29 /home/dperez/Documents/Proyectos/laravel-sign/vendor/laravel/framework/src/Illuminate/Foundation/Http/Middleware/ValidatePostSize.php(27): Illuminate\\Pipeline\\Pipeline->Illuminate\\Pipeline\\{closure}()
#30 /home/dperez/Documents/Proyectos/laravel-sign/vendor/laravel/framework/src/Illuminate/Pipeline/Pipeline.php(167): Illuminate\\Foundation\\Http\\Middleware\\ValidatePostSize->handle()
#31 /home/dperez/Documents/Proyectos/laravel-sign/vendor/laravel/framework/src/Illuminate/Foundation/Http/Middleware/PreventRequestsDuringMaintenance.php(86): Illuminate\\Pipeline\\Pipeline->Illuminate\\Pipeline\\{closure}()
#32 /home/dperez/Documents/Proyectos/laravel-sign/vendor/laravel/framework/src/Illuminate/Pipeline/Pipeline.php(167): Illuminate\\Foundation\\Http\\Middleware\\PreventRequestsDuringMaintenance->handle()
#33 /home/dperez/Documents/Proyectos/laravel-sign/vendor/fruitcake/laravel-cors/src/HandleCors.php(52): Illuminate\\Pipeline\\Pipeline->Illuminate\\Pipeline\\{closure}()
#34 /home/dperez/Documents/Proyectos/laravel-sign/vendor/laravel/framework/src/Illuminate/Pipeline/Pipeline.php(167): Fruitcake\\Cors\\HandleCors->handle()
#35 /home/dperez/Documents/Proyectos/laravel-sign/vendor/laravel/framework/src/Illuminate/Http/Middleware/TrustProxies.php(39): Illuminate\\Pipeline\\Pipeline->Illuminate\\Pipeline\\{closure}()
#36 /home/dperez/Documents/Proyectos/laravel-sign/vendor/laravel/framework/src/Illuminate/Pipeline/Pipeline.php(167): Illuminate\\Http\\Middleware\\TrustProxies->handle()
#37 /home/dperez/Documents/Proyectos/laravel-sign/vendor/laravel/framework/src/Illuminate/Pipeline/Pipeline.php(103): Illuminate\\Pipeline\\Pipeline->Illuminate\\Pipeline\\{closure}()
#38 /home/dperez/Documents/Proyectos/laravel-sign/vendor/laravel/framework/src/Illuminate/Foundation/Http/Kernel.php(142): Illuminate\\Pipeline\\Pipeline->then()
#39 /home/dperez/Documents/Proyectos/laravel-sign/vendor/laravel/framework/src/Illuminate/Foundation/Http/Kernel.php(111): Illuminate\\Foundation\\Http\\Kernel->sendRequestThroughRouter()
#40 /home/dperez/Documents/Proyectos/laravel-sign/public/index.php(14): Illuminate\\Foundation\\Http\\Kernel->handle()
#41 /home/dperez/Documents/Proyectos/laravel-sign/server.php(21): require_once('...')
#42 {main}
"} 
[2025-05-28 07:25:28] local.ERROR: Undefined array key "oper_exoneradas" {"exception":"[object] (ErrorException(code: 0): Undefined array key \"oper_exoneradas\" at /home/dperez/Documents/Proyectos/laravel-sign/app/DTOs/Invoice/InvoiceMontosData.php:25)
[stacktrace]
#0 /home/dperez/Documents/Proyectos/laravel-sign/app/DTOs/Invoice/InvoiceMontosData.php(25): Illuminate\\Foundation\\Bootstrap\\HandleExceptions->handleError()
#1 /home/dperez/Documents/Proyectos/laravel-sign/app/DTOs/Invoice/InvoiceData.php(55): App\\DTOs\\Invoice\\InvoiceMontosData::from()
#2 /home/dperez/Documents/Proyectos/laravel-sign/app/DTOs/InvoiceDTO.php(22): App\\DTOs\\Invoice\\InvoiceData::from()
#3 /home/dperez/Documents/Proyectos/laravel-sign/app/Http/Controllers/InvoiceController.php(27): App\\DTOs\\InvoiceDTO::fromRequest()
#4 /home/dperez/Documents/Proyectos/laravel-sign/vendor/laravel/framework/src/Illuminate/Routing/Controller.php(54): App\\Http\\Controllers\\InvoiceController->createXML()
#5 /home/dperez/Documents/Proyectos/laravel-sign/vendor/laravel/framework/src/Illuminate/Routing/ControllerDispatcher.php(45): Illuminate\\Routing\\Controller->callAction()
#6 /home/dperez/Documents/Proyectos/laravel-sign/vendor/laravel/framework/src/Illuminate/Routing/Route.php(261): Illuminate\\Routing\\ControllerDispatcher->dispatch()
#7 /home/dperez/Documents/Proyectos/laravel-sign/vendor/laravel/framework/src/Illuminate/Routing/Route.php(205): Illuminate\\Routing\\Route->runController()
#8 /home/dperez/Documents/Proyectos/laravel-sign/vendor/laravel/framework/src/Illuminate/Routing/Router.php(721): Illuminate\\Routing\\Route->run()
#9 /home/dperez/Documents/Proyectos/laravel-sign/vendor/laravel/framework/src/Illuminate/Pipeline/Pipeline.php(128): Illuminate\\Routing\\Router->Illuminate\\Routing\\{closure}()
#10 /home/dperez/Documents/Proyectos/laravel-sign/vendor/laravel/framework/src/Illuminate/Routing/Middleware/SubstituteBindings.php(50): Illuminate\\Pipeline\\Pipeline->Illuminate\\Pipeline\\{closure}()
#11 /home/dperez/Documents/Proyectos/laravel-sign/vendor/laravel/framework/src/Illuminate/Pipeline/Pipeline.php(167): Illuminate\\Routing\\Middleware\\SubstituteBindings->handle()
#12 /home/dperez/Documents/Proyectos/laravel-sign/vendor/laravel/framework/src/Illuminate/Routing/Middleware/ThrottleRequests.php(127): Illuminate\\Pipeline\\Pipeline->Illuminate\\Pipeline\\{closure}()
#13 /home/dperez/Documents/Proyectos/laravel-sign/vendor/laravel/framework/src/Illuminate/Routing/Middleware/ThrottleRequests.php(93): Illuminate\\Routing\\Middleware\\ThrottleRequests->handleRequest()
#14 /home/dperez/Documents/Proyectos/laravel-sign/vendor/laravel/framework/src/Illuminate/Routing/Middleware/ThrottleRequests.php(55): Illuminate\\Routing\\Middleware\\ThrottleRequests->handleRequestUsingNamedLimiter()
#15 /home/dperez/Documents/Proyectos/laravel-sign/vendor/laravel/framework/src/Illuminate/Pipeline/Pipeline.php(167): Illuminate\\Routing\\Middleware\\ThrottleRequests->handle()
#16 /home/dperez/Documents/Proyectos/laravel-sign/vendor/laravel/framework/src/Illuminate/Pipeline/Pipeline.php(103): Illuminate\\Pipeline\\Pipeline->Illuminate\\Pipeline\\{closure}()
#17 /home/dperez/Documents/Proyectos/laravel-sign/vendor/laravel/framework/src/Illuminate/Routing/Router.php(719): Illuminate\\Pipeline\\Pipeline->then()
#18 /home/dperez/Documents/Proyectos/laravel-sign/vendor/laravel/framework/src/Illuminate/Routing/Router.php(698): Illuminate\\Routing\\Router->runRouteWithinStack()
#19 /home/dperez/Documents/Proyectos/laravel-sign/vendor/laravel/framework/src/Illuminate/Routing/Router.php(662): Illuminate\\Routing\\Router->runRoute()
#20 /home/dperez/Documents/Proyectos/laravel-sign/vendor/laravel/framework/src/Illuminate/Routing/Router.php(651): Illuminate\\Routing\\Router->dispatchToRoute()
#21 /home/dperez/Documents/Proyectos/laravel-sign/vendor/laravel/framework/src/Illuminate/Foundation/Http/Kernel.php(167): Illuminate\\Routing\\Router->dispatch()
#22 /home/dperez/Documents/Proyectos/laravel-sign/vendor/laravel/framework/src/Illuminate/Pipeline/Pipeline.php(128): Illuminate\\Foundation\\Http\\Kernel->Illuminate\\Foundation\\Http\\{closure}()
#23 /home/dperez/Documents/Proyectos/laravel-sign/vendor/laravel/framework/src/Illuminate/Foundation/Http/Middleware/TransformsRequest.php(21): Illuminate\\Pipeline\\Pipeline->Illuminate\\Pipeline\\{closure}()
#24 /home/dperez/Documents/Proyectos/laravel-sign/vendor/laravel/framework/src/Illuminate/Foundation/Http/Middleware/ConvertEmptyStringsToNull.php(31): Illuminate\\Foundation\\Http\\Middleware\\TransformsRequest->handle()
#25 /home/dperez/Documents/Proyectos/laravel-sign/vendor/laravel/framework/src/Illuminate/Pipeline/Pipeline.php(167): Illuminate\\Foundation\\Http\\Middleware\\ConvertEmptyStringsToNull->handle()
#26 /home/dperez/Documents/Proyectos/laravel-sign/vendor/laravel/framework/src/Illuminate/Foundation/Http/Middleware/TransformsRequest.php(21): Illuminate\\Pipeline\\Pipeline->Illuminate\\Pipeline\\{closure}()
#27 /home/dperez/Documents/Proyectos/laravel-sign/vendor/laravel/framework/src/Illuminate/Foundation/Http/Middleware/TrimStrings.php(40): Illuminate\\Foundation\\Http\\Middleware\\TransformsRequest->handle()
#28 /home/dperez/Documents/Proyectos/laravel-sign/vendor/laravel/framework/src/Illuminate/Pipeline/Pipeline.php(167): Illuminate\\Foundation\\Http\\Middleware\\TrimStrings->handle()
#29 /home/dperez/Documents/Proyectos/laravel-sign/vendor/laravel/framework/src/Illuminate/Foundation/Http/Middleware/ValidatePostSize.php(27): Illuminate\\Pipeline\\Pipeline->Illuminate\\Pipeline\\{closure}()
#30 /home/dperez/Documents/Proyectos/laravel-sign/vendor/laravel/framework/src/Illuminate/Pipeline/Pipeline.php(167): Illuminate\\Foundation\\Http\\Middleware\\ValidatePostSize->handle()
#31 /home/dperez/Documents/Proyectos/laravel-sign/vendor/laravel/framework/src/Illuminate/Foundation/Http/Middleware/PreventRequestsDuringMaintenance.php(86): Illuminate\\Pipeline\\Pipeline->Illuminate\\Pipeline\\{closure}()
#32 /home/dperez/Documents/Proyectos/laravel-sign/vendor/laravel/framework/src/Illuminate/Pipeline/Pipeline.php(167): Illuminate\\Foundation\\Http\\Middleware\\PreventRequestsDuringMaintenance->handle()
#33 /home/dperez/Documents/Proyectos/laravel-sign/vendor/fruitcake/laravel-cors/src/HandleCors.php(52): Illuminate\\Pipeline\\Pipeline->Illuminate\\Pipeline\\{closure}()
#34 /home/dperez/Documents/Proyectos/laravel-sign/vendor/laravel/framework/src/Illuminate/Pipeline/Pipeline.php(167): Fruitcake\\Cors\\HandleCors->handle()
#35 /home/dperez/Documents/Proyectos/laravel-sign/vendor/laravel/framework/src/Illuminate/Http/Middleware/TrustProxies.php(39): Illuminate\\Pipeline\\Pipeline->Illuminate\\Pipeline\\{closure}()
#36 /home/dperez/Documents/Proyectos/laravel-sign/vendor/laravel/framework/src/Illuminate/Pipeline/Pipeline.php(167): Illuminate\\Http\\Middleware\\TrustProxies->handle()
#37 /home/dperez/Documents/Proyectos/laravel-sign/vendor/laravel/framework/src/Illuminate/Pipeline/Pipeline.php(103): Illuminate\\Pipeline\\Pipeline->Illuminate\\Pipeline\\{closure}()
#38 /home/dperez/Documents/Proyectos/laravel-sign/vendor/laravel/framework/src/Illuminate/Foundation/Http/Kernel.php(142): Illuminate\\Pipeline\\Pipeline->then()
#39 /home/dperez/Documents/Proyectos/laravel-sign/vendor/laravel/framework/src/Illuminate/Foundation/Http/Kernel.php(111): Illuminate\\Foundation\\Http\\Kernel->sendRequestThroughRouter()
#40 /home/dperez/Documents/Proyectos/laravel-sign/public/index.php(14): Illuminate\\Foundation\\Http\\Kernel->handle()
#41 /home/dperez/Documents/Proyectos/laravel-sign/server.php(21): require_once('...')
#42 {main}
"} 
[2025-05-28 07:28:54] local.ERROR: Undefined array key "client" {"exception":"[object] (ErrorException(code: 0): Undefined array key \"client\" at /home/dperez/Documents/Proyectos/laravel-sign/app/DTOs/InvoiceDTO.php:20)
[stacktrace]
#0 /home/dperez/Documents/Proyectos/laravel-sign/app/DTOs/InvoiceDTO.php(20): Illuminate\\Foundation\\Bootstrap\\HandleExceptions->handleError()
#1 /home/dperez/Documents/Proyectos/laravel-sign/app/Http/Controllers/InvoiceController.php(27): App\\DTOs\\InvoiceDTO::fromRequest()
#2 /home/dperez/Documents/Proyectos/laravel-sign/vendor/laravel/framework/src/Illuminate/Routing/Controller.php(54): App\\Http\\Controllers\\InvoiceController->createXML()
#3 /home/dperez/Documents/Proyectos/laravel-sign/vendor/laravel/framework/src/Illuminate/Routing/ControllerDispatcher.php(45): Illuminate\\Routing\\Controller->callAction()
#4 /home/dperez/Documents/Proyectos/laravel-sign/vendor/laravel/framework/src/Illuminate/Routing/Route.php(261): Illuminate\\Routing\\ControllerDispatcher->dispatch()
#5 /home/dperez/Documents/Proyectos/laravel-sign/vendor/laravel/framework/src/Illuminate/Routing/Route.php(205): Illuminate\\Routing\\Route->runController()
#6 /home/dperez/Documents/Proyectos/laravel-sign/vendor/laravel/framework/src/Illuminate/Routing/Router.php(721): Illuminate\\Routing\\Route->run()
#7 /home/dperez/Documents/Proyectos/laravel-sign/vendor/laravel/framework/src/Illuminate/Pipeline/Pipeline.php(128): Illuminate\\Routing\\Router->Illuminate\\Routing\\{closure}()
#8 /home/dperez/Documents/Proyectos/laravel-sign/vendor/laravel/framework/src/Illuminate/Routing/Middleware/SubstituteBindings.php(50): Illuminate\\Pipeline\\Pipeline->Illuminate\\Pipeline\\{closure}()
#9 /home/dperez/Documents/Proyectos/laravel-sign/vendor/laravel/framework/src/Illuminate/Pipeline/Pipeline.php(167): Illuminate\\Routing\\Middleware\\SubstituteBindings->handle()
#10 /home/dperez/Documents/Proyectos/laravel-sign/vendor/laravel/framework/src/Illuminate/Routing/Middleware/ThrottleRequests.php(127): Illuminate\\Pipeline\\Pipeline->Illuminate\\Pipeline\\{closure}()
#11 /home/dperez/Documents/Proyectos/laravel-sign/vendor/laravel/framework/src/Illuminate/Routing/Middleware/ThrottleRequests.php(93): Illuminate\\Routing\\Middleware\\ThrottleRequests->handleRequest()
#12 /home/dperez/Documents/Proyectos/laravel-sign/vendor/laravel/framework/src/Illuminate/Routing/Middleware/ThrottleRequests.php(55): Illuminate\\Routing\\Middleware\\ThrottleRequests->handleRequestUsingNamedLimiter()
#13 /home/dperez/Documents/Proyectos/laravel-sign/vendor/laravel/framework/src/Illuminate/Pipeline/Pipeline.php(167): Illuminate\\Routing\\Middleware\\ThrottleRequests->handle()
#14 /home/dperez/Documents/Proyectos/laravel-sign/vendor/laravel/framework/src/Illuminate/Pipeline/Pipeline.php(103): Illuminate\\Pipeline\\Pipeline->Illuminate\\Pipeline\\{closure}()
#15 /home/dperez/Documents/Proyectos/laravel-sign/vendor/laravel/framework/src/Illuminate/Routing/Router.php(719): Illuminate\\Pipeline\\Pipeline->then()
#16 /home/dperez/Documents/Proyectos/laravel-sign/vendor/laravel/framework/src/Illuminate/Routing/Router.php(698): Illuminate\\Routing\\Router->runRouteWithinStack()
#17 /home/dperez/Documents/Proyectos/laravel-sign/vendor/laravel/framework/src/Illuminate/Routing/Router.php(662): Illuminate\\Routing\\Router->runRoute()
#18 /home/dperez/Documents/Proyectos/laravel-sign/vendor/laravel/framework/src/Illuminate/Routing/Router.php(651): Illuminate\\Routing\\Router->dispatchToRoute()
#19 /home/dperez/Documents/Proyectos/laravel-sign/vendor/laravel/framework/src/Illuminate/Foundation/Http/Kernel.php(167): Illuminate\\Routing\\Router->dispatch()
#20 /home/dperez/Documents/Proyectos/laravel-sign/vendor/laravel/framework/src/Illuminate/Pipeline/Pipeline.php(128): Illuminate\\Foundation\\Http\\Kernel->Illuminate\\Foundation\\Http\\{closure}()
#21 /home/dperez/Documents/Proyectos/laravel-sign/vendor/laravel/framework/src/Illuminate/Foundation/Http/Middleware/TransformsRequest.php(21): Illuminate\\Pipeline\\Pipeline->Illuminate\\Pipeline\\{closure}()
#22 /home/dperez/Documents/Proyectos/laravel-sign/vendor/laravel/framework/src/Illuminate/Foundation/Http/Middleware/ConvertEmptyStringsToNull.php(31): Illuminate\\Foundation\\Http\\Middleware\\TransformsRequest->handle()
#23 /home/dperez/Documents/Proyectos/laravel-sign/vendor/laravel/framework/src/Illuminate/Pipeline/Pipeline.php(167): Illuminate\\Foundation\\Http\\Middleware\\ConvertEmptyStringsToNull->handle()
#24 /home/dperez/Documents/Proyectos/laravel-sign/vendor/laravel/framework/src/Illuminate/Foundation/Http/Middleware/TransformsRequest.php(21): Illuminate\\Pipeline\\Pipeline->Illuminate\\Pipeline\\{closure}()
#25 /home/dperez/Documents/Proyectos/laravel-sign/vendor/laravel/framework/src/Illuminate/Foundation/Http/Middleware/TrimStrings.php(40): Illuminate\\Foundation\\Http\\Middleware\\TransformsRequest->handle()
#26 /home/dperez/Documents/Proyectos/laravel-sign/vendor/laravel/framework/src/Illuminate/Pipeline/Pipeline.php(167): Illuminate\\Foundation\\Http\\Middleware\\TrimStrings->handle()
#27 /home/dperez/Documents/Proyectos/laravel-sign/vendor/laravel/framework/src/Illuminate/Foundation/Http/Middleware/ValidatePostSize.php(27): Illuminate\\Pipeline\\Pipeline->Illuminate\\Pipeline\\{closure}()
#28 /home/dperez/Documents/Proyectos/laravel-sign/vendor/laravel/framework/src/Illuminate/Pipeline/Pipeline.php(167): Illuminate\\Foundation\\Http\\Middleware\\ValidatePostSize->handle()
#29 /home/dperez/Documents/Proyectos/laravel-sign/vendor/laravel/framework/src/Illuminate/Foundation/Http/Middleware/PreventRequestsDuringMaintenance.php(86): Illuminate\\Pipeline\\Pipeline->Illuminate\\Pipeline\\{closure}()
#30 /home/dperez/Documents/Proyectos/laravel-sign/vendor/laravel/framework/src/Illuminate/Pipeline/Pipeline.php(167): Illuminate\\Foundation\\Http\\Middleware\\PreventRequestsDuringMaintenance->handle()
#31 /home/dperez/Documents/Proyectos/laravel-sign/vendor/fruitcake/laravel-cors/src/HandleCors.php(52): Illuminate\\Pipeline\\Pipeline->Illuminate\\Pipeline\\{closure}()
#32 /home/dperez/Documents/Proyectos/laravel-sign/vendor/laravel/framework/src/Illuminate/Pipeline/Pipeline.php(167): Fruitcake\\Cors\\HandleCors->handle()
#33 /home/dperez/Documents/Proyectos/laravel-sign/vendor/laravel/framework/src/Illuminate/Http/Middleware/TrustProxies.php(39): Illuminate\\Pipeline\\Pipeline->Illuminate\\Pipeline\\{closure}()
#34 /home/dperez/Documents/Proyectos/laravel-sign/vendor/laravel/framework/src/Illuminate/Pipeline/Pipeline.php(167): Illuminate\\Http\\Middleware\\TrustProxies->handle()
#35 /home/dperez/Documents/Proyectos/laravel-sign/vendor/laravel/framework/src/Illuminate/Pipeline/Pipeline.php(103): Illuminate\\Pipeline\\Pipeline->Illuminate\\Pipeline\\{closure}()
#36 /home/dperez/Documents/Proyectos/laravel-sign/vendor/laravel/framework/src/Illuminate/Foundation/Http/Kernel.php(142): Illuminate\\Pipeline\\Pipeline->then()
#37 /home/dperez/Documents/Proyectos/laravel-sign/vendor/laravel/framework/src/Illuminate/Foundation/Http/Kernel.php(111): Illuminate\\Foundation\\Http\\Kernel->sendRequestThroughRouter()
#38 /home/dperez/Documents/Proyectos/laravel-sign/public/index.php(14): Illuminate\\Foundation\\Http\\Kernel->handle()
#39 /home/dperez/Documents/Proyectos/laravel-sign/server.php(21): require_once('...')
#40 {main}
"} 
[2025-05-28 07:28:58] local.ERROR: Undefined array key "oper_exoneradas" {"exception":"[object] (ErrorException(code: 0): Undefined array key \"oper_exoneradas\" at /home/dperez/Documents/Proyectos/laravel-sign/app/DTOs/Invoice/InvoiceMontosData.php:25)
[stacktrace]
#0 /home/dperez/Documents/Proyectos/laravel-sign/app/DTOs/Invoice/InvoiceMontosData.php(25): Illuminate\\Foundation\\Bootstrap\\HandleExceptions->handleError()
#1 /home/dperez/Documents/Proyectos/laravel-sign/app/DTOs/Invoice/InvoiceData.php(55): App\\DTOs\\Invoice\\InvoiceMontosData::from()
#2 /home/dperez/Documents/Proyectos/laravel-sign/app/DTOs/InvoiceDTO.php(22): App\\DTOs\\Invoice\\InvoiceData::from()
#3 /home/dperez/Documents/Proyectos/laravel-sign/app/Http/Controllers/InvoiceController.php(27): App\\DTOs\\InvoiceDTO::fromRequest()
#4 /home/dperez/Documents/Proyectos/laravel-sign/vendor/laravel/framework/src/Illuminate/Routing/Controller.php(54): App\\Http\\Controllers\\InvoiceController->createXML()
#5 /home/dperez/Documents/Proyectos/laravel-sign/vendor/laravel/framework/src/Illuminate/Routing/ControllerDispatcher.php(45): Illuminate\\Routing\\Controller->callAction()
#6 /home/dperez/Documents/Proyectos/laravel-sign/vendor/laravel/framework/src/Illuminate/Routing/Route.php(261): Illuminate\\Routing\\ControllerDispatcher->dispatch()
#7 /home/dperez/Documents/Proyectos/laravel-sign/vendor/laravel/framework/src/Illuminate/Routing/Route.php(205): Illuminate\\Routing\\Route->runController()
#8 /home/dperez/Documents/Proyectos/laravel-sign/vendor/laravel/framework/src/Illuminate/Routing/Router.php(721): Illuminate\\Routing\\Route->run()
#9 /home/dperez/Documents/Proyectos/laravel-sign/vendor/laravel/framework/src/Illuminate/Pipeline/Pipeline.php(128): Illuminate\\Routing\\Router->Illuminate\\Routing\\{closure}()
#10 /home/dperez/Documents/Proyectos/laravel-sign/vendor/laravel/framework/src/Illuminate/Routing/Middleware/SubstituteBindings.php(50): Illuminate\\Pipeline\\Pipeline->Illuminate\\Pipeline\\{closure}()
#11 /home/dperez/Documents/Proyectos/laravel-sign/vendor/laravel/framework/src/Illuminate/Pipeline/Pipeline.php(167): Illuminate\\Routing\\Middleware\\SubstituteBindings->handle()
#12 /home/dperez/Documents/Proyectos/laravel-sign/vendor/laravel/framework/src/Illuminate/Routing/Middleware/ThrottleRequests.php(127): Illuminate\\Pipeline\\Pipeline->Illuminate\\Pipeline\\{closure}()
#13 /home/dperez/Documents/Proyectos/laravel-sign/vendor/laravel/framework/src/Illuminate/Routing/Middleware/ThrottleRequests.php(93): Illuminate\\Routing\\Middleware\\ThrottleRequests->handleRequest()
#14 /home/dperez/Documents/Proyectos/laravel-sign/vendor/laravel/framework/src/Illuminate/Routing/Middleware/ThrottleRequests.php(55): Illuminate\\Routing\\Middleware\\ThrottleRequests->handleRequestUsingNamedLimiter()
#15 /home/dperez/Documents/Proyectos/laravel-sign/vendor/laravel/framework/src/Illuminate/Pipeline/Pipeline.php(167): Illuminate\\Routing\\Middleware\\ThrottleRequests->handle()
#16 /home/dperez/Documents/Proyectos/laravel-sign/vendor/laravel/framework/src/Illuminate/Pipeline/Pipeline.php(103): Illuminate\\Pipeline\\Pipeline->Illuminate\\Pipeline\\{closure}()
#17 /home/dperez/Documents/Proyectos/laravel-sign/vendor/laravel/framework/src/Illuminate/Routing/Router.php(719): Illuminate\\Pipeline\\Pipeline->then()
#18 /home/dperez/Documents/Proyectos/laravel-sign/vendor/laravel/framework/src/Illuminate/Routing/Router.php(698): Illuminate\\Routing\\Router->runRouteWithinStack()
#19 /home/dperez/Documents/Proyectos/laravel-sign/vendor/laravel/framework/src/Illuminate/Routing/Router.php(662): Illuminate\\Routing\\Router->runRoute()
#20 /home/dperez/Documents/Proyectos/laravel-sign/vendor/laravel/framework/src/Illuminate/Routing/Router.php(651): Illuminate\\Routing\\Router->dispatchToRoute()
#21 /home/dperez/Documents/Proyectos/laravel-sign/vendor/laravel/framework/src/Illuminate/Foundation/Http/Kernel.php(167): Illuminate\\Routing\\Router->dispatch()
#22 /home/dperez/Documents/Proyectos/laravel-sign/vendor/laravel/framework/src/Illuminate/Pipeline/Pipeline.php(128): Illuminate\\Foundation\\Http\\Kernel->Illuminate\\Foundation\\Http\\{closure}()
#23 /home/dperez/Documents/Proyectos/laravel-sign/vendor/laravel/framework/src/Illuminate/Foundation/Http/Middleware/TransformsRequest.php(21): Illuminate\\Pipeline\\Pipeline->Illuminate\\Pipeline\\{closure}()
#24 /home/dperez/Documents/Proyectos/laravel-sign/vendor/laravel/framework/src/Illuminate/Foundation/Http/Middleware/ConvertEmptyStringsToNull.php(31): Illuminate\\Foundation\\Http\\Middleware\\TransformsRequest->handle()
#25 /home/dperez/Documents/Proyectos/laravel-sign/vendor/laravel/framework/src/Illuminate/Pipeline/Pipeline.php(167): Illuminate\\Foundation\\Http\\Middleware\\ConvertEmptyStringsToNull->handle()
#26 /home/dperez/Documents/Proyectos/laravel-sign/vendor/laravel/framework/src/Illuminate/Foundation/Http/Middleware/TransformsRequest.php(21): Illuminate\\Pipeline\\Pipeline->Illuminate\\Pipeline\\{closure}()
#27 /home/dperez/Documents/Proyectos/laravel-sign/vendor/laravel/framework/src/Illuminate/Foundation/Http/Middleware/TrimStrings.php(40): Illuminate\\Foundation\\Http\\Middleware\\TransformsRequest->handle()
#28 /home/dperez/Documents/Proyectos/laravel-sign/vendor/laravel/framework/src/Illuminate/Pipeline/Pipeline.php(167): Illuminate\\Foundation\\Http\\Middleware\\TrimStrings->handle()
#29 /home/dperez/Documents/Proyectos/laravel-sign/vendor/laravel/framework/src/Illuminate/Foundation/Http/Middleware/ValidatePostSize.php(27): Illuminate\\Pipeline\\Pipeline->Illuminate\\Pipeline\\{closure}()
#30 /home/dperez/Documents/Proyectos/laravel-sign/vendor/laravel/framework/src/Illuminate/Pipeline/Pipeline.php(167): Illuminate\\Foundation\\Http\\Middleware\\ValidatePostSize->handle()
#31 /home/dperez/Documents/Proyectos/laravel-sign/vendor/laravel/framework/src/Illuminate/Foundation/Http/Middleware/PreventRequestsDuringMaintenance.php(86): Illuminate\\Pipeline\\Pipeline->Illuminate\\Pipeline\\{closure}()
#32 /home/dperez/Documents/Proyectos/laravel-sign/vendor/laravel/framework/src/Illuminate/Pipeline/Pipeline.php(167): Illuminate\\Foundation\\Http\\Middleware\\PreventRequestsDuringMaintenance->handle()
#33 /home/dperez/Documents/Proyectos/laravel-sign/vendor/fruitcake/laravel-cors/src/HandleCors.php(52): Illuminate\\Pipeline\\Pipeline->Illuminate\\Pipeline\\{closure}()
#34 /home/dperez/Documents/Proyectos/laravel-sign/vendor/laravel/framework/src/Illuminate/Pipeline/Pipeline.php(167): Fruitcake\\Cors\\HandleCors->handle()
#35 /home/dperez/Documents/Proyectos/laravel-sign/vendor/laravel/framework/src/Illuminate/Http/Middleware/TrustProxies.php(39): Illuminate\\Pipeline\\Pipeline->Illuminate\\Pipeline\\{closure}()
#36 /home/dperez/Documents/Proyectos/laravel-sign/vendor/laravel/framework/src/Illuminate/Pipeline/Pipeline.php(167): Illuminate\\Http\\Middleware\\TrustProxies->handle()
#37 /home/dperez/Documents/Proyectos/laravel-sign/vendor/laravel/framework/src/Illuminate/Pipeline/Pipeline.php(103): Illuminate\\Pipeline\\Pipeline->Illuminate\\Pipeline\\{closure}()
#38 /home/dperez/Documents/Proyectos/laravel-sign/vendor/laravel/framework/src/Illuminate/Foundation/Http/Kernel.php(142): Illuminate\\Pipeline\\Pipeline->then()
#39 /home/dperez/Documents/Proyectos/laravel-sign/vendor/laravel/framework/src/Illuminate/Foundation/Http/Kernel.php(111): Illuminate\\Foundation\\Http\\Kernel->sendRequestThroughRouter()
#40 /home/dperez/Documents/Proyectos/laravel-sign/public/index.php(14): Illuminate\\Foundation\\Http\\Kernel->handle()
#41 /home/dperez/Documents/Proyectos/laravel-sign/server.php(21): require_once('...')
#42 {main}
"} 
[2025-05-28 07:29:49] local.ERROR: Undefined array key "oper_exoneradas" {"exception":"[object] (ErrorException(code: 0): Undefined array key \"oper_exoneradas\" at /home/dperez/Documents/Proyectos/laravel-sign/app/DTOs/Invoice/InvoiceMontosData.php:26)
[stacktrace]
#0 /home/dperez/Documents/Proyectos/laravel-sign/app/DTOs/Invoice/InvoiceMontosData.php(26): Illuminate\\Foundation\\Bootstrap\\HandleExceptions->handleError()
#1 /home/dperez/Documents/Proyectos/laravel-sign/app/DTOs/Invoice/InvoiceData.php(55): App\\DTOs\\Invoice\\InvoiceMontosData::from()
#2 /home/dperez/Documents/Proyectos/laravel-sign/app/DTOs/InvoiceDTO.php(22): App\\DTOs\\Invoice\\InvoiceData::from()
#3 /home/dperez/Documents/Proyectos/laravel-sign/app/Http/Controllers/InvoiceController.php(26): App\\DTOs\\InvoiceDTO::fromRequest()
#4 /home/dperez/Documents/Proyectos/laravel-sign/vendor/laravel/framework/src/Illuminate/Routing/Controller.php(54): App\\Http\\Controllers\\InvoiceController->createXML()
#5 /home/dperez/Documents/Proyectos/laravel-sign/vendor/laravel/framework/src/Illuminate/Routing/ControllerDispatcher.php(45): Illuminate\\Routing\\Controller->callAction()
#6 /home/dperez/Documents/Proyectos/laravel-sign/vendor/laravel/framework/src/Illuminate/Routing/Route.php(261): Illuminate\\Routing\\ControllerDispatcher->dispatch()
#7 /home/dperez/Documents/Proyectos/laravel-sign/vendor/laravel/framework/src/Illuminate/Routing/Route.php(205): Illuminate\\Routing\\Route->runController()
#8 /home/dperez/Documents/Proyectos/laravel-sign/vendor/laravel/framework/src/Illuminate/Routing/Router.php(721): Illuminate\\Routing\\Route->run()
#9 /home/dperez/Documents/Proyectos/laravel-sign/vendor/laravel/framework/src/Illuminate/Pipeline/Pipeline.php(128): Illuminate\\Routing\\Router->Illuminate\\Routing\\{closure}()
#10 /home/dperez/Documents/Proyectos/laravel-sign/vendor/laravel/framework/src/Illuminate/Routing/Middleware/SubstituteBindings.php(50): Illuminate\\Pipeline\\Pipeline->Illuminate\\Pipeline\\{closure}()
#11 /home/dperez/Documents/Proyectos/laravel-sign/vendor/laravel/framework/src/Illuminate/Pipeline/Pipeline.php(167): Illuminate\\Routing\\Middleware\\SubstituteBindings->handle()
#12 /home/dperez/Documents/Proyectos/laravel-sign/vendor/laravel/framework/src/Illuminate/Routing/Middleware/ThrottleRequests.php(127): Illuminate\\Pipeline\\Pipeline->Illuminate\\Pipeline\\{closure}()
#13 /home/dperez/Documents/Proyectos/laravel-sign/vendor/laravel/framework/src/Illuminate/Routing/Middleware/ThrottleRequests.php(93): Illuminate\\Routing\\Middleware\\ThrottleRequests->handleRequest()
#14 /home/dperez/Documents/Proyectos/laravel-sign/vendor/laravel/framework/src/Illuminate/Routing/Middleware/ThrottleRequests.php(55): Illuminate\\Routing\\Middleware\\ThrottleRequests->handleRequestUsingNamedLimiter()
#15 /home/dperez/Documents/Proyectos/laravel-sign/vendor/laravel/framework/src/Illuminate/Pipeline/Pipeline.php(167): Illuminate\\Routing\\Middleware\\ThrottleRequests->handle()
#16 /home/dperez/Documents/Proyectos/laravel-sign/vendor/laravel/framework/src/Illuminate/Pipeline/Pipeline.php(103): Illuminate\\Pipeline\\Pipeline->Illuminate\\Pipeline\\{closure}()
#17 /home/dperez/Documents/Proyectos/laravel-sign/vendor/laravel/framework/src/Illuminate/Routing/Router.php(719): Illuminate\\Pipeline\\Pipeline->then()
#18 /home/dperez/Documents/Proyectos/laravel-sign/vendor/laravel/framework/src/Illuminate/Routing/Router.php(698): Illuminate\\Routing\\Router->runRouteWithinStack()
#19 /home/dperez/Documents/Proyectos/laravel-sign/vendor/laravel/framework/src/Illuminate/Routing/Router.php(662): Illuminate\\Routing\\Router->runRoute()
#20 /home/dperez/Documents/Proyectos/laravel-sign/vendor/laravel/framework/src/Illuminate/Routing/Router.php(651): Illuminate\\Routing\\Router->dispatchToRoute()
#21 /home/dperez/Documents/Proyectos/laravel-sign/vendor/laravel/framework/src/Illuminate/Foundation/Http/Kernel.php(167): Illuminate\\Routing\\Router->dispatch()
#22 /home/dperez/Documents/Proyectos/laravel-sign/vendor/laravel/framework/src/Illuminate/Pipeline/Pipeline.php(128): Illuminate\\Foundation\\Http\\Kernel->Illuminate\\Foundation\\Http\\{closure}()
#23 /home/dperez/Documents/Proyectos/laravel-sign/vendor/laravel/framework/src/Illuminate/Foundation/Http/Middleware/TransformsRequest.php(21): Illuminate\\Pipeline\\Pipeline->Illuminate\\Pipeline\\{closure}()
#24 /home/dperez/Documents/Proyectos/laravel-sign/vendor/laravel/framework/src/Illuminate/Foundation/Http/Middleware/ConvertEmptyStringsToNull.php(31): Illuminate\\Foundation\\Http\\Middleware\\TransformsRequest->handle()
#25 /home/dperez/Documents/Proyectos/laravel-sign/vendor/laravel/framework/src/Illuminate/Pipeline/Pipeline.php(167): Illuminate\\Foundation\\Http\\Middleware\\ConvertEmptyStringsToNull->handle()
#26 /home/dperez/Documents/Proyectos/laravel-sign/vendor/laravel/framework/src/Illuminate/Foundation/Http/Middleware/TransformsRequest.php(21): Illuminate\\Pipeline\\Pipeline->Illuminate\\Pipeline\\{closure}()
#27 /home/dperez/Documents/Proyectos/laravel-sign/vendor/laravel/framework/src/Illuminate/Foundation/Http/Middleware/TrimStrings.php(40): Illuminate\\Foundation\\Http\\Middleware\\TransformsRequest->handle()
#28 /home/dperez/Documents/Proyectos/laravel-sign/vendor/laravel/framework/src/Illuminate/Pipeline/Pipeline.php(167): Illuminate\\Foundation\\Http\\Middleware\\TrimStrings->handle()
#29 /home/dperez/Documents/Proyectos/laravel-sign/vendor/laravel/framework/src/Illuminate/Foundation/Http/Middleware/ValidatePostSize.php(27): Illuminate\\Pipeline\\Pipeline->Illuminate\\Pipeline\\{closure}()
#30 /home/dperez/Documents/Proyectos/laravel-sign/vendor/laravel/framework/src/Illuminate/Pipeline/Pipeline.php(167): Illuminate\\Foundation\\Http\\Middleware\\ValidatePostSize->handle()
#31 /home/dperez/Documents/Proyectos/laravel-sign/vendor/laravel/framework/src/Illuminate/Foundation/Http/Middleware/PreventRequestsDuringMaintenance.php(86): Illuminate\\Pipeline\\Pipeline->Illuminate\\Pipeline\\{closure}()
#32 /home/dperez/Documents/Proyectos/laravel-sign/vendor/laravel/framework/src/Illuminate/Pipeline/Pipeline.php(167): Illuminate\\Foundation\\Http\\Middleware\\PreventRequestsDuringMaintenance->handle()
#33 /home/dperez/Documents/Proyectos/laravel-sign/vendor/fruitcake/laravel-cors/src/HandleCors.php(52): Illuminate\\Pipeline\\Pipeline->Illuminate\\Pipeline\\{closure}()
#34 /home/dperez/Documents/Proyectos/laravel-sign/vendor/laravel/framework/src/Illuminate/Pipeline/Pipeline.php(167): Fruitcake\\Cors\\HandleCors->handle()
#35 /home/dperez/Documents/Proyectos/laravel-sign/vendor/laravel/framework/src/Illuminate/Http/Middleware/TrustProxies.php(39): Illuminate\\Pipeline\\Pipeline->Illuminate\\Pipeline\\{closure}()
#36 /home/dperez/Documents/Proyectos/laravel-sign/vendor/laravel/framework/src/Illuminate/Pipeline/Pipeline.php(167): Illuminate\\Http\\Middleware\\TrustProxies->handle()
#37 /home/dperez/Documents/Proyectos/laravel-sign/vendor/laravel/framework/src/Illuminate/Pipeline/Pipeline.php(103): Illuminate\\Pipeline\\Pipeline->Illuminate\\Pipeline\\{closure}()
#38 /home/dperez/Documents/Proyectos/laravel-sign/vendor/laravel/framework/src/Illuminate/Foundation/Http/Kernel.php(142): Illuminate\\Pipeline\\Pipeline->then()
#39 /home/dperez/Documents/Proyectos/laravel-sign/vendor/laravel/framework/src/Illuminate/Foundation/Http/Kernel.php(111): Illuminate\\Foundation\\Http\\Kernel->sendRequestThroughRouter()
#40 /home/dperez/Documents/Proyectos/laravel-sign/public/index.php(14): Illuminate\\Foundation\\Http\\Kernel->handle()
#41 /home/dperez/Documents/Proyectos/laravel-sign/server.php(21): require_once('...')
#42 {main}
"} 
[2025-05-28 07:30:14] local.ERROR: Undefined array key "oper_exoneradas" {"exception":"[object] (ErrorException(code: 0): Undefined array key \"oper_exoneradas\" at /home/dperez/Documents/Proyectos/laravel-sign/app/DTOs/Invoice/InvoiceMontosData.php:27)
[stacktrace]
#0 /home/dperez/Documents/Proyectos/laravel-sign/app/DTOs/Invoice/InvoiceMontosData.php(27): Illuminate\\Foundation\\Bootstrap\\HandleExceptions->handleError()
#1 /home/dperez/Documents/Proyectos/laravel-sign/app/DTOs/Invoice/InvoiceData.php(55): App\\DTOs\\Invoice\\InvoiceMontosData::from()
#2 /home/dperez/Documents/Proyectos/laravel-sign/app/DTOs/InvoiceDTO.php(22): App\\DTOs\\Invoice\\InvoiceData::from()
#3 /home/dperez/Documents/Proyectos/laravel-sign/app/Http/Controllers/InvoiceController.php(26): App\\DTOs\\InvoiceDTO::fromRequest()
#4 /home/dperez/Documents/Proyectos/laravel-sign/vendor/laravel/framework/src/Illuminate/Routing/Controller.php(54): App\\Http\\Controllers\\InvoiceController->createXML()
#5 /home/dperez/Documents/Proyectos/laravel-sign/vendor/laravel/framework/src/Illuminate/Routing/ControllerDispatcher.php(45): Illuminate\\Routing\\Controller->callAction()
#6 /home/dperez/Documents/Proyectos/laravel-sign/vendor/laravel/framework/src/Illuminate/Routing/Route.php(261): Illuminate\\Routing\\ControllerDispatcher->dispatch()
#7 /home/dperez/Documents/Proyectos/laravel-sign/vendor/laravel/framework/src/Illuminate/Routing/Route.php(205): Illuminate\\Routing\\Route->runController()
#8 /home/dperez/Documents/Proyectos/laravel-sign/vendor/laravel/framework/src/Illuminate/Routing/Router.php(721): Illuminate\\Routing\\Route->run()
#9 /home/dperez/Documents/Proyectos/laravel-sign/vendor/laravel/framework/src/Illuminate/Pipeline/Pipeline.php(128): Illuminate\\Routing\\Router->Illuminate\\Routing\\{closure}()
#10 /home/dperez/Documents/Proyectos/laravel-sign/vendor/laravel/framework/src/Illuminate/Routing/Middleware/SubstituteBindings.php(50): Illuminate\\Pipeline\\Pipeline->Illuminate\\Pipeline\\{closure}()
#11 /home/dperez/Documents/Proyectos/laravel-sign/vendor/laravel/framework/src/Illuminate/Pipeline/Pipeline.php(167): Illuminate\\Routing\\Middleware\\SubstituteBindings->handle()
#12 /home/dperez/Documents/Proyectos/laravel-sign/vendor/laravel/framework/src/Illuminate/Routing/Middleware/ThrottleRequests.php(127): Illuminate\\Pipeline\\Pipeline->Illuminate\\Pipeline\\{closure}()
#13 /home/dperez/Documents/Proyectos/laravel-sign/vendor/laravel/framework/src/Illuminate/Routing/Middleware/ThrottleRequests.php(93): Illuminate\\Routing\\Middleware\\ThrottleRequests->handleRequest()
#14 /home/dperez/Documents/Proyectos/laravel-sign/vendor/laravel/framework/src/Illuminate/Routing/Middleware/ThrottleRequests.php(55): Illuminate\\Routing\\Middleware\\ThrottleRequests->handleRequestUsingNamedLimiter()
#15 /home/dperez/Documents/Proyectos/laravel-sign/vendor/laravel/framework/src/Illuminate/Pipeline/Pipeline.php(167): Illuminate\\Routing\\Middleware\\ThrottleRequests->handle()
#16 /home/dperez/Documents/Proyectos/laravel-sign/vendor/laravel/framework/src/Illuminate/Pipeline/Pipeline.php(103): Illuminate\\Pipeline\\Pipeline->Illuminate\\Pipeline\\{closure}()
#17 /home/dperez/Documents/Proyectos/laravel-sign/vendor/laravel/framework/src/Illuminate/Routing/Router.php(719): Illuminate\\Pipeline\\Pipeline->then()
#18 /home/dperez/Documents/Proyectos/laravel-sign/vendor/laravel/framework/src/Illuminate/Routing/Router.php(698): Illuminate\\Routing\\Router->runRouteWithinStack()
#19 /home/dperez/Documents/Proyectos/laravel-sign/vendor/laravel/framework/src/Illuminate/Routing/Router.php(662): Illuminate\\Routing\\Router->runRoute()
#20 /home/dperez/Documents/Proyectos/laravel-sign/vendor/laravel/framework/src/Illuminate/Routing/Router.php(651): Illuminate\\Routing\\Router->dispatchToRoute()
#21 /home/dperez/Documents/Proyectos/laravel-sign/vendor/laravel/framework/src/Illuminate/Foundation/Http/Kernel.php(167): Illuminate\\Routing\\Router->dispatch()
#22 /home/dperez/Documents/Proyectos/laravel-sign/vendor/laravel/framework/src/Illuminate/Pipeline/Pipeline.php(128): Illuminate\\Foundation\\Http\\Kernel->Illuminate\\Foundation\\Http\\{closure}()
#23 /home/dperez/Documents/Proyectos/laravel-sign/vendor/laravel/framework/src/Illuminate/Foundation/Http/Middleware/TransformsRequest.php(21): Illuminate\\Pipeline\\Pipeline->Illuminate\\Pipeline\\{closure}()
#24 /home/dperez/Documents/Proyectos/laravel-sign/vendor/laravel/framework/src/Illuminate/Foundation/Http/Middleware/ConvertEmptyStringsToNull.php(31): Illuminate\\Foundation\\Http\\Middleware\\TransformsRequest->handle()
#25 /home/dperez/Documents/Proyectos/laravel-sign/vendor/laravel/framework/src/Illuminate/Pipeline/Pipeline.php(167): Illuminate\\Foundation\\Http\\Middleware\\ConvertEmptyStringsToNull->handle()
#26 /home/dperez/Documents/Proyectos/laravel-sign/vendor/laravel/framework/src/Illuminate/Foundation/Http/Middleware/TransformsRequest.php(21): Illuminate\\Pipeline\\Pipeline->Illuminate\\Pipeline\\{closure}()
#27 /home/dperez/Documents/Proyectos/laravel-sign/vendor/laravel/framework/src/Illuminate/Foundation/Http/Middleware/TrimStrings.php(40): Illuminate\\Foundation\\Http\\Middleware\\TransformsRequest->handle()
#28 /home/dperez/Documents/Proyectos/laravel-sign/vendor/laravel/framework/src/Illuminate/Pipeline/Pipeline.php(167): Illuminate\\Foundation\\Http\\Middleware\\TrimStrings->handle()
#29 /home/dperez/Documents/Proyectos/laravel-sign/vendor/laravel/framework/src/Illuminate/Foundation/Http/Middleware/ValidatePostSize.php(27): Illuminate\\Pipeline\\Pipeline->Illuminate\\Pipeline\\{closure}()
#30 /home/dperez/Documents/Proyectos/laravel-sign/vendor/laravel/framework/src/Illuminate/Pipeline/Pipeline.php(167): Illuminate\\Foundation\\Http\\Middleware\\ValidatePostSize->handle()
#31 /home/dperez/Documents/Proyectos/laravel-sign/vendor/laravel/framework/src/Illuminate/Foundation/Http/Middleware/PreventRequestsDuringMaintenance.php(86): Illuminate\\Pipeline\\Pipeline->Illuminate\\Pipeline\\{closure}()
#32 /home/dperez/Documents/Proyectos/laravel-sign/vendor/laravel/framework/src/Illuminate/Pipeline/Pipeline.php(167): Illuminate\\Foundation\\Http\\Middleware\\PreventRequestsDuringMaintenance->handle()
#33 /home/dperez/Documents/Proyectos/laravel-sign/vendor/fruitcake/laravel-cors/src/HandleCors.php(52): Illuminate\\Pipeline\\Pipeline->Illuminate\\Pipeline\\{closure}()
#34 /home/dperez/Documents/Proyectos/laravel-sign/vendor/laravel/framework/src/Illuminate/Pipeline/Pipeline.php(167): Fruitcake\\Cors\\HandleCors->handle()
#35 /home/dperez/Documents/Proyectos/laravel-sign/vendor/laravel/framework/src/Illuminate/Http/Middleware/TrustProxies.php(39): Illuminate\\Pipeline\\Pipeline->Illuminate\\Pipeline\\{closure}()
#36 /home/dperez/Documents/Proyectos/laravel-sign/vendor/laravel/framework/src/Illuminate/Pipeline/Pipeline.php(167): Illuminate\\Http\\Middleware\\TrustProxies->handle()
#37 /home/dperez/Documents/Proyectos/laravel-sign/vendor/laravel/framework/src/Illuminate/Pipeline/Pipeline.php(103): Illuminate\\Pipeline\\Pipeline->Illuminate\\Pipeline\\{closure}()
#38 /home/dperez/Documents/Proyectos/laravel-sign/vendor/laravel/framework/src/Illuminate/Foundation/Http/Kernel.php(142): Illuminate\\Pipeline\\Pipeline->then()
#39 /home/dperez/Documents/Proyectos/laravel-sign/vendor/laravel/framework/src/Illuminate/Foundation/Http/Kernel.php(111): Illuminate\\Foundation\\Http\\Kernel->sendRequestThroughRouter()
#40 /home/dperez/Documents/Proyectos/laravel-sign/public/index.php(14): Illuminate\\Foundation\\Http\\Kernel->handle()
#41 /home/dperez/Documents/Proyectos/laravel-sign/server.php(21): require_once('...')
#42 {main}
"} 
[2025-05-28 07:30:44] local.ERROR: Undefined array key "oper_exoneradas" {"exception":"[object] (ErrorException(code: 0): Undefined array key \"oper_exoneradas\" at /home/dperez/Documents/Proyectos/laravel-sign/app/DTOs/Invoice/InvoiceMontosData.php:27)
[stacktrace]
#0 /home/dperez/Documents/Proyectos/laravel-sign/app/DTOs/Invoice/InvoiceMontosData.php(27): Illuminate\\Foundation\\Bootstrap\\HandleExceptions->handleError()
#1 /home/dperez/Documents/Proyectos/laravel-sign/app/DTOs/Invoice/InvoiceData.php(55): App\\DTOs\\Invoice\\InvoiceMontosData::from()
#2 /home/dperez/Documents/Proyectos/laravel-sign/app/DTOs/InvoiceDTO.php(22): App\\DTOs\\Invoice\\InvoiceData::from()
#3 /home/dperez/Documents/Proyectos/laravel-sign/app/Http/Controllers/InvoiceController.php(26): App\\DTOs\\InvoiceDTO::fromRequest()
#4 /home/dperez/Documents/Proyectos/laravel-sign/vendor/laravel/framework/src/Illuminate/Routing/Controller.php(54): App\\Http\\Controllers\\InvoiceController->createXML()
#5 /home/dperez/Documents/Proyectos/laravel-sign/vendor/laravel/framework/src/Illuminate/Routing/ControllerDispatcher.php(45): Illuminate\\Routing\\Controller->callAction()
#6 /home/dperez/Documents/Proyectos/laravel-sign/vendor/laravel/framework/src/Illuminate/Routing/Route.php(261): Illuminate\\Routing\\ControllerDispatcher->dispatch()
#7 /home/dperez/Documents/Proyectos/laravel-sign/vendor/laravel/framework/src/Illuminate/Routing/Route.php(205): Illuminate\\Routing\\Route->runController()
#8 /home/dperez/Documents/Proyectos/laravel-sign/vendor/laravel/framework/src/Illuminate/Routing/Router.php(721): Illuminate\\Routing\\Route->run()
#9 /home/dperez/Documents/Proyectos/laravel-sign/vendor/laravel/framework/src/Illuminate/Pipeline/Pipeline.php(128): Illuminate\\Routing\\Router->Illuminate\\Routing\\{closure}()
#10 /home/dperez/Documents/Proyectos/laravel-sign/vendor/laravel/framework/src/Illuminate/Routing/Middleware/SubstituteBindings.php(50): Illuminate\\Pipeline\\Pipeline->Illuminate\\Pipeline\\{closure}()
#11 /home/dperez/Documents/Proyectos/laravel-sign/vendor/laravel/framework/src/Illuminate/Pipeline/Pipeline.php(167): Illuminate\\Routing\\Middleware\\SubstituteBindings->handle()
#12 /home/dperez/Documents/Proyectos/laravel-sign/vendor/laravel/framework/src/Illuminate/Routing/Middleware/ThrottleRequests.php(127): Illuminate\\Pipeline\\Pipeline->Illuminate\\Pipeline\\{closure}()
#13 /home/dperez/Documents/Proyectos/laravel-sign/vendor/laravel/framework/src/Illuminate/Routing/Middleware/ThrottleRequests.php(93): Illuminate\\Routing\\Middleware\\ThrottleRequests->handleRequest()
#14 /home/dperez/Documents/Proyectos/laravel-sign/vendor/laravel/framework/src/Illuminate/Routing/Middleware/ThrottleRequests.php(55): Illuminate\\Routing\\Middleware\\ThrottleRequests->handleRequestUsingNamedLimiter()
#15 /home/dperez/Documents/Proyectos/laravel-sign/vendor/laravel/framework/src/Illuminate/Pipeline/Pipeline.php(167): Illuminate\\Routing\\Middleware\\ThrottleRequests->handle()
#16 /home/dperez/Documents/Proyectos/laravel-sign/vendor/laravel/framework/src/Illuminate/Pipeline/Pipeline.php(103): Illuminate\\Pipeline\\Pipeline->Illuminate\\Pipeline\\{closure}()
#17 /home/dperez/Documents/Proyectos/laravel-sign/vendor/laravel/framework/src/Illuminate/Routing/Router.php(719): Illuminate\\Pipeline\\Pipeline->then()
#18 /home/dperez/Documents/Proyectos/laravel-sign/vendor/laravel/framework/src/Illuminate/Routing/Router.php(698): Illuminate\\Routing\\Router->runRouteWithinStack()
#19 /home/dperez/Documents/Proyectos/laravel-sign/vendor/laravel/framework/src/Illuminate/Routing/Router.php(662): Illuminate\\Routing\\Router->runRoute()
#20 /home/dperez/Documents/Proyectos/laravel-sign/vendor/laravel/framework/src/Illuminate/Routing/Router.php(651): Illuminate\\Routing\\Router->dispatchToRoute()
#21 /home/dperez/Documents/Proyectos/laravel-sign/vendor/laravel/framework/src/Illuminate/Foundation/Http/Kernel.php(167): Illuminate\\Routing\\Router->dispatch()
#22 /home/dperez/Documents/Proyectos/laravel-sign/vendor/laravel/framework/src/Illuminate/Pipeline/Pipeline.php(128): Illuminate\\Foundation\\Http\\Kernel->Illuminate\\Foundation\\Http\\{closure}()
#23 /home/dperez/Documents/Proyectos/laravel-sign/vendor/laravel/framework/src/Illuminate/Foundation/Http/Middleware/TransformsRequest.php(21): Illuminate\\Pipeline\\Pipeline->Illuminate\\Pipeline\\{closure}()
#24 /home/dperez/Documents/Proyectos/laravel-sign/vendor/laravel/framework/src/Illuminate/Foundation/Http/Middleware/ConvertEmptyStringsToNull.php(31): Illuminate\\Foundation\\Http\\Middleware\\TransformsRequest->handle()
#25 /home/dperez/Documents/Proyectos/laravel-sign/vendor/laravel/framework/src/Illuminate/Pipeline/Pipeline.php(167): Illuminate\\Foundation\\Http\\Middleware\\ConvertEmptyStringsToNull->handle()
#26 /home/dperez/Documents/Proyectos/laravel-sign/vendor/laravel/framework/src/Illuminate/Foundation/Http/Middleware/TransformsRequest.php(21): Illuminate\\Pipeline\\Pipeline->Illuminate\\Pipeline\\{closure}()
#27 /home/dperez/Documents/Proyectos/laravel-sign/vendor/laravel/framework/src/Illuminate/Foundation/Http/Middleware/TrimStrings.php(40): Illuminate\\Foundation\\Http\\Middleware\\TransformsRequest->handle()
#28 /home/dperez/Documents/Proyectos/laravel-sign/vendor/laravel/framework/src/Illuminate/Pipeline/Pipeline.php(167): Illuminate\\Foundation\\Http\\Middleware\\TrimStrings->handle()
#29 /home/dperez/Documents/Proyectos/laravel-sign/vendor/laravel/framework/src/Illuminate/Foundation/Http/Middleware/ValidatePostSize.php(27): Illuminate\\Pipeline\\Pipeline->Illuminate\\Pipeline\\{closure}()
#30 /home/dperez/Documents/Proyectos/laravel-sign/vendor/laravel/framework/src/Illuminate/Pipeline/Pipeline.php(167): Illuminate\\Foundation\\Http\\Middleware\\ValidatePostSize->handle()
#31 /home/dperez/Documents/Proyectos/laravel-sign/vendor/laravel/framework/src/Illuminate/Foundation/Http/Middleware/PreventRequestsDuringMaintenance.php(86): Illuminate\\Pipeline\\Pipeline->Illuminate\\Pipeline\\{closure}()
#32 /home/dperez/Documents/Proyectos/laravel-sign/vendor/laravel/framework/src/Illuminate/Pipeline/Pipeline.php(167): Illuminate\\Foundation\\Http\\Middleware\\PreventRequestsDuringMaintenance->handle()
#33 /home/dperez/Documents/Proyectos/laravel-sign/vendor/fruitcake/laravel-cors/src/HandleCors.php(52): Illuminate\\Pipeline\\Pipeline->Illuminate\\Pipeline\\{closure}()
#34 /home/dperez/Documents/Proyectos/laravel-sign/vendor/laravel/framework/src/Illuminate/Pipeline/Pipeline.php(167): Fruitcake\\Cors\\HandleCors->handle()
#35 /home/dperez/Documents/Proyectos/laravel-sign/vendor/laravel/framework/src/Illuminate/Http/Middleware/TrustProxies.php(39): Illuminate\\Pipeline\\Pipeline->Illuminate\\Pipeline\\{closure}()
#36 /home/dperez/Documents/Proyectos/laravel-sign/vendor/laravel/framework/src/Illuminate/Pipeline/Pipeline.php(167): Illuminate\\Http\\Middleware\\TrustProxies->handle()
#37 /home/dperez/Documents/Proyectos/laravel-sign/vendor/laravel/framework/src/Illuminate/Pipeline/Pipeline.php(103): Illuminate\\Pipeline\\Pipeline->Illuminate\\Pipeline\\{closure}()
#38 /home/dperez/Documents/Proyectos/laravel-sign/vendor/laravel/framework/src/Illuminate/Foundation/Http/Kernel.php(142): Illuminate\\Pipeline\\Pipeline->then()
#39 /home/dperez/Documents/Proyectos/laravel-sign/vendor/laravel/framework/src/Illuminate/Foundation/Http/Kernel.php(111): Illuminate\\Foundation\\Http\\Kernel->sendRequestThroughRouter()
#40 /home/dperez/Documents/Proyectos/laravel-sign/public/index.php(14): Illuminate\\Foundation\\Http\\Kernel->handle()
#41 /home/dperez/Documents/Proyectos/laravel-sign/server.php(21): require_once('...')
#42 {main}
"} 
[2025-05-28 07:33:01] local.ERROR: Undefined array key "details" {"exception":"[object] (ErrorException(code: 0): Undefined array key \"details\" at /home/dperez/Documents/Proyectos/laravel-sign/app/DTOs/Invoice/InvoiceData.php:56)
[stacktrace]
#0 /home/dperez/Documents/Proyectos/laravel-sign/app/DTOs/Invoice/InvoiceData.php(56): Illuminate\\Foundation\\Bootstrap\\HandleExceptions->handleError()
#1 /home/dperez/Documents/Proyectos/laravel-sign/app/DTOs/InvoiceDTO.php(22): App\\DTOs\\Invoice\\InvoiceData::from()
#2 /home/dperez/Documents/Proyectos/laravel-sign/app/Http/Controllers/InvoiceController.php(26): App\\DTOs\\InvoiceDTO::fromRequest()
#3 /home/dperez/Documents/Proyectos/laravel-sign/vendor/laravel/framework/src/Illuminate/Routing/Controller.php(54): App\\Http\\Controllers\\InvoiceController->createXML()
#4 /home/dperez/Documents/Proyectos/laravel-sign/vendor/laravel/framework/src/Illuminate/Routing/ControllerDispatcher.php(45): Illuminate\\Routing\\Controller->callAction()
#5 /home/dperez/Documents/Proyectos/laravel-sign/vendor/laravel/framework/src/Illuminate/Routing/Route.php(261): Illuminate\\Routing\\ControllerDispatcher->dispatch()
#6 /home/dperez/Documents/Proyectos/laravel-sign/vendor/laravel/framework/src/Illuminate/Routing/Route.php(205): Illuminate\\Routing\\Route->runController()
#7 /home/dperez/Documents/Proyectos/laravel-sign/vendor/laravel/framework/src/Illuminate/Routing/Router.php(721): Illuminate\\Routing\\Route->run()
#8 /home/dperez/Documents/Proyectos/laravel-sign/vendor/laravel/framework/src/Illuminate/Pipeline/Pipeline.php(128): Illuminate\\Routing\\Router->Illuminate\\Routing\\{closure}()
#9 /home/dperez/Documents/Proyectos/laravel-sign/vendor/laravel/framework/src/Illuminate/Routing/Middleware/SubstituteBindings.php(50): Illuminate\\Pipeline\\Pipeline->Illuminate\\Pipeline\\{closure}()
#10 /home/dperez/Documents/Proyectos/laravel-sign/vendor/laravel/framework/src/Illuminate/Pipeline/Pipeline.php(167): Illuminate\\Routing\\Middleware\\SubstituteBindings->handle()
#11 /home/dperez/Documents/Proyectos/laravel-sign/vendor/laravel/framework/src/Illuminate/Routing/Middleware/ThrottleRequests.php(127): Illuminate\\Pipeline\\Pipeline->Illuminate\\Pipeline\\{closure}()
#12 /home/dperez/Documents/Proyectos/laravel-sign/vendor/laravel/framework/src/Illuminate/Routing/Middleware/ThrottleRequests.php(93): Illuminate\\Routing\\Middleware\\ThrottleRequests->handleRequest()
#13 /home/dperez/Documents/Proyectos/laravel-sign/vendor/laravel/framework/src/Illuminate/Routing/Middleware/ThrottleRequests.php(55): Illuminate\\Routing\\Middleware\\ThrottleRequests->handleRequestUsingNamedLimiter()
#14 /home/dperez/Documents/Proyectos/laravel-sign/vendor/laravel/framework/src/Illuminate/Pipeline/Pipeline.php(167): Illuminate\\Routing\\Middleware\\ThrottleRequests->handle()
#15 /home/dperez/Documents/Proyectos/laravel-sign/vendor/laravel/framework/src/Illuminate/Pipeline/Pipeline.php(103): Illuminate\\Pipeline\\Pipeline->Illuminate\\Pipeline\\{closure}()
#16 /home/dperez/Documents/Proyectos/laravel-sign/vendor/laravel/framework/src/Illuminate/Routing/Router.php(719): Illuminate\\Pipeline\\Pipeline->then()
#17 /home/dperez/Documents/Proyectos/laravel-sign/vendor/laravel/framework/src/Illuminate/Routing/Router.php(698): Illuminate\\Routing\\Router->runRouteWithinStack()
#18 /home/dperez/Documents/Proyectos/laravel-sign/vendor/laravel/framework/src/Illuminate/Routing/Router.php(662): Illuminate\\Routing\\Router->runRoute()
#19 /home/dperez/Documents/Proyectos/laravel-sign/vendor/laravel/framework/src/Illuminate/Routing/Router.php(651): Illuminate\\Routing\\Router->dispatchToRoute()
#20 /home/dperez/Documents/Proyectos/laravel-sign/vendor/laravel/framework/src/Illuminate/Foundation/Http/Kernel.php(167): Illuminate\\Routing\\Router->dispatch()
#21 /home/dperez/Documents/Proyectos/laravel-sign/vendor/laravel/framework/src/Illuminate/Pipeline/Pipeline.php(128): Illuminate\\Foundation\\Http\\Kernel->Illuminate\\Foundation\\Http\\{closure}()
#22 /home/dperez/Documents/Proyectos/laravel-sign/vendor/laravel/framework/src/Illuminate/Foundation/Http/Middleware/TransformsRequest.php(21): Illuminate\\Pipeline\\Pipeline->Illuminate\\Pipeline\\{closure}()
#23 /home/dperez/Documents/Proyectos/laravel-sign/vendor/laravel/framework/src/Illuminate/Foundation/Http/Middleware/ConvertEmptyStringsToNull.php(31): Illuminate\\Foundation\\Http\\Middleware\\TransformsRequest->handle()
#24 /home/dperez/Documents/Proyectos/laravel-sign/vendor/laravel/framework/src/Illuminate/Pipeline/Pipeline.php(167): Illuminate\\Foundation\\Http\\Middleware\\ConvertEmptyStringsToNull->handle()
#25 /home/dperez/Documents/Proyectos/laravel-sign/vendor/laravel/framework/src/Illuminate/Foundation/Http/Middleware/TransformsRequest.php(21): Illuminate\\Pipeline\\Pipeline->Illuminate\\Pipeline\\{closure}()
#26 /home/dperez/Documents/Proyectos/laravel-sign/vendor/laravel/framework/src/Illuminate/Foundation/Http/Middleware/TrimStrings.php(40): Illuminate\\Foundation\\Http\\Middleware\\TransformsRequest->handle()
#27 /home/dperez/Documents/Proyectos/laravel-sign/vendor/laravel/framework/src/Illuminate/Pipeline/Pipeline.php(167): Illuminate\\Foundation\\Http\\Middleware\\TrimStrings->handle()
#28 /home/dperez/Documents/Proyectos/laravel-sign/vendor/laravel/framework/src/Illuminate/Foundation/Http/Middleware/ValidatePostSize.php(27): Illuminate\\Pipeline\\Pipeline->Illuminate\\Pipeline\\{closure}()
#29 /home/dperez/Documents/Proyectos/laravel-sign/vendor/laravel/framework/src/Illuminate/Pipeline/Pipeline.php(167): Illuminate\\Foundation\\Http\\Middleware\\ValidatePostSize->handle()
#30 /home/dperez/Documents/Proyectos/laravel-sign/vendor/laravel/framework/src/Illuminate/Foundation/Http/Middleware/PreventRequestsDuringMaintenance.php(86): Illuminate\\Pipeline\\Pipeline->Illuminate\\Pipeline\\{closure}()
#31 /home/dperez/Documents/Proyectos/laravel-sign/vendor/laravel/framework/src/Illuminate/Pipeline/Pipeline.php(167): Illuminate\\Foundation\\Http\\Middleware\\PreventRequestsDuringMaintenance->handle()
#32 /home/dperez/Documents/Proyectos/laravel-sign/vendor/fruitcake/laravel-cors/src/HandleCors.php(52): Illuminate\\Pipeline\\Pipeline->Illuminate\\Pipeline\\{closure}()
#33 /home/dperez/Documents/Proyectos/laravel-sign/vendor/laravel/framework/src/Illuminate/Pipeline/Pipeline.php(167): Fruitcake\\Cors\\HandleCors->handle()
#34 /home/dperez/Documents/Proyectos/laravel-sign/vendor/laravel/framework/src/Illuminate/Http/Middleware/TrustProxies.php(39): Illuminate\\Pipeline\\Pipeline->Illuminate\\Pipeline\\{closure}()
#35 /home/dperez/Documents/Proyectos/laravel-sign/vendor/laravel/framework/src/Illuminate/Pipeline/Pipeline.php(167): Illuminate\\Http\\Middleware\\TrustProxies->handle()
#36 /home/dperez/Documents/Proyectos/laravel-sign/vendor/laravel/framework/src/Illuminate/Pipeline/Pipeline.php(103): Illuminate\\Pipeline\\Pipeline->Illuminate\\Pipeline\\{closure}()
#37 /home/dperez/Documents/Proyectos/laravel-sign/vendor/laravel/framework/src/Illuminate/Foundation/Http/Kernel.php(142): Illuminate\\Pipeline\\Pipeline->then()
#38 /home/dperez/Documents/Proyectos/laravel-sign/vendor/laravel/framework/src/Illuminate/Foundation/Http/Kernel.php(111): Illuminate\\Foundation\\Http\\Kernel->sendRequestThroughRouter()
#39 /home/dperez/Documents/Proyectos/laravel-sign/public/index.php(14): Illuminate\\Foundation\\Http\\Kernel->handle()
#40 /home/dperez/Documents/Proyectos/laravel-sign/server.php(21): require_once('...')
#41 {main}
"} 
[2025-05-28 07:34:05] local.ERROR: Undefined array key "cod_local" {"exception":"[object] (ErrorException(code: 0): Undefined array key \"cod_local\" at /home/dperez/Documents/Proyectos/laravel-sign/app/DTOs/Company/AddressData.php:26)
[stacktrace]
#0 /home/dperez/Documents/Proyectos/laravel-sign/app/DTOs/Company/AddressData.php(26): Illuminate\\Foundation\\Bootstrap\\HandleExceptions->handleError()
#1 /home/dperez/Documents/Proyectos/laravel-sign/app/DTOs/Company/CompanyData.php(20): App\\DTOs\\Company\\AddressData::from()
#2 /home/dperez/Documents/Proyectos/laravel-sign/app/DTOs/InvoiceDTO.php(21): App\\DTOs\\Company\\CompanyData::from()
#3 /home/dperez/Documents/Proyectos/laravel-sign/app/Http/Controllers/InvoiceController.php(26): App\\DTOs\\InvoiceDTO::fromRequest()
#4 /home/dperez/Documents/Proyectos/laravel-sign/vendor/laravel/framework/src/Illuminate/Routing/Controller.php(54): App\\Http\\Controllers\\InvoiceController->createXML()
#5 /home/dperez/Documents/Proyectos/laravel-sign/vendor/laravel/framework/src/Illuminate/Routing/ControllerDispatcher.php(45): Illuminate\\Routing\\Controller->callAction()
#6 /home/dperez/Documents/Proyectos/laravel-sign/vendor/laravel/framework/src/Illuminate/Routing/Route.php(261): Illuminate\\Routing\\ControllerDispatcher->dispatch()
#7 /home/dperez/Documents/Proyectos/laravel-sign/vendor/laravel/framework/src/Illuminate/Routing/Route.php(205): Illuminate\\Routing\\Route->runController()
#8 /home/dperez/Documents/Proyectos/laravel-sign/vendor/laravel/framework/src/Illuminate/Routing/Router.php(721): Illuminate\\Routing\\Route->run()
#9 /home/dperez/Documents/Proyectos/laravel-sign/vendor/laravel/framework/src/Illuminate/Pipeline/Pipeline.php(128): Illuminate\\Routing\\Router->Illuminate\\Routing\\{closure}()
#10 /home/dperez/Documents/Proyectos/laravel-sign/vendor/laravel/framework/src/Illuminate/Routing/Middleware/SubstituteBindings.php(50): Illuminate\\Pipeline\\Pipeline->Illuminate\\Pipeline\\{closure}()
#11 /home/dperez/Documents/Proyectos/laravel-sign/vendor/laravel/framework/src/Illuminate/Pipeline/Pipeline.php(167): Illuminate\\Routing\\Middleware\\SubstituteBindings->handle()
#12 /home/dperez/Documents/Proyectos/laravel-sign/vendor/laravel/framework/src/Illuminate/Routing/Middleware/ThrottleRequests.php(127): Illuminate\\Pipeline\\Pipeline->Illuminate\\Pipeline\\{closure}()
#13 /home/dperez/Documents/Proyectos/laravel-sign/vendor/laravel/framework/src/Illuminate/Routing/Middleware/ThrottleRequests.php(93): Illuminate\\Routing\\Middleware\\ThrottleRequests->handleRequest()
#14 /home/dperez/Documents/Proyectos/laravel-sign/vendor/laravel/framework/src/Illuminate/Routing/Middleware/ThrottleRequests.php(55): Illuminate\\Routing\\Middleware\\ThrottleRequests->handleRequestUsingNamedLimiter()
#15 /home/dperez/Documents/Proyectos/laravel-sign/vendor/laravel/framework/src/Illuminate/Pipeline/Pipeline.php(167): Illuminate\\Routing\\Middleware\\ThrottleRequests->handle()
#16 /home/dperez/Documents/Proyectos/laravel-sign/vendor/laravel/framework/src/Illuminate/Pipeline/Pipeline.php(103): Illuminate\\Pipeline\\Pipeline->Illuminate\\Pipeline\\{closure}()
#17 /home/dperez/Documents/Proyectos/laravel-sign/vendor/laravel/framework/src/Illuminate/Routing/Router.php(719): Illuminate\\Pipeline\\Pipeline->then()
#18 /home/dperez/Documents/Proyectos/laravel-sign/vendor/laravel/framework/src/Illuminate/Routing/Router.php(698): Illuminate\\Routing\\Router->runRouteWithinStack()
#19 /home/dperez/Documents/Proyectos/laravel-sign/vendor/laravel/framework/src/Illuminate/Routing/Router.php(662): Illuminate\\Routing\\Router->runRoute()
#20 /home/dperez/Documents/Proyectos/laravel-sign/vendor/laravel/framework/src/Illuminate/Routing/Router.php(651): Illuminate\\Routing\\Router->dispatchToRoute()
#21 /home/dperez/Documents/Proyectos/laravel-sign/vendor/laravel/framework/src/Illuminate/Foundation/Http/Kernel.php(167): Illuminate\\Routing\\Router->dispatch()
#22 /home/dperez/Documents/Proyectos/laravel-sign/vendor/laravel/framework/src/Illuminate/Pipeline/Pipeline.php(128): Illuminate\\Foundation\\Http\\Kernel->Illuminate\\Foundation\\Http\\{closure}()
#23 /home/dperez/Documents/Proyectos/laravel-sign/vendor/laravel/framework/src/Illuminate/Foundation/Http/Middleware/TransformsRequest.php(21): Illuminate\\Pipeline\\Pipeline->Illuminate\\Pipeline\\{closure}()
#24 /home/dperez/Documents/Proyectos/laravel-sign/vendor/laravel/framework/src/Illuminate/Foundation/Http/Middleware/ConvertEmptyStringsToNull.php(31): Illuminate\\Foundation\\Http\\Middleware\\TransformsRequest->handle()
#25 /home/dperez/Documents/Proyectos/laravel-sign/vendor/laravel/framework/src/Illuminate/Pipeline/Pipeline.php(167): Illuminate\\Foundation\\Http\\Middleware\\ConvertEmptyStringsToNull->handle()
#26 /home/dperez/Documents/Proyectos/laravel-sign/vendor/laravel/framework/src/Illuminate/Foundation/Http/Middleware/TransformsRequest.php(21): Illuminate\\Pipeline\\Pipeline->Illuminate\\Pipeline\\{closure}()
#27 /home/dperez/Documents/Proyectos/laravel-sign/vendor/laravel/framework/src/Illuminate/Foundation/Http/Middleware/TrimStrings.php(40): Illuminate\\Foundation\\Http\\Middleware\\TransformsRequest->handle()
#28 /home/dperez/Documents/Proyectos/laravel-sign/vendor/laravel/framework/src/Illuminate/Pipeline/Pipeline.php(167): Illuminate\\Foundation\\Http\\Middleware\\TrimStrings->handle()
#29 /home/dperez/Documents/Proyectos/laravel-sign/vendor/laravel/framework/src/Illuminate/Foundation/Http/Middleware/ValidatePostSize.php(27): Illuminate\\Pipeline\\Pipeline->Illuminate\\Pipeline\\{closure}()
#30 /home/dperez/Documents/Proyectos/laravel-sign/vendor/laravel/framework/src/Illuminate/Pipeline/Pipeline.php(167): Illuminate\\Foundation\\Http\\Middleware\\ValidatePostSize->handle()
#31 /home/dperez/Documents/Proyectos/laravel-sign/vendor/laravel/framework/src/Illuminate/Foundation/Http/Middleware/PreventRequestsDuringMaintenance.php(86): Illuminate\\Pipeline\\Pipeline->Illuminate\\Pipeline\\{closure}()
#32 /home/dperez/Documents/Proyectos/laravel-sign/vendor/laravel/framework/src/Illuminate/Pipeline/Pipeline.php(167): Illuminate\\Foundation\\Http\\Middleware\\PreventRequestsDuringMaintenance->handle()
#33 /home/dperez/Documents/Proyectos/laravel-sign/vendor/fruitcake/laravel-cors/src/HandleCors.php(52): Illuminate\\Pipeline\\Pipeline->Illuminate\\Pipeline\\{closure}()
#34 /home/dperez/Documents/Proyectos/laravel-sign/vendor/laravel/framework/src/Illuminate/Pipeline/Pipeline.php(167): Fruitcake\\Cors\\HandleCors->handle()
#35 /home/dperez/Documents/Proyectos/laravel-sign/vendor/laravel/framework/src/Illuminate/Http/Middleware/TrustProxies.php(39): Illuminate\\Pipeline\\Pipeline->Illuminate\\Pipeline\\{closure}()
#36 /home/dperez/Documents/Proyectos/laravel-sign/vendor/laravel/framework/src/Illuminate/Pipeline/Pipeline.php(167): Illuminate\\Http\\Middleware\\TrustProxies->handle()
#37 /home/dperez/Documents/Proyectos/laravel-sign/vendor/laravel/framework/src/Illuminate/Pipeline/Pipeline.php(103): Illuminate\\Pipeline\\Pipeline->Illuminate\\Pipeline\\{closure}()
#38 /home/dperez/Documents/Proyectos/laravel-sign/vendor/laravel/framework/src/Illuminate/Foundation/Http/Kernel.php(142): Illuminate\\Pipeline\\Pipeline->then()
#39 /home/dperez/Documents/Proyectos/laravel-sign/vendor/laravel/framework/src/Illuminate/Foundation/Http/Kernel.php(111): Illuminate\\Foundation\\Http\\Kernel->sendRequestThroughRouter()
#40 /home/dperez/Documents/Proyectos/laravel-sign/public/index.php(14): Illuminate\\Foundation\\Http\\Kernel->handle()
#41 /home/dperez/Documents/Proyectos/laravel-sign/server.php(21): require_once('...')
#42 {main}
"} 
[2025-05-28 07:55:00] local.ERROR: Undefined array key "oper_exoneradas" {"exception":"[object] (ErrorException(code: 0): Undefined array key \"oper_exoneradas\" at /home/dperez/Documents/Proyectos/laravel-sign/app/DTOs/Invoice/InvoiceMontosData.php:25)
[stacktrace]
#0 /home/dperez/Documents/Proyectos/laravel-sign/app/DTOs/Invoice/InvoiceMontosData.php(25): Illuminate\\Foundation\\Bootstrap\\HandleExceptions->handleError()
#1 /home/dperez/Documents/Proyectos/laravel-sign/app/DTOs/Invoice/InvoiceData.php(55): App\\DTOs\\Invoice\\InvoiceMontosData::from()
#2 /home/dperez/Documents/Proyectos/laravel-sign/app/DTOs/InvoiceDTO.php(22): App\\DTOs\\Invoice\\InvoiceData::from()
#3 /home/dperez/Documents/Proyectos/laravel-sign/app/Http/Controllers/InvoiceController.php(26): App\\DTOs\\InvoiceDTO::fromRequest()
#4 /home/dperez/Documents/Proyectos/laravel-sign/vendor/laravel/framework/src/Illuminate/Routing/Controller.php(54): App\\Http\\Controllers\\InvoiceController->createXML()
#5 /home/dperez/Documents/Proyectos/laravel-sign/vendor/laravel/framework/src/Illuminate/Routing/ControllerDispatcher.php(45): Illuminate\\Routing\\Controller->callAction()
#6 /home/dperez/Documents/Proyectos/laravel-sign/vendor/laravel/framework/src/Illuminate/Routing/Route.php(261): Illuminate\\Routing\\ControllerDispatcher->dispatch()
#7 /home/dperez/Documents/Proyectos/laravel-sign/vendor/laravel/framework/src/Illuminate/Routing/Route.php(205): Illuminate\\Routing\\Route->runController()
#8 /home/dperez/Documents/Proyectos/laravel-sign/vendor/laravel/framework/src/Illuminate/Routing/Router.php(721): Illuminate\\Routing\\Route->run()
#9 /home/dperez/Documents/Proyectos/laravel-sign/vendor/laravel/framework/src/Illuminate/Pipeline/Pipeline.php(128): Illuminate\\Routing\\Router->Illuminate\\Routing\\{closure}()
#10 /home/dperez/Documents/Proyectos/laravel-sign/vendor/laravel/framework/src/Illuminate/Routing/Middleware/SubstituteBindings.php(50): Illuminate\\Pipeline\\Pipeline->Illuminate\\Pipeline\\{closure}()
#11 /home/dperez/Documents/Proyectos/laravel-sign/vendor/laravel/framework/src/Illuminate/Pipeline/Pipeline.php(167): Illuminate\\Routing\\Middleware\\SubstituteBindings->handle()
#12 /home/dperez/Documents/Proyectos/laravel-sign/vendor/laravel/framework/src/Illuminate/Routing/Middleware/ThrottleRequests.php(127): Illuminate\\Pipeline\\Pipeline->Illuminate\\Pipeline\\{closure}()
#13 /home/dperez/Documents/Proyectos/laravel-sign/vendor/laravel/framework/src/Illuminate/Routing/Middleware/ThrottleRequests.php(93): Illuminate\\Routing\\Middleware\\ThrottleRequests->handleRequest()
#14 /home/dperez/Documents/Proyectos/laravel-sign/vendor/laravel/framework/src/Illuminate/Routing/Middleware/ThrottleRequests.php(55): Illuminate\\Routing\\Middleware\\ThrottleRequests->handleRequestUsingNamedLimiter()
#15 /home/dperez/Documents/Proyectos/laravel-sign/vendor/laravel/framework/src/Illuminate/Pipeline/Pipeline.php(167): Illuminate\\Routing\\Middleware\\ThrottleRequests->handle()
#16 /home/dperez/Documents/Proyectos/laravel-sign/vendor/laravel/framework/src/Illuminate/Pipeline/Pipeline.php(103): Illuminate\\Pipeline\\Pipeline->Illuminate\\Pipeline\\{closure}()
#17 /home/dperez/Documents/Proyectos/laravel-sign/vendor/laravel/framework/src/Illuminate/Routing/Router.php(719): Illuminate\\Pipeline\\Pipeline->then()
#18 /home/dperez/Documents/Proyectos/laravel-sign/vendor/laravel/framework/src/Illuminate/Routing/Router.php(698): Illuminate\\Routing\\Router->runRouteWithinStack()
#19 /home/dperez/Documents/Proyectos/laravel-sign/vendor/laravel/framework/src/Illuminate/Routing/Router.php(662): Illuminate\\Routing\\Router->runRoute()
#20 /home/dperez/Documents/Proyectos/laravel-sign/vendor/laravel/framework/src/Illuminate/Routing/Router.php(651): Illuminate\\Routing\\Router->dispatchToRoute()
#21 /home/dperez/Documents/Proyectos/laravel-sign/vendor/laravel/framework/src/Illuminate/Foundation/Http/Kernel.php(167): Illuminate\\Routing\\Router->dispatch()
#22 /home/dperez/Documents/Proyectos/laravel-sign/vendor/laravel/framework/src/Illuminate/Pipeline/Pipeline.php(128): Illuminate\\Foundation\\Http\\Kernel->Illuminate\\Foundation\\Http\\{closure}()
#23 /home/dperez/Documents/Proyectos/laravel-sign/vendor/laravel/framework/src/Illuminate/Foundation/Http/Middleware/TransformsRequest.php(21): Illuminate\\Pipeline\\Pipeline->Illuminate\\Pipeline\\{closure}()
#24 /home/dperez/Documents/Proyectos/laravel-sign/vendor/laravel/framework/src/Illuminate/Foundation/Http/Middleware/ConvertEmptyStringsToNull.php(31): Illuminate\\Foundation\\Http\\Middleware\\TransformsRequest->handle()
#25 /home/dperez/Documents/Proyectos/laravel-sign/vendor/laravel/framework/src/Illuminate/Pipeline/Pipeline.php(167): Illuminate\\Foundation\\Http\\Middleware\\ConvertEmptyStringsToNull->handle()
#26 /home/dperez/Documents/Proyectos/laravel-sign/vendor/laravel/framework/src/Illuminate/Foundation/Http/Middleware/TransformsRequest.php(21): Illuminate\\Pipeline\\Pipeline->Illuminate\\Pipeline\\{closure}()
#27 /home/dperez/Documents/Proyectos/laravel-sign/vendor/laravel/framework/src/Illuminate/Foundation/Http/Middleware/TrimStrings.php(40): Illuminate\\Foundation\\Http\\Middleware\\TransformsRequest->handle()
#28 /home/dperez/Documents/Proyectos/laravel-sign/vendor/laravel/framework/src/Illuminate/Pipeline/Pipeline.php(167): Illuminate\\Foundation\\Http\\Middleware\\TrimStrings->handle()
#29 /home/dperez/Documents/Proyectos/laravel-sign/vendor/laravel/framework/src/Illuminate/Foundation/Http/Middleware/ValidatePostSize.php(27): Illuminate\\Pipeline\\Pipeline->Illuminate\\Pipeline\\{closure}()
#30 /home/dperez/Documents/Proyectos/laravel-sign/vendor/laravel/framework/src/Illuminate/Pipeline/Pipeline.php(167): Illuminate\\Foundation\\Http\\Middleware\\ValidatePostSize->handle()
#31 /home/dperez/Documents/Proyectos/laravel-sign/vendor/laravel/framework/src/Illuminate/Foundation/Http/Middleware/PreventRequestsDuringMaintenance.php(86): Illuminate\\Pipeline\\Pipeline->Illuminate\\Pipeline\\{closure}()
#32 /home/dperez/Documents/Proyectos/laravel-sign/vendor/laravel/framework/src/Illuminate/Pipeline/Pipeline.php(167): Illuminate\\Foundation\\Http\\Middleware\\PreventRequestsDuringMaintenance->handle()
#33 /home/dperez/Documents/Proyectos/laravel-sign/vendor/fruitcake/laravel-cors/src/HandleCors.php(52): Illuminate\\Pipeline\\Pipeline->Illuminate\\Pipeline\\{closure}()
#34 /home/dperez/Documents/Proyectos/laravel-sign/vendor/laravel/framework/src/Illuminate/Pipeline/Pipeline.php(167): Fruitcake\\Cors\\HandleCors->handle()
#35 /home/dperez/Documents/Proyectos/laravel-sign/vendor/laravel/framework/src/Illuminate/Http/Middleware/TrustProxies.php(39): Illuminate\\Pipeline\\Pipeline->Illuminate\\Pipeline\\{closure}()
#36 /home/dperez/Documents/Proyectos/laravel-sign/vendor/laravel/framework/src/Illuminate/Pipeline/Pipeline.php(167): Illuminate\\Http\\Middleware\\TrustProxies->handle()
#37 /home/dperez/Documents/Proyectos/laravel-sign/vendor/laravel/framework/src/Illuminate/Pipeline/Pipeline.php(103): Illuminate\\Pipeline\\Pipeline->Illuminate\\Pipeline\\{closure}()
#38 /home/dperez/Documents/Proyectos/laravel-sign/vendor/laravel/framework/src/Illuminate/Foundation/Http/Kernel.php(142): Illuminate\\Pipeline\\Pipeline->then()
#39 /home/dperez/Documents/Proyectos/laravel-sign/vendor/laravel/framework/src/Illuminate/Foundation/Http/Kernel.php(111): Illuminate\\Foundation\\Http\\Kernel->sendRequestThroughRouter()
#40 /home/dperez/Documents/Proyectos/laravel-sign/public/index.php(14): Illuminate\\Foundation\\Http\\Kernel->handle()
#41 /home/dperez/Documents/Proyectos/laravel-sign/server.php(21): require_once('...')
#42 {main}
"} 
[2025-05-28 07:55:29] local.ERROR: Undefined array key "details" {"exception":"[object] (ErrorException(code: 0): Undefined array key \"details\" at /home/dperez/Documents/Proyectos/laravel-sign/app/DTOs/Invoice/InvoiceData.php:56)
[stacktrace]
#0 /home/dperez/Documents/Proyectos/laravel-sign/app/DTOs/Invoice/InvoiceData.php(56): Illuminate\\Foundation\\Bootstrap\\HandleExceptions->handleError()
#1 /home/dperez/Documents/Proyectos/laravel-sign/app/DTOs/InvoiceDTO.php(22): App\\DTOs\\Invoice\\InvoiceData::from()
#2 /home/dperez/Documents/Proyectos/laravel-sign/app/Http/Controllers/InvoiceController.php(26): App\\DTOs\\InvoiceDTO::fromRequest()
#3 /home/dperez/Documents/Proyectos/laravel-sign/vendor/laravel/framework/src/Illuminate/Routing/Controller.php(54): App\\Http\\Controllers\\InvoiceController->createXML()
#4 /home/dperez/Documents/Proyectos/laravel-sign/vendor/laravel/framework/src/Illuminate/Routing/ControllerDispatcher.php(45): Illuminate\\Routing\\Controller->callAction()
#5 /home/dperez/Documents/Proyectos/laravel-sign/vendor/laravel/framework/src/Illuminate/Routing/Route.php(261): Illuminate\\Routing\\ControllerDispatcher->dispatch()
#6 /home/dperez/Documents/Proyectos/laravel-sign/vendor/laravel/framework/src/Illuminate/Routing/Route.php(205): Illuminate\\Routing\\Route->runController()
#7 /home/dperez/Documents/Proyectos/laravel-sign/vendor/laravel/framework/src/Illuminate/Routing/Router.php(721): Illuminate\\Routing\\Route->run()
#8 /home/dperez/Documents/Proyectos/laravel-sign/vendor/laravel/framework/src/Illuminate/Pipeline/Pipeline.php(128): Illuminate\\Routing\\Router->Illuminate\\Routing\\{closure}()
#9 /home/dperez/Documents/Proyectos/laravel-sign/vendor/laravel/framework/src/Illuminate/Routing/Middleware/SubstituteBindings.php(50): Illuminate\\Pipeline\\Pipeline->Illuminate\\Pipeline\\{closure}()
#10 /home/dperez/Documents/Proyectos/laravel-sign/vendor/laravel/framework/src/Illuminate/Pipeline/Pipeline.php(167): Illuminate\\Routing\\Middleware\\SubstituteBindings->handle()
#11 /home/dperez/Documents/Proyectos/laravel-sign/vendor/laravel/framework/src/Illuminate/Routing/Middleware/ThrottleRequests.php(127): Illuminate\\Pipeline\\Pipeline->Illuminate\\Pipeline\\{closure}()
#12 /home/dperez/Documents/Proyectos/laravel-sign/vendor/laravel/framework/src/Illuminate/Routing/Middleware/ThrottleRequests.php(93): Illuminate\\Routing\\Middleware\\ThrottleRequests->handleRequest()
#13 /home/dperez/Documents/Proyectos/laravel-sign/vendor/laravel/framework/src/Illuminate/Routing/Middleware/ThrottleRequests.php(55): Illuminate\\Routing\\Middleware\\ThrottleRequests->handleRequestUsingNamedLimiter()
#14 /home/dperez/Documents/Proyectos/laravel-sign/vendor/laravel/framework/src/Illuminate/Pipeline/Pipeline.php(167): Illuminate\\Routing\\Middleware\\ThrottleRequests->handle()
#15 /home/dperez/Documents/Proyectos/laravel-sign/vendor/laravel/framework/src/Illuminate/Pipeline/Pipeline.php(103): Illuminate\\Pipeline\\Pipeline->Illuminate\\Pipeline\\{closure}()
#16 /home/dperez/Documents/Proyectos/laravel-sign/vendor/laravel/framework/src/Illuminate/Routing/Router.php(719): Illuminate\\Pipeline\\Pipeline->then()
#17 /home/dperez/Documents/Proyectos/laravel-sign/vendor/laravel/framework/src/Illuminate/Routing/Router.php(698): Illuminate\\Routing\\Router->runRouteWithinStack()
#18 /home/dperez/Documents/Proyectos/laravel-sign/vendor/laravel/framework/src/Illuminate/Routing/Router.php(662): Illuminate\\Routing\\Router->runRoute()
#19 /home/dperez/Documents/Proyectos/laravel-sign/vendor/laravel/framework/src/Illuminate/Routing/Router.php(651): Illuminate\\Routing\\Router->dispatchToRoute()
#20 /home/dperez/Documents/Proyectos/laravel-sign/vendor/laravel/framework/src/Illuminate/Foundation/Http/Kernel.php(167): Illuminate\\Routing\\Router->dispatch()
#21 /home/dperez/Documents/Proyectos/laravel-sign/vendor/laravel/framework/src/Illuminate/Pipeline/Pipeline.php(128): Illuminate\\Foundation\\Http\\Kernel->Illuminate\\Foundation\\Http\\{closure}()
#22 /home/dperez/Documents/Proyectos/laravel-sign/vendor/laravel/framework/src/Illuminate/Foundation/Http/Middleware/TransformsRequest.php(21): Illuminate\\Pipeline\\Pipeline->Illuminate\\Pipeline\\{closure}()
#23 /home/dperez/Documents/Proyectos/laravel-sign/vendor/laravel/framework/src/Illuminate/Foundation/Http/Middleware/ConvertEmptyStringsToNull.php(31): Illuminate\\Foundation\\Http\\Middleware\\TransformsRequest->handle()
#24 /home/dperez/Documents/Proyectos/laravel-sign/vendor/laravel/framework/src/Illuminate/Pipeline/Pipeline.php(167): Illuminate\\Foundation\\Http\\Middleware\\ConvertEmptyStringsToNull->handle()
#25 /home/dperez/Documents/Proyectos/laravel-sign/vendor/laravel/framework/src/Illuminate/Foundation/Http/Middleware/TransformsRequest.php(21): Illuminate\\Pipeline\\Pipeline->Illuminate\\Pipeline\\{closure}()
#26 /home/dperez/Documents/Proyectos/laravel-sign/vendor/laravel/framework/src/Illuminate/Foundation/Http/Middleware/TrimStrings.php(40): Illuminate\\Foundation\\Http\\Middleware\\TransformsRequest->handle()
#27 /home/dperez/Documents/Proyectos/laravel-sign/vendor/laravel/framework/src/Illuminate/Pipeline/Pipeline.php(167): Illuminate\\Foundation\\Http\\Middleware\\TrimStrings->handle()
#28 /home/dperez/Documents/Proyectos/laravel-sign/vendor/laravel/framework/src/Illuminate/Foundation/Http/Middleware/ValidatePostSize.php(27): Illuminate\\Pipeline\\Pipeline->Illuminate\\Pipeline\\{closure}()
#29 /home/dperez/Documents/Proyectos/laravel-sign/vendor/laravel/framework/src/Illuminate/Pipeline/Pipeline.php(167): Illuminate\\Foundation\\Http\\Middleware\\ValidatePostSize->handle()
#30 /home/dperez/Documents/Proyectos/laravel-sign/vendor/laravel/framework/src/Illuminate/Foundation/Http/Middleware/PreventRequestsDuringMaintenance.php(86): Illuminate\\Pipeline\\Pipeline->Illuminate\\Pipeline\\{closure}()
#31 /home/dperez/Documents/Proyectos/laravel-sign/vendor/laravel/framework/src/Illuminate/Pipeline/Pipeline.php(167): Illuminate\\Foundation\\Http\\Middleware\\PreventRequestsDuringMaintenance->handle()
#32 /home/dperez/Documents/Proyectos/laravel-sign/vendor/fruitcake/laravel-cors/src/HandleCors.php(52): Illuminate\\Pipeline\\Pipeline->Illuminate\\Pipeline\\{closure}()
#33 /home/dperez/Documents/Proyectos/laravel-sign/vendor/laravel/framework/src/Illuminate/Pipeline/Pipeline.php(167): Fruitcake\\Cors\\HandleCors->handle()
#34 /home/dperez/Documents/Proyectos/laravel-sign/vendor/laravel/framework/src/Illuminate/Http/Middleware/TrustProxies.php(39): Illuminate\\Pipeline\\Pipeline->Illuminate\\Pipeline\\{closure}()
#35 /home/dperez/Documents/Proyectos/laravel-sign/vendor/laravel/framework/src/Illuminate/Pipeline/Pipeline.php(167): Illuminate\\Http\\Middleware\\TrustProxies->handle()
#36 /home/dperez/Documents/Proyectos/laravel-sign/vendor/laravel/framework/src/Illuminate/Pipeline/Pipeline.php(103): Illuminate\\Pipeline\\Pipeline->Illuminate\\Pipeline\\{closure}()
#37 /home/dperez/Documents/Proyectos/laravel-sign/vendor/laravel/framework/src/Illuminate/Foundation/Http/Kernel.php(142): Illuminate\\Pipeline\\Pipeline->then()
#38 /home/dperez/Documents/Proyectos/laravel-sign/vendor/laravel/framework/src/Illuminate/Foundation/Http/Kernel.php(111): Illuminate\\Foundation\\Http\\Kernel->sendRequestThroughRouter()
#39 /home/dperez/Documents/Proyectos/laravel-sign/public/index.php(14): Illuminate\\Foundation\\Http\\Kernel->handle()
#40 /home/dperez/Documents/Proyectos/laravel-sign/server.php(21): require_once('...')
#41 {main}
"} 
[2025-05-28 07:56:10] local.ERROR: Undefined array key "details" {"exception":"[object] (ErrorException(code: 0): Undefined array key \"details\" at /home/dperez/Documents/Proyectos/laravel-sign/app/DTOs/Invoice/InvoiceData.php:43)
[stacktrace]
#0 /home/dperez/Documents/Proyectos/laravel-sign/app/DTOs/Invoice/InvoiceData.php(43): Illuminate\\Foundation\\Bootstrap\\HandleExceptions->handleError()
#1 /home/dperez/Documents/Proyectos/laravel-sign/app/DTOs/InvoiceDTO.php(22): App\\DTOs\\Invoice\\InvoiceData::from()
#2 /home/dperez/Documents/Proyectos/laravel-sign/app/Http/Controllers/InvoiceController.php(26): App\\DTOs\\InvoiceDTO::fromRequest()
#3 /home/dperez/Documents/Proyectos/laravel-sign/vendor/laravel/framework/src/Illuminate/Routing/Controller.php(54): App\\Http\\Controllers\\InvoiceController->createXML()
#4 /home/dperez/Documents/Proyectos/laravel-sign/vendor/laravel/framework/src/Illuminate/Routing/ControllerDispatcher.php(45): Illuminate\\Routing\\Controller->callAction()
#5 /home/dperez/Documents/Proyectos/laravel-sign/vendor/laravel/framework/src/Illuminate/Routing/Route.php(261): Illuminate\\Routing\\ControllerDispatcher->dispatch()
#6 /home/dperez/Documents/Proyectos/laravel-sign/vendor/laravel/framework/src/Illuminate/Routing/Route.php(205): Illuminate\\Routing\\Route->runController()
#7 /home/dperez/Documents/Proyectos/laravel-sign/vendor/laravel/framework/src/Illuminate/Routing/Router.php(721): Illuminate\\Routing\\Route->run()
#8 /home/dperez/Documents/Proyectos/laravel-sign/vendor/laravel/framework/src/Illuminate/Pipeline/Pipeline.php(128): Illuminate\\Routing\\Router->Illuminate\\Routing\\{closure}()
#9 /home/dperez/Documents/Proyectos/laravel-sign/vendor/laravel/framework/src/Illuminate/Routing/Middleware/SubstituteBindings.php(50): Illuminate\\Pipeline\\Pipeline->Illuminate\\Pipeline\\{closure}()
#10 /home/dperez/Documents/Proyectos/laravel-sign/vendor/laravel/framework/src/Illuminate/Pipeline/Pipeline.php(167): Illuminate\\Routing\\Middleware\\SubstituteBindings->handle()
#11 /home/dperez/Documents/Proyectos/laravel-sign/vendor/laravel/framework/src/Illuminate/Routing/Middleware/ThrottleRequests.php(127): Illuminate\\Pipeline\\Pipeline->Illuminate\\Pipeline\\{closure}()
#12 /home/dperez/Documents/Proyectos/laravel-sign/vendor/laravel/framework/src/Illuminate/Routing/Middleware/ThrottleRequests.php(93): Illuminate\\Routing\\Middleware\\ThrottleRequests->handleRequest()
#13 /home/dperez/Documents/Proyectos/laravel-sign/vendor/laravel/framework/src/Illuminate/Routing/Middleware/ThrottleRequests.php(55): Illuminate\\Routing\\Middleware\\ThrottleRequests->handleRequestUsingNamedLimiter()
#14 /home/dperez/Documents/Proyectos/laravel-sign/vendor/laravel/framework/src/Illuminate/Pipeline/Pipeline.php(167): Illuminate\\Routing\\Middleware\\ThrottleRequests->handle()
#15 /home/dperez/Documents/Proyectos/laravel-sign/vendor/laravel/framework/src/Illuminate/Pipeline/Pipeline.php(103): Illuminate\\Pipeline\\Pipeline->Illuminate\\Pipeline\\{closure}()
#16 /home/dperez/Documents/Proyectos/laravel-sign/vendor/laravel/framework/src/Illuminate/Routing/Router.php(719): Illuminate\\Pipeline\\Pipeline->then()
#17 /home/dperez/Documents/Proyectos/laravel-sign/vendor/laravel/framework/src/Illuminate/Routing/Router.php(698): Illuminate\\Routing\\Router->runRouteWithinStack()
#18 /home/dperez/Documents/Proyectos/laravel-sign/vendor/laravel/framework/src/Illuminate/Routing/Router.php(662): Illuminate\\Routing\\Router->runRoute()
#19 /home/dperez/Documents/Proyectos/laravel-sign/vendor/laravel/framework/src/Illuminate/Routing/Router.php(651): Illuminate\\Routing\\Router->dispatchToRoute()
#20 /home/dperez/Documents/Proyectos/laravel-sign/vendor/laravel/framework/src/Illuminate/Foundation/Http/Kernel.php(167): Illuminate\\Routing\\Router->dispatch()
#21 /home/dperez/Documents/Proyectos/laravel-sign/vendor/laravel/framework/src/Illuminate/Pipeline/Pipeline.php(128): Illuminate\\Foundation\\Http\\Kernel->Illuminate\\Foundation\\Http\\{closure}()
#22 /home/dperez/Documents/Proyectos/laravel-sign/vendor/laravel/framework/src/Illuminate/Foundation/Http/Middleware/TransformsRequest.php(21): Illuminate\\Pipeline\\Pipeline->Illuminate\\Pipeline\\{closure}()
#23 /home/dperez/Documents/Proyectos/laravel-sign/vendor/laravel/framework/src/Illuminate/Foundation/Http/Middleware/ConvertEmptyStringsToNull.php(31): Illuminate\\Foundation\\Http\\Middleware\\TransformsRequest->handle()
#24 /home/dperez/Documents/Proyectos/laravel-sign/vendor/laravel/framework/src/Illuminate/Pipeline/Pipeline.php(167): Illuminate\\Foundation\\Http\\Middleware\\ConvertEmptyStringsToNull->handle()
#25 /home/dperez/Documents/Proyectos/laravel-sign/vendor/laravel/framework/src/Illuminate/Foundation/Http/Middleware/TransformsRequest.php(21): Illuminate\\Pipeline\\Pipeline->Illuminate\\Pipeline\\{closure}()
#26 /home/dperez/Documents/Proyectos/laravel-sign/vendor/laravel/framework/src/Illuminate/Foundation/Http/Middleware/TrimStrings.php(40): Illuminate\\Foundation\\Http\\Middleware\\TransformsRequest->handle()
#27 /home/dperez/Documents/Proyectos/laravel-sign/vendor/laravel/framework/src/Illuminate/Pipeline/Pipeline.php(167): Illuminate\\Foundation\\Http\\Middleware\\TrimStrings->handle()
#28 /home/dperez/Documents/Proyectos/laravel-sign/vendor/laravel/framework/src/Illuminate/Foundation/Http/Middleware/ValidatePostSize.php(27): Illuminate\\Pipeline\\Pipeline->Illuminate\\Pipeline\\{closure}()
#29 /home/dperez/Documents/Proyectos/laravel-sign/vendor/laravel/framework/src/Illuminate/Pipeline/Pipeline.php(167): Illuminate\\Foundation\\Http\\Middleware\\ValidatePostSize->handle()
#30 /home/dperez/Documents/Proyectos/laravel-sign/vendor/laravel/framework/src/Illuminate/Foundation/Http/Middleware/PreventRequestsDuringMaintenance.php(86): Illuminate\\Pipeline\\Pipeline->Illuminate\\Pipeline\\{closure}()
#31 /home/dperez/Documents/Proyectos/laravel-sign/vendor/laravel/framework/src/Illuminate/Pipeline/Pipeline.php(167): Illuminate\\Foundation\\Http\\Middleware\\PreventRequestsDuringMaintenance->handle()
#32 /home/dperez/Documents/Proyectos/laravel-sign/vendor/fruitcake/laravel-cors/src/HandleCors.php(52): Illuminate\\Pipeline\\Pipeline->Illuminate\\Pipeline\\{closure}()
#33 /home/dperez/Documents/Proyectos/laravel-sign/vendor/laravel/framework/src/Illuminate/Pipeline/Pipeline.php(167): Fruitcake\\Cors\\HandleCors->handle()
#34 /home/dperez/Documents/Proyectos/laravel-sign/vendor/laravel/framework/src/Illuminate/Http/Middleware/TrustProxies.php(39): Illuminate\\Pipeline\\Pipeline->Illuminate\\Pipeline\\{closure}()
#35 /home/dperez/Documents/Proyectos/laravel-sign/vendor/laravel/framework/src/Illuminate/Pipeline/Pipeline.php(167): Illuminate\\Http\\Middleware\\TrustProxies->handle()
#36 /home/dperez/Documents/Proyectos/laravel-sign/vendor/laravel/framework/src/Illuminate/Pipeline/Pipeline.php(103): Illuminate\\Pipeline\\Pipeline->Illuminate\\Pipeline\\{closure}()
#37 /home/dperez/Documents/Proyectos/laravel-sign/vendor/laravel/framework/src/Illuminate/Foundation/Http/Kernel.php(142): Illuminate\\Pipeline\\Pipeline->then()
#38 /home/dperez/Documents/Proyectos/laravel-sign/vendor/laravel/framework/src/Illuminate/Foundation/Http/Kernel.php(111): Illuminate\\Foundation\\Http\\Kernel->sendRequestThroughRouter()
#39 /home/dperez/Documents/Proyectos/laravel-sign/public/index.php(14): Illuminate\\Foundation\\Http\\Kernel->handle()
#40 /home/dperez/Documents/Proyectos/laravel-sign/server.php(21): require_once('...')
#41 {main}
"} 
[2025-05-28 07:56:30] local.ERROR: Undefined array key "details" {"exception":"[object] (ErrorException(code: 0): Undefined array key \"details\" at /home/dperez/Documents/Proyectos/laravel-sign/app/DTOs/Invoice/InvoiceData.php:43)
[stacktrace]
#0 /home/dperez/Documents/Proyectos/laravel-sign/app/DTOs/Invoice/InvoiceData.php(43): Illuminate\\Foundation\\Bootstrap\\HandleExceptions->handleError()
#1 /home/dperez/Documents/Proyectos/laravel-sign/app/DTOs/InvoiceDTO.php(22): App\\DTOs\\Invoice\\InvoiceData::from()
#2 /home/dperez/Documents/Proyectos/laravel-sign/app/Http/Controllers/InvoiceController.php(27): App\\DTOs\\InvoiceDTO::fromRequest()
#3 /home/dperez/Documents/Proyectos/laravel-sign/vendor/laravel/framework/src/Illuminate/Routing/Controller.php(54): App\\Http\\Controllers\\InvoiceController->createXML()
#4 /home/dperez/Documents/Proyectos/laravel-sign/vendor/laravel/framework/src/Illuminate/Routing/ControllerDispatcher.php(45): Illuminate\\Routing\\Controller->callAction()
#5 /home/dperez/Documents/Proyectos/laravel-sign/vendor/laravel/framework/src/Illuminate/Routing/Route.php(261): Illuminate\\Routing\\ControllerDispatcher->dispatch()
#6 /home/dperez/Documents/Proyectos/laravel-sign/vendor/laravel/framework/src/Illuminate/Routing/Route.php(205): Illuminate\\Routing\\Route->runController()
#7 /home/dperez/Documents/Proyectos/laravel-sign/vendor/laravel/framework/src/Illuminate/Routing/Router.php(721): Illuminate\\Routing\\Route->run()
#8 /home/dperez/Documents/Proyectos/laravel-sign/vendor/laravel/framework/src/Illuminate/Pipeline/Pipeline.php(128): Illuminate\\Routing\\Router->Illuminate\\Routing\\{closure}()
#9 /home/dperez/Documents/Proyectos/laravel-sign/vendor/laravel/framework/src/Illuminate/Routing/Middleware/SubstituteBindings.php(50): Illuminate\\Pipeline\\Pipeline->Illuminate\\Pipeline\\{closure}()
#10 /home/dperez/Documents/Proyectos/laravel-sign/vendor/laravel/framework/src/Illuminate/Pipeline/Pipeline.php(167): Illuminate\\Routing\\Middleware\\SubstituteBindings->handle()
#11 /home/dperez/Documents/Proyectos/laravel-sign/vendor/laravel/framework/src/Illuminate/Routing/Middleware/ThrottleRequests.php(127): Illuminate\\Pipeline\\Pipeline->Illuminate\\Pipeline\\{closure}()
#12 /home/dperez/Documents/Proyectos/laravel-sign/vendor/laravel/framework/src/Illuminate/Routing/Middleware/ThrottleRequests.php(93): Illuminate\\Routing\\Middleware\\ThrottleRequests->handleRequest()
#13 /home/dperez/Documents/Proyectos/laravel-sign/vendor/laravel/framework/src/Illuminate/Routing/Middleware/ThrottleRequests.php(55): Illuminate\\Routing\\Middleware\\ThrottleRequests->handleRequestUsingNamedLimiter()
#14 /home/dperez/Documents/Proyectos/laravel-sign/vendor/laravel/framework/src/Illuminate/Pipeline/Pipeline.php(167): Illuminate\\Routing\\Middleware\\ThrottleRequests->handle()
#15 /home/dperez/Documents/Proyectos/laravel-sign/vendor/laravel/framework/src/Illuminate/Pipeline/Pipeline.php(103): Illuminate\\Pipeline\\Pipeline->Illuminate\\Pipeline\\{closure}()
#16 /home/dperez/Documents/Proyectos/laravel-sign/vendor/laravel/framework/src/Illuminate/Routing/Router.php(719): Illuminate\\Pipeline\\Pipeline->then()
#17 /home/dperez/Documents/Proyectos/laravel-sign/vendor/laravel/framework/src/Illuminate/Routing/Router.php(698): Illuminate\\Routing\\Router->runRouteWithinStack()
#18 /home/dperez/Documents/Proyectos/laravel-sign/vendor/laravel/framework/src/Illuminate/Routing/Router.php(662): Illuminate\\Routing\\Router->runRoute()
#19 /home/dperez/Documents/Proyectos/laravel-sign/vendor/laravel/framework/src/Illuminate/Routing/Router.php(651): Illuminate\\Routing\\Router->dispatchToRoute()
#20 /home/dperez/Documents/Proyectos/laravel-sign/vendor/laravel/framework/src/Illuminate/Foundation/Http/Kernel.php(167): Illuminate\\Routing\\Router->dispatch()
#21 /home/dperez/Documents/Proyectos/laravel-sign/vendor/laravel/framework/src/Illuminate/Pipeline/Pipeline.php(128): Illuminate\\Foundation\\Http\\Kernel->Illuminate\\Foundation\\Http\\{closure}()
#22 /home/dperez/Documents/Proyectos/laravel-sign/vendor/laravel/framework/src/Illuminate/Foundation/Http/Middleware/TransformsRequest.php(21): Illuminate\\Pipeline\\Pipeline->Illuminate\\Pipeline\\{closure}()
#23 /home/dperez/Documents/Proyectos/laravel-sign/vendor/laravel/framework/src/Illuminate/Foundation/Http/Middleware/ConvertEmptyStringsToNull.php(31): Illuminate\\Foundation\\Http\\Middleware\\TransformsRequest->handle()
#24 /home/dperez/Documents/Proyectos/laravel-sign/vendor/laravel/framework/src/Illuminate/Pipeline/Pipeline.php(167): Illuminate\\Foundation\\Http\\Middleware\\ConvertEmptyStringsToNull->handle()
#25 /home/dperez/Documents/Proyectos/laravel-sign/vendor/laravel/framework/src/Illuminate/Foundation/Http/Middleware/TransformsRequest.php(21): Illuminate\\Pipeline\\Pipeline->Illuminate\\Pipeline\\{closure}()
#26 /home/dperez/Documents/Proyectos/laravel-sign/vendor/laravel/framework/src/Illuminate/Foundation/Http/Middleware/TrimStrings.php(40): Illuminate\\Foundation\\Http\\Middleware\\TransformsRequest->handle()
#27 /home/dperez/Documents/Proyectos/laravel-sign/vendor/laravel/framework/src/Illuminate/Pipeline/Pipeline.php(167): Illuminate\\Foundation\\Http\\Middleware\\TrimStrings->handle()
#28 /home/dperez/Documents/Proyectos/laravel-sign/vendor/laravel/framework/src/Illuminate/Foundation/Http/Middleware/ValidatePostSize.php(27): Illuminate\\Pipeline\\Pipeline->Illuminate\\Pipeline\\{closure}()
#29 /home/dperez/Documents/Proyectos/laravel-sign/vendor/laravel/framework/src/Illuminate/Pipeline/Pipeline.php(167): Illuminate\\Foundation\\Http\\Middleware\\ValidatePostSize->handle()
#30 /home/dperez/Documents/Proyectos/laravel-sign/vendor/laravel/framework/src/Illuminate/Foundation/Http/Middleware/PreventRequestsDuringMaintenance.php(86): Illuminate\\Pipeline\\Pipeline->Illuminate\\Pipeline\\{closure}()
#31 /home/dperez/Documents/Proyectos/laravel-sign/vendor/laravel/framework/src/Illuminate/Pipeline/Pipeline.php(167): Illuminate\\Foundation\\Http\\Middleware\\PreventRequestsDuringMaintenance->handle()
#32 /home/dperez/Documents/Proyectos/laravel-sign/vendor/fruitcake/laravel-cors/src/HandleCors.php(52): Illuminate\\Pipeline\\Pipeline->Illuminate\\Pipeline\\{closure}()
#33 /home/dperez/Documents/Proyectos/laravel-sign/vendor/laravel/framework/src/Illuminate/Pipeline/Pipeline.php(167): Fruitcake\\Cors\\HandleCors->handle()
#34 /home/dperez/Documents/Proyectos/laravel-sign/vendor/laravel/framework/src/Illuminate/Http/Middleware/TrustProxies.php(39): Illuminate\\Pipeline\\Pipeline->Illuminate\\Pipeline\\{closure}()
#35 /home/dperez/Documents/Proyectos/laravel-sign/vendor/laravel/framework/src/Illuminate/Pipeline/Pipeline.php(167): Illuminate\\Http\\Middleware\\TrustProxies->handle()
#36 /home/dperez/Documents/Proyectos/laravel-sign/vendor/laravel/framework/src/Illuminate/Pipeline/Pipeline.php(103): Illuminate\\Pipeline\\Pipeline->Illuminate\\Pipeline\\{closure}()
#37 /home/dperez/Documents/Proyectos/laravel-sign/vendor/laravel/framework/src/Illuminate/Foundation/Http/Kernel.php(142): Illuminate\\Pipeline\\Pipeline->then()
#38 /home/dperez/Documents/Proyectos/laravel-sign/vendor/laravel/framework/src/Illuminate/Foundation/Http/Kernel.php(111): Illuminate\\Foundation\\Http\\Kernel->sendRequestThroughRouter()
#39 /home/dperez/Documents/Proyectos/laravel-sign/public/index.php(14): Illuminate\\Foundation\\Http\\Kernel->handle()
#40 /home/dperez/Documents/Proyectos/laravel-sign/server.php(21): require_once('...')
#41 {main}
"} 
[2025-05-28 07:58:16] local.ERROR: Undefined array key "details" {"exception":"[object] (ErrorException(code: 0): Undefined array key \"details\" at /home/dperez/Documents/Proyectos/laravel-sign/app/DTOs/Invoice/InvoiceData.php:43)
[stacktrace]
#0 /home/dperez/Documents/Proyectos/laravel-sign/app/DTOs/Invoice/InvoiceData.php(43): Illuminate\\Foundation\\Bootstrap\\HandleExceptions->handleError()
#1 /home/dperez/Documents/Proyectos/laravel-sign/app/DTOs/InvoiceDTO.php(22): App\\DTOs\\Invoice\\InvoiceData::from()
#2 /home/dperez/Documents/Proyectos/laravel-sign/app/Http/Controllers/InvoiceController.php(26): App\\DTOs\\InvoiceDTO::fromRequest()
#3 /home/dperez/Documents/Proyectos/laravel-sign/vendor/laravel/framework/src/Illuminate/Routing/Controller.php(54): App\\Http\\Controllers\\InvoiceController->createXML()
#4 /home/dperez/Documents/Proyectos/laravel-sign/vendor/laravel/framework/src/Illuminate/Routing/ControllerDispatcher.php(45): Illuminate\\Routing\\Controller->callAction()
#5 /home/dperez/Documents/Proyectos/laravel-sign/vendor/laravel/framework/src/Illuminate/Routing/Route.php(261): Illuminate\\Routing\\ControllerDispatcher->dispatch()
#6 /home/dperez/Documents/Proyectos/laravel-sign/vendor/laravel/framework/src/Illuminate/Routing/Route.php(205): Illuminate\\Routing\\Route->runController()
#7 /home/dperez/Documents/Proyectos/laravel-sign/vendor/laravel/framework/src/Illuminate/Routing/Router.php(721): Illuminate\\Routing\\Route->run()
#8 /home/dperez/Documents/Proyectos/laravel-sign/vendor/laravel/framework/src/Illuminate/Pipeline/Pipeline.php(128): Illuminate\\Routing\\Router->Illuminate\\Routing\\{closure}()
#9 /home/dperez/Documents/Proyectos/laravel-sign/vendor/laravel/framework/src/Illuminate/Routing/Middleware/SubstituteBindings.php(50): Illuminate\\Pipeline\\Pipeline->Illuminate\\Pipeline\\{closure}()
#10 /home/dperez/Documents/Proyectos/laravel-sign/vendor/laravel/framework/src/Illuminate/Pipeline/Pipeline.php(167): Illuminate\\Routing\\Middleware\\SubstituteBindings->handle()
#11 /home/dperez/Documents/Proyectos/laravel-sign/vendor/laravel/framework/src/Illuminate/Routing/Middleware/ThrottleRequests.php(127): Illuminate\\Pipeline\\Pipeline->Illuminate\\Pipeline\\{closure}()
#12 /home/dperez/Documents/Proyectos/laravel-sign/vendor/laravel/framework/src/Illuminate/Routing/Middleware/ThrottleRequests.php(93): Illuminate\\Routing\\Middleware\\ThrottleRequests->handleRequest()
#13 /home/dperez/Documents/Proyectos/laravel-sign/vendor/laravel/framework/src/Illuminate/Routing/Middleware/ThrottleRequests.php(55): Illuminate\\Routing\\Middleware\\ThrottleRequests->handleRequestUsingNamedLimiter()
#14 /home/dperez/Documents/Proyectos/laravel-sign/vendor/laravel/framework/src/Illuminate/Pipeline/Pipeline.php(167): Illuminate\\Routing\\Middleware\\ThrottleRequests->handle()
#15 /home/dperez/Documents/Proyectos/laravel-sign/vendor/laravel/framework/src/Illuminate/Pipeline/Pipeline.php(103): Illuminate\\Pipeline\\Pipeline->Illuminate\\Pipeline\\{closure}()
#16 /home/dperez/Documents/Proyectos/laravel-sign/vendor/laravel/framework/src/Illuminate/Routing/Router.php(719): Illuminate\\Pipeline\\Pipeline->then()
#17 /home/dperez/Documents/Proyectos/laravel-sign/vendor/laravel/framework/src/Illuminate/Routing/Router.php(698): Illuminate\\Routing\\Router->runRouteWithinStack()
#18 /home/dperez/Documents/Proyectos/laravel-sign/vendor/laravel/framework/src/Illuminate/Routing/Router.php(662): Illuminate\\Routing\\Router->runRoute()
#19 /home/dperez/Documents/Proyectos/laravel-sign/vendor/laravel/framework/src/Illuminate/Routing/Router.php(651): Illuminate\\Routing\\Router->dispatchToRoute()
#20 /home/dperez/Documents/Proyectos/laravel-sign/vendor/laravel/framework/src/Illuminate/Foundation/Http/Kernel.php(167): Illuminate\\Routing\\Router->dispatch()
#21 /home/dperez/Documents/Proyectos/laravel-sign/vendor/laravel/framework/src/Illuminate/Pipeline/Pipeline.php(128): Illuminate\\Foundation\\Http\\Kernel->Illuminate\\Foundation\\Http\\{closure}()
#22 /home/dperez/Documents/Proyectos/laravel-sign/vendor/laravel/framework/src/Illuminate/Foundation/Http/Middleware/TransformsRequest.php(21): Illuminate\\Pipeline\\Pipeline->Illuminate\\Pipeline\\{closure}()
#23 /home/dperez/Documents/Proyectos/laravel-sign/vendor/laravel/framework/src/Illuminate/Foundation/Http/Middleware/ConvertEmptyStringsToNull.php(31): Illuminate\\Foundation\\Http\\Middleware\\TransformsRequest->handle()
#24 /home/dperez/Documents/Proyectos/laravel-sign/vendor/laravel/framework/src/Illuminate/Pipeline/Pipeline.php(167): Illuminate\\Foundation\\Http\\Middleware\\ConvertEmptyStringsToNull->handle()
#25 /home/dperez/Documents/Proyectos/laravel-sign/vendor/laravel/framework/src/Illuminate/Foundation/Http/Middleware/TransformsRequest.php(21): Illuminate\\Pipeline\\Pipeline->Illuminate\\Pipeline\\{closure}()
#26 /home/dperez/Documents/Proyectos/laravel-sign/vendor/laravel/framework/src/Illuminate/Foundation/Http/Middleware/TrimStrings.php(40): Illuminate\\Foundation\\Http\\Middleware\\TransformsRequest->handle()
#27 /home/dperez/Documents/Proyectos/laravel-sign/vendor/laravel/framework/src/Illuminate/Pipeline/Pipeline.php(167): Illuminate\\Foundation\\Http\\Middleware\\TrimStrings->handle()
#28 /home/dperez/Documents/Proyectos/laravel-sign/vendor/laravel/framework/src/Illuminate/Foundation/Http/Middleware/ValidatePostSize.php(27): Illuminate\\Pipeline\\Pipeline->Illuminate\\Pipeline\\{closure}()
#29 /home/dperez/Documents/Proyectos/laravel-sign/vendor/laravel/framework/src/Illuminate/Pipeline/Pipeline.php(167): Illuminate\\Foundation\\Http\\Middleware\\ValidatePostSize->handle()
#30 /home/dperez/Documents/Proyectos/laravel-sign/vendor/laravel/framework/src/Illuminate/Foundation/Http/Middleware/PreventRequestsDuringMaintenance.php(86): Illuminate\\Pipeline\\Pipeline->Illuminate\\Pipeline\\{closure}()
#31 /home/dperez/Documents/Proyectos/laravel-sign/vendor/laravel/framework/src/Illuminate/Pipeline/Pipeline.php(167): Illuminate\\Foundation\\Http\\Middleware\\PreventRequestsDuringMaintenance->handle()
#32 /home/dperez/Documents/Proyectos/laravel-sign/vendor/fruitcake/laravel-cors/src/HandleCors.php(52): Illuminate\\Pipeline\\Pipeline->Illuminate\\Pipeline\\{closure}()
#33 /home/dperez/Documents/Proyectos/laravel-sign/vendor/laravel/framework/src/Illuminate/Pipeline/Pipeline.php(167): Fruitcake\\Cors\\HandleCors->handle()
#34 /home/dperez/Documents/Proyectos/laravel-sign/vendor/laravel/framework/src/Illuminate/Http/Middleware/TrustProxies.php(39): Illuminate\\Pipeline\\Pipeline->Illuminate\\Pipeline\\{closure}()
#35 /home/dperez/Documents/Proyectos/laravel-sign/vendor/laravel/framework/src/Illuminate/Pipeline/Pipeline.php(167): Illuminate\\Http\\Middleware\\TrustProxies->handle()
#36 /home/dperez/Documents/Proyectos/laravel-sign/vendor/laravel/framework/src/Illuminate/Pipeline/Pipeline.php(103): Illuminate\\Pipeline\\Pipeline->Illuminate\\Pipeline\\{closure}()
#37 /home/dperez/Documents/Proyectos/laravel-sign/vendor/laravel/framework/src/Illuminate/Foundation/Http/Kernel.php(142): Illuminate\\Pipeline\\Pipeline->then()
#38 /home/dperez/Documents/Proyectos/laravel-sign/vendor/laravel/framework/src/Illuminate/Foundation/Http/Kernel.php(111): Illuminate\\Foundation\\Http\\Kernel->sendRequestThroughRouter()
#39 /home/dperez/Documents/Proyectos/laravel-sign/public/index.php(14): Illuminate\\Foundation\\Http\\Kernel->handle()
#40 /home/dperez/Documents/Proyectos/laravel-sign/server.php(21): require_once('...')
#41 {main}
"} 
[2025-05-28 07:58:34] local.ERROR: Attempt to read property "invoice" on array {"exception":"[object] (ErrorException(code: 0): Attempt to read property \"invoice\" on array at /home/dperez/Documents/Proyectos/laravel-sign/app/Http/Controllers/InvoiceController.php:26)
[stacktrace]
#0 /home/dperez/Documents/Proyectos/laravel-sign/app/Http/Controllers/InvoiceController.php(26): Illuminate\\Foundation\\Bootstrap\\HandleExceptions->handleError()
#1 /home/dperez/Documents/Proyectos/laravel-sign/vendor/laravel/framework/src/Illuminate/Routing/Controller.php(54): App\\Http\\Controllers\\InvoiceController->createXML()
#2 /home/dperez/Documents/Proyectos/laravel-sign/vendor/laravel/framework/src/Illuminate/Routing/ControllerDispatcher.php(45): Illuminate\\Routing\\Controller->callAction()
#3 /home/dperez/Documents/Proyectos/laravel-sign/vendor/laravel/framework/src/Illuminate/Routing/Route.php(261): Illuminate\\Routing\\ControllerDispatcher->dispatch()
#4 /home/dperez/Documents/Proyectos/laravel-sign/vendor/laravel/framework/src/Illuminate/Routing/Route.php(205): Illuminate\\Routing\\Route->runController()
#5 /home/dperez/Documents/Proyectos/laravel-sign/vendor/laravel/framework/src/Illuminate/Routing/Router.php(721): Illuminate\\Routing\\Route->run()
#6 /home/dperez/Documents/Proyectos/laravel-sign/vendor/laravel/framework/src/Illuminate/Pipeline/Pipeline.php(128): Illuminate\\Routing\\Router->Illuminate\\Routing\\{closure}()
#7 /home/dperez/Documents/Proyectos/laravel-sign/vendor/laravel/framework/src/Illuminate/Routing/Middleware/SubstituteBindings.php(50): Illuminate\\Pipeline\\Pipeline->Illuminate\\Pipeline\\{closure}()
#8 /home/dperez/Documents/Proyectos/laravel-sign/vendor/laravel/framework/src/Illuminate/Pipeline/Pipeline.php(167): Illuminate\\Routing\\Middleware\\SubstituteBindings->handle()
#9 /home/dperez/Documents/Proyectos/laravel-sign/vendor/laravel/framework/src/Illuminate/Routing/Middleware/ThrottleRequests.php(127): Illuminate\\Pipeline\\Pipeline->Illuminate\\Pipeline\\{closure}()
#10 /home/dperez/Documents/Proyectos/laravel-sign/vendor/laravel/framework/src/Illuminate/Routing/Middleware/ThrottleRequests.php(93): Illuminate\\Routing\\Middleware\\ThrottleRequests->handleRequest()
#11 /home/dperez/Documents/Proyectos/laravel-sign/vendor/laravel/framework/src/Illuminate/Routing/Middleware/ThrottleRequests.php(55): Illuminate\\Routing\\Middleware\\ThrottleRequests->handleRequestUsingNamedLimiter()
#12 /home/dperez/Documents/Proyectos/laravel-sign/vendor/laravel/framework/src/Illuminate/Pipeline/Pipeline.php(167): Illuminate\\Routing\\Middleware\\ThrottleRequests->handle()
#13 /home/dperez/Documents/Proyectos/laravel-sign/vendor/laravel/framework/src/Illuminate/Pipeline/Pipeline.php(103): Illuminate\\Pipeline\\Pipeline->Illuminate\\Pipeline\\{closure}()
#14 /home/dperez/Documents/Proyectos/laravel-sign/vendor/laravel/framework/src/Illuminate/Routing/Router.php(719): Illuminate\\Pipeline\\Pipeline->then()
#15 /home/dperez/Documents/Proyectos/laravel-sign/vendor/laravel/framework/src/Illuminate/Routing/Router.php(698): Illuminate\\Routing\\Router->runRouteWithinStack()
#16 /home/dperez/Documents/Proyectos/laravel-sign/vendor/laravel/framework/src/Illuminate/Routing/Router.php(662): Illuminate\\Routing\\Router->runRoute()
#17 /home/dperez/Documents/Proyectos/laravel-sign/vendor/laravel/framework/src/Illuminate/Routing/Router.php(651): Illuminate\\Routing\\Router->dispatchToRoute()
#18 /home/dperez/Documents/Proyectos/laravel-sign/vendor/laravel/framework/src/Illuminate/Foundation/Http/Kernel.php(167): Illuminate\\Routing\\Router->dispatch()
#19 /home/dperez/Documents/Proyectos/laravel-sign/vendor/laravel/framework/src/Illuminate/Pipeline/Pipeline.php(128): Illuminate\\Foundation\\Http\\Kernel->Illuminate\\Foundation\\Http\\{closure}()
#20 /home/dperez/Documents/Proyectos/laravel-sign/vendor/laravel/framework/src/Illuminate/Foundation/Http/Middleware/TransformsRequest.php(21): Illuminate\\Pipeline\\Pipeline->Illuminate\\Pipeline\\{closure}()
#21 /home/dperez/Documents/Proyectos/laravel-sign/vendor/laravel/framework/src/Illuminate/Foundation/Http/Middleware/ConvertEmptyStringsToNull.php(31): Illuminate\\Foundation\\Http\\Middleware\\TransformsRequest->handle()
#22 /home/dperez/Documents/Proyectos/laravel-sign/vendor/laravel/framework/src/Illuminate/Pipeline/Pipeline.php(167): Illuminate\\Foundation\\Http\\Middleware\\ConvertEmptyStringsToNull->handle()
#23 /home/dperez/Documents/Proyectos/laravel-sign/vendor/laravel/framework/src/Illuminate/Foundation/Http/Middleware/TransformsRequest.php(21): Illuminate\\Pipeline\\Pipeline->Illuminate\\Pipeline\\{closure}()
#24 /home/dperez/Documents/Proyectos/laravel-sign/vendor/laravel/framework/src/Illuminate/Foundation/Http/Middleware/TrimStrings.php(40): Illuminate\\Foundation\\Http\\Middleware\\TransformsRequest->handle()
#25 /home/dperez/Documents/Proyectos/laravel-sign/vendor/laravel/framework/src/Illuminate/Pipeline/Pipeline.php(167): Illuminate\\Foundation\\Http\\Middleware\\TrimStrings->handle()
#26 /home/dperez/Documents/Proyectos/laravel-sign/vendor/laravel/framework/src/Illuminate/Foundation/Http/Middleware/ValidatePostSize.php(27): Illuminate\\Pipeline\\Pipeline->Illuminate\\Pipeline\\{closure}()
#27 /home/dperez/Documents/Proyectos/laravel-sign/vendor/laravel/framework/src/Illuminate/Pipeline/Pipeline.php(167): Illuminate\\Foundation\\Http\\Middleware\\ValidatePostSize->handle()
#28 /home/dperez/Documents/Proyectos/laravel-sign/vendor/laravel/framework/src/Illuminate/Foundation/Http/Middleware/PreventRequestsDuringMaintenance.php(86): Illuminate\\Pipeline\\Pipeline->Illuminate\\Pipeline\\{closure}()
#29 /home/dperez/Documents/Proyectos/laravel-sign/vendor/laravel/framework/src/Illuminate/Pipeline/Pipeline.php(167): Illuminate\\Foundation\\Http\\Middleware\\PreventRequestsDuringMaintenance->handle()
#30 /home/dperez/Documents/Proyectos/laravel-sign/vendor/fruitcake/laravel-cors/src/HandleCors.php(52): Illuminate\\Pipeline\\Pipeline->Illuminate\\Pipeline\\{closure}()
#31 /home/dperez/Documents/Proyectos/laravel-sign/vendor/laravel/framework/src/Illuminate/Pipeline/Pipeline.php(167): Fruitcake\\Cors\\HandleCors->handle()
#32 /home/dperez/Documents/Proyectos/laravel-sign/vendor/laravel/framework/src/Illuminate/Http/Middleware/TrustProxies.php(39): Illuminate\\Pipeline\\Pipeline->Illuminate\\Pipeline\\{closure}()
#33 /home/dperez/Documents/Proyectos/laravel-sign/vendor/laravel/framework/src/Illuminate/Pipeline/Pipeline.php(167): Illuminate\\Http\\Middleware\\TrustProxies->handle()
#34 /home/dperez/Documents/Proyectos/laravel-sign/vendor/laravel/framework/src/Illuminate/Pipeline/Pipeline.php(103): Illuminate\\Pipeline\\Pipeline->Illuminate\\Pipeline\\{closure}()
#35 /home/dperez/Documents/Proyectos/laravel-sign/vendor/laravel/framework/src/Illuminate/Foundation/Http/Kernel.php(142): Illuminate\\Pipeline\\Pipeline->then()
#36 /home/dperez/Documents/Proyectos/laravel-sign/vendor/laravel/framework/src/Illuminate/Foundation/Http/Kernel.php(111): Illuminate\\Foundation\\Http\\Kernel->sendRequestThroughRouter()
#37 /home/dperez/Documents/Proyectos/laravel-sign/public/index.php(14): Illuminate\\Foundation\\Http\\Kernel->handle()
#38 /home/dperez/Documents/Proyectos/laravel-sign/server.php(21): require_once('...')
#39 {main}
"} 
[2025-05-28 07:58:42] local.ERROR: Array to string conversion {"exception":"[object] (ErrorException(code: 0): Array to string conversion at /home/dperez/Documents/Proyectos/laravel-sign/app/Http/Controllers/InvoiceController.php:26)
[stacktrace]
#0 /home/dperez/Documents/Proyectos/laravel-sign/app/Http/Controllers/InvoiceController.php(26): Illuminate\\Foundation\\Bootstrap\\HandleExceptions->handleError()
#1 /home/dperez/Documents/Proyectos/laravel-sign/vendor/laravel/framework/src/Illuminate/Routing/Controller.php(54): App\\Http\\Controllers\\InvoiceController->createXML()
#2 /home/dperez/Documents/Proyectos/laravel-sign/vendor/laravel/framework/src/Illuminate/Routing/ControllerDispatcher.php(45): Illuminate\\Routing\\Controller->callAction()
#3 /home/dperez/Documents/Proyectos/laravel-sign/vendor/laravel/framework/src/Illuminate/Routing/Route.php(261): Illuminate\\Routing\\ControllerDispatcher->dispatch()
#4 /home/dperez/Documents/Proyectos/laravel-sign/vendor/laravel/framework/src/Illuminate/Routing/Route.php(205): Illuminate\\Routing\\Route->runController()
#5 /home/dperez/Documents/Proyectos/laravel-sign/vendor/laravel/framework/src/Illuminate/Routing/Router.php(721): Illuminate\\Routing\\Route->run()
#6 /home/dperez/Documents/Proyectos/laravel-sign/vendor/laravel/framework/src/Illuminate/Pipeline/Pipeline.php(128): Illuminate\\Routing\\Router->Illuminate\\Routing\\{closure}()
#7 /home/dperez/Documents/Proyectos/laravel-sign/vendor/laravel/framework/src/Illuminate/Routing/Middleware/SubstituteBindings.php(50): Illuminate\\Pipeline\\Pipeline->Illuminate\\Pipeline\\{closure}()
#8 /home/dperez/Documents/Proyectos/laravel-sign/vendor/laravel/framework/src/Illuminate/Pipeline/Pipeline.php(167): Illuminate\\Routing\\Middleware\\SubstituteBindings->handle()
#9 /home/dperez/Documents/Proyectos/laravel-sign/vendor/laravel/framework/src/Illuminate/Routing/Middleware/ThrottleRequests.php(127): Illuminate\\Pipeline\\Pipeline->Illuminate\\Pipeline\\{closure}()
#10 /home/dperez/Documents/Proyectos/laravel-sign/vendor/laravel/framework/src/Illuminate/Routing/Middleware/ThrottleRequests.php(93): Illuminate\\Routing\\Middleware\\ThrottleRequests->handleRequest()
#11 /home/dperez/Documents/Proyectos/laravel-sign/vendor/laravel/framework/src/Illuminate/Routing/Middleware/ThrottleRequests.php(55): Illuminate\\Routing\\Middleware\\ThrottleRequests->handleRequestUsingNamedLimiter()
#12 /home/dperez/Documents/Proyectos/laravel-sign/vendor/laravel/framework/src/Illuminate/Pipeline/Pipeline.php(167): Illuminate\\Routing\\Middleware\\ThrottleRequests->handle()
#13 /home/dperez/Documents/Proyectos/laravel-sign/vendor/laravel/framework/src/Illuminate/Pipeline/Pipeline.php(103): Illuminate\\Pipeline\\Pipeline->Illuminate\\Pipeline\\{closure}()
#14 /home/dperez/Documents/Proyectos/laravel-sign/vendor/laravel/framework/src/Illuminate/Routing/Router.php(719): Illuminate\\Pipeline\\Pipeline->then()
#15 /home/dperez/Documents/Proyectos/laravel-sign/vendor/laravel/framework/src/Illuminate/Routing/Router.php(698): Illuminate\\Routing\\Router->runRouteWithinStack()
#16 /home/dperez/Documents/Proyectos/laravel-sign/vendor/laravel/framework/src/Illuminate/Routing/Router.php(662): Illuminate\\Routing\\Router->runRoute()
#17 /home/dperez/Documents/Proyectos/laravel-sign/vendor/laravel/framework/src/Illuminate/Routing/Router.php(651): Illuminate\\Routing\\Router->dispatchToRoute()
#18 /home/dperez/Documents/Proyectos/laravel-sign/vendor/laravel/framework/src/Illuminate/Foundation/Http/Kernel.php(167): Illuminate\\Routing\\Router->dispatch()
#19 /home/dperez/Documents/Proyectos/laravel-sign/vendor/laravel/framework/src/Illuminate/Pipeline/Pipeline.php(128): Illuminate\\Foundation\\Http\\Kernel->Illuminate\\Foundation\\Http\\{closure}()
#20 /home/dperez/Documents/Proyectos/laravel-sign/vendor/laravel/framework/src/Illuminate/Foundation/Http/Middleware/TransformsRequest.php(21): Illuminate\\Pipeline\\Pipeline->Illuminate\\Pipeline\\{closure}()
#21 /home/dperez/Documents/Proyectos/laravel-sign/vendor/laravel/framework/src/Illuminate/Foundation/Http/Middleware/ConvertEmptyStringsToNull.php(31): Illuminate\\Foundation\\Http\\Middleware\\TransformsRequest->handle()
#22 /home/dperez/Documents/Proyectos/laravel-sign/vendor/laravel/framework/src/Illuminate/Pipeline/Pipeline.php(167): Illuminate\\Foundation\\Http\\Middleware\\ConvertEmptyStringsToNull->handle()
#23 /home/dperez/Documents/Proyectos/laravel-sign/vendor/laravel/framework/src/Illuminate/Foundation/Http/Middleware/TransformsRequest.php(21): Illuminate\\Pipeline\\Pipeline->Illuminate\\Pipeline\\{closure}()
#24 /home/dperez/Documents/Proyectos/laravel-sign/vendor/laravel/framework/src/Illuminate/Foundation/Http/Middleware/TrimStrings.php(40): Illuminate\\Foundation\\Http\\Middleware\\TransformsRequest->handle()
#25 /home/dperez/Documents/Proyectos/laravel-sign/vendor/laravel/framework/src/Illuminate/Pipeline/Pipeline.php(167): Illuminate\\Foundation\\Http\\Middleware\\TrimStrings->handle()
#26 /home/dperez/Documents/Proyectos/laravel-sign/vendor/laravel/framework/src/Illuminate/Foundation/Http/Middleware/ValidatePostSize.php(27): Illuminate\\Pipeline\\Pipeline->Illuminate\\Pipeline\\{closure}()
#27 /home/dperez/Documents/Proyectos/laravel-sign/vendor/laravel/framework/src/Illuminate/Pipeline/Pipeline.php(167): Illuminate\\Foundation\\Http\\Middleware\\ValidatePostSize->handle()
#28 /home/dperez/Documents/Proyectos/laravel-sign/vendor/laravel/framework/src/Illuminate/Foundation/Http/Middleware/PreventRequestsDuringMaintenance.php(86): Illuminate\\Pipeline\\Pipeline->Illuminate\\Pipeline\\{closure}()
#29 /home/dperez/Documents/Proyectos/laravel-sign/vendor/laravel/framework/src/Illuminate/Pipeline/Pipeline.php(167): Illuminate\\Foundation\\Http\\Middleware\\PreventRequestsDuringMaintenance->handle()
#30 /home/dperez/Documents/Proyectos/laravel-sign/vendor/fruitcake/laravel-cors/src/HandleCors.php(52): Illuminate\\Pipeline\\Pipeline->Illuminate\\Pipeline\\{closure}()
#31 /home/dperez/Documents/Proyectos/laravel-sign/vendor/laravel/framework/src/Illuminate/Pipeline/Pipeline.php(167): Fruitcake\\Cors\\HandleCors->handle()
#32 /home/dperez/Documents/Proyectos/laravel-sign/vendor/laravel/framework/src/Illuminate/Http/Middleware/TrustProxies.php(39): Illuminate\\Pipeline\\Pipeline->Illuminate\\Pipeline\\{closure}()
#33 /home/dperez/Documents/Proyectos/laravel-sign/vendor/laravel/framework/src/Illuminate/Pipeline/Pipeline.php(167): Illuminate\\Http\\Middleware\\TrustProxies->handle()
#34 /home/dperez/Documents/Proyectos/laravel-sign/vendor/laravel/framework/src/Illuminate/Pipeline/Pipeline.php(103): Illuminate\\Pipeline\\Pipeline->Illuminate\\Pipeline\\{closure}()
#35 /home/dperez/Documents/Proyectos/laravel-sign/vendor/laravel/framework/src/Illuminate/Foundation/Http/Kernel.php(142): Illuminate\\Pipeline\\Pipeline->then()
#36 /home/dperez/Documents/Proyectos/laravel-sign/vendor/laravel/framework/src/Illuminate/Foundation/Http/Kernel.php(111): Illuminate\\Foundation\\Http\\Kernel->sendRequestThroughRouter()
#37 /home/dperez/Documents/Proyectos/laravel-sign/public/index.php(14): Illuminate\\Foundation\\Http\\Kernel->handle()
#38 /home/dperez/Documents/Proyectos/laravel-sign/server.php(21): require_once('...')
#39 {main}
"} 
[2025-05-28 07:59:06] local.ERROR: Undefined array key "details" {"exception":"[object] (ErrorException(code: 0): Undefined array key \"details\" at /home/dperez/Documents/Proyectos/laravel-sign/app/DTOs/Invoice/InvoiceData.php:43)
[stacktrace]
#0 /home/dperez/Documents/Proyectos/laravel-sign/app/DTOs/Invoice/InvoiceData.php(43): Illuminate\\Foundation\\Bootstrap\\HandleExceptions->handleError()
#1 /home/dperez/Documents/Proyectos/laravel-sign/app/DTOs/InvoiceDTO.php(22): App\\DTOs\\Invoice\\InvoiceData::from()
#2 /home/dperez/Documents/Proyectos/laravel-sign/app/Http/Controllers/InvoiceController.php(26): App\\DTOs\\InvoiceDTO::fromRequest()
#3 /home/dperez/Documents/Proyectos/laravel-sign/vendor/laravel/framework/src/Illuminate/Routing/Controller.php(54): App\\Http\\Controllers\\InvoiceController->createXML()
#4 /home/dperez/Documents/Proyectos/laravel-sign/vendor/laravel/framework/src/Illuminate/Routing/ControllerDispatcher.php(45): Illuminate\\Routing\\Controller->callAction()
#5 /home/dperez/Documents/Proyectos/laravel-sign/vendor/laravel/framework/src/Illuminate/Routing/Route.php(261): Illuminate\\Routing\\ControllerDispatcher->dispatch()
#6 /home/dperez/Documents/Proyectos/laravel-sign/vendor/laravel/framework/src/Illuminate/Routing/Route.php(205): Illuminate\\Routing\\Route->runController()
#7 /home/dperez/Documents/Proyectos/laravel-sign/vendor/laravel/framework/src/Illuminate/Routing/Router.php(721): Illuminate\\Routing\\Route->run()
#8 /home/dperez/Documents/Proyectos/laravel-sign/vendor/laravel/framework/src/Illuminate/Pipeline/Pipeline.php(128): Illuminate\\Routing\\Router->Illuminate\\Routing\\{closure}()
#9 /home/dperez/Documents/Proyectos/laravel-sign/vendor/laravel/framework/src/Illuminate/Routing/Middleware/SubstituteBindings.php(50): Illuminate\\Pipeline\\Pipeline->Illuminate\\Pipeline\\{closure}()
#10 /home/dperez/Documents/Proyectos/laravel-sign/vendor/laravel/framework/src/Illuminate/Pipeline/Pipeline.php(167): Illuminate\\Routing\\Middleware\\SubstituteBindings->handle()
#11 /home/dperez/Documents/Proyectos/laravel-sign/vendor/laravel/framework/src/Illuminate/Routing/Middleware/ThrottleRequests.php(127): Illuminate\\Pipeline\\Pipeline->Illuminate\\Pipeline\\{closure}()
#12 /home/dperez/Documents/Proyectos/laravel-sign/vendor/laravel/framework/src/Illuminate/Routing/Middleware/ThrottleRequests.php(93): Illuminate\\Routing\\Middleware\\ThrottleRequests->handleRequest()
#13 /home/dperez/Documents/Proyectos/laravel-sign/vendor/laravel/framework/src/Illuminate/Routing/Middleware/ThrottleRequests.php(55): Illuminate\\Routing\\Middleware\\ThrottleRequests->handleRequestUsingNamedLimiter()
#14 /home/dperez/Documents/Proyectos/laravel-sign/vendor/laravel/framework/src/Illuminate/Pipeline/Pipeline.php(167): Illuminate\\Routing\\Middleware\\ThrottleRequests->handle()
#15 /home/dperez/Documents/Proyectos/laravel-sign/vendor/laravel/framework/src/Illuminate/Pipeline/Pipeline.php(103): Illuminate\\Pipeline\\Pipeline->Illuminate\\Pipeline\\{closure}()
#16 /home/dperez/Documents/Proyectos/laravel-sign/vendor/laravel/framework/src/Illuminate/Routing/Router.php(719): Illuminate\\Pipeline\\Pipeline->then()
#17 /home/dperez/Documents/Proyectos/laravel-sign/vendor/laravel/framework/src/Illuminate/Routing/Router.php(698): Illuminate\\Routing\\Router->runRouteWithinStack()
#18 /home/dperez/Documents/Proyectos/laravel-sign/vendor/laravel/framework/src/Illuminate/Routing/Router.php(662): Illuminate\\Routing\\Router->runRoute()
#19 /home/dperez/Documents/Proyectos/laravel-sign/vendor/laravel/framework/src/Illuminate/Routing/Router.php(651): Illuminate\\Routing\\Router->dispatchToRoute()
#20 /home/dperez/Documents/Proyectos/laravel-sign/vendor/laravel/framework/src/Illuminate/Foundation/Http/Kernel.php(167): Illuminate\\Routing\\Router->dispatch()
#21 /home/dperez/Documents/Proyectos/laravel-sign/vendor/laravel/framework/src/Illuminate/Pipeline/Pipeline.php(128): Illuminate\\Foundation\\Http\\Kernel->Illuminate\\Foundation\\Http\\{closure}()
#22 /home/dperez/Documents/Proyectos/laravel-sign/vendor/laravel/framework/src/Illuminate/Foundation/Http/Middleware/TransformsRequest.php(21): Illuminate\\Pipeline\\Pipeline->Illuminate\\Pipeline\\{closure}()
#23 /home/dperez/Documents/Proyectos/laravel-sign/vendor/laravel/framework/src/Illuminate/Foundation/Http/Middleware/ConvertEmptyStringsToNull.php(31): Illuminate\\Foundation\\Http\\Middleware\\TransformsRequest->handle()
#24 /home/dperez/Documents/Proyectos/laravel-sign/vendor/laravel/framework/src/Illuminate/Pipeline/Pipeline.php(167): Illuminate\\Foundation\\Http\\Middleware\\ConvertEmptyStringsToNull->handle()
#25 /home/dperez/Documents/Proyectos/laravel-sign/vendor/laravel/framework/src/Illuminate/Foundation/Http/Middleware/TransformsRequest.php(21): Illuminate\\Pipeline\\Pipeline->Illuminate\\Pipeline\\{closure}()
#26 /home/dperez/Documents/Proyectos/laravel-sign/vendor/laravel/framework/src/Illuminate/Foundation/Http/Middleware/TrimStrings.php(40): Illuminate\\Foundation\\Http\\Middleware\\TransformsRequest->handle()
#27 /home/dperez/Documents/Proyectos/laravel-sign/vendor/laravel/framework/src/Illuminate/Pipeline/Pipeline.php(167): Illuminate\\Foundation\\Http\\Middleware\\TrimStrings->handle()
#28 /home/dperez/Documents/Proyectos/laravel-sign/vendor/laravel/framework/src/Illuminate/Foundation/Http/Middleware/ValidatePostSize.php(27): Illuminate\\Pipeline\\Pipeline->Illuminate\\Pipeline\\{closure}()
#29 /home/dperez/Documents/Proyectos/laravel-sign/vendor/laravel/framework/src/Illuminate/Pipeline/Pipeline.php(167): Illuminate\\Foundation\\Http\\Middleware\\ValidatePostSize->handle()
#30 /home/dperez/Documents/Proyectos/laravel-sign/vendor/laravel/framework/src/Illuminate/Foundation/Http/Middleware/PreventRequestsDuringMaintenance.php(86): Illuminate\\Pipeline\\Pipeline->Illuminate\\Pipeline\\{closure}()
#31 /home/dperez/Documents/Proyectos/laravel-sign/vendor/laravel/framework/src/Illuminate/Pipeline/Pipeline.php(167): Illuminate\\Foundation\\Http\\Middleware\\PreventRequestsDuringMaintenance->handle()
#32 /home/dperez/Documents/Proyectos/laravel-sign/vendor/fruitcake/laravel-cors/src/HandleCors.php(52): Illuminate\\Pipeline\\Pipeline->Illuminate\\Pipeline\\{closure}()
#33 /home/dperez/Documents/Proyectos/laravel-sign/vendor/laravel/framework/src/Illuminate/Pipeline/Pipeline.php(167): Fruitcake\\Cors\\HandleCors->handle()
#34 /home/dperez/Documents/Proyectos/laravel-sign/vendor/laravel/framework/src/Illuminate/Http/Middleware/TrustProxies.php(39): Illuminate\\Pipeline\\Pipeline->Illuminate\\Pipeline\\{closure}()
#35 /home/dperez/Documents/Proyectos/laravel-sign/vendor/laravel/framework/src/Illuminate/Pipeline/Pipeline.php(167): Illuminate\\Http\\Middleware\\TrustProxies->handle()
#36 /home/dperez/Documents/Proyectos/laravel-sign/vendor/laravel/framework/src/Illuminate/Pipeline/Pipeline.php(103): Illuminate\\Pipeline\\Pipeline->Illuminate\\Pipeline\\{closure}()
#37 /home/dperez/Documents/Proyectos/laravel-sign/vendor/laravel/framework/src/Illuminate/Foundation/Http/Kernel.php(142): Illuminate\\Pipeline\\Pipeline->then()
#38 /home/dperez/Documents/Proyectos/laravel-sign/vendor/laravel/framework/src/Illuminate/Foundation/Http/Kernel.php(111): Illuminate\\Foundation\\Http\\Kernel->sendRequestThroughRouter()
#39 /home/dperez/Documents/Proyectos/laravel-sign/public/index.php(14): Illuminate\\Foundation\\Http\\Kernel->handle()
#40 /home/dperez/Documents/Proyectos/laravel-sign/server.php(21): require_once('...')
#41 {main}
"} 
[2025-05-28 07:59:22] local.ERROR: Undefined array key "details" {"exception":"[object] (ErrorException(code: 0): Undefined array key \"details\" at /home/dperez/Documents/Proyectos/laravel-sign/app/DTOs/Invoice/InvoiceData.php:44)
[stacktrace]
#0 /home/dperez/Documents/Proyectos/laravel-sign/app/DTOs/Invoice/InvoiceData.php(44): Illuminate\\Foundation\\Bootstrap\\HandleExceptions->handleError()
#1 /home/dperez/Documents/Proyectos/laravel-sign/app/DTOs/InvoiceDTO.php(22): App\\DTOs\\Invoice\\InvoiceData::from()
#2 /home/dperez/Documents/Proyectos/laravel-sign/app/Http/Controllers/InvoiceController.php(26): App\\DTOs\\InvoiceDTO::fromRequest()
#3 /home/dperez/Documents/Proyectos/laravel-sign/vendor/laravel/framework/src/Illuminate/Routing/Controller.php(54): App\\Http\\Controllers\\InvoiceController->createXML()
#4 /home/dperez/Documents/Proyectos/laravel-sign/vendor/laravel/framework/src/Illuminate/Routing/ControllerDispatcher.php(45): Illuminate\\Routing\\Controller->callAction()
#5 /home/dperez/Documents/Proyectos/laravel-sign/vendor/laravel/framework/src/Illuminate/Routing/Route.php(261): Illuminate\\Routing\\ControllerDispatcher->dispatch()
#6 /home/dperez/Documents/Proyectos/laravel-sign/vendor/laravel/framework/src/Illuminate/Routing/Route.php(205): Illuminate\\Routing\\Route->runController()
#7 /home/dperez/Documents/Proyectos/laravel-sign/vendor/laravel/framework/src/Illuminate/Routing/Router.php(721): Illuminate\\Routing\\Route->run()
#8 /home/dperez/Documents/Proyectos/laravel-sign/vendor/laravel/framework/src/Illuminate/Pipeline/Pipeline.php(128): Illuminate\\Routing\\Router->Illuminate\\Routing\\{closure}()
#9 /home/dperez/Documents/Proyectos/laravel-sign/vendor/laravel/framework/src/Illuminate/Routing/Middleware/SubstituteBindings.php(50): Illuminate\\Pipeline\\Pipeline->Illuminate\\Pipeline\\{closure}()
#10 /home/dperez/Documents/Proyectos/laravel-sign/vendor/laravel/framework/src/Illuminate/Pipeline/Pipeline.php(167): Illuminate\\Routing\\Middleware\\SubstituteBindings->handle()
#11 /home/dperez/Documents/Proyectos/laravel-sign/vendor/laravel/framework/src/Illuminate/Routing/Middleware/ThrottleRequests.php(127): Illuminate\\Pipeline\\Pipeline->Illuminate\\Pipeline\\{closure}()
#12 /home/dperez/Documents/Proyectos/laravel-sign/vendor/laravel/framework/src/Illuminate/Routing/Middleware/ThrottleRequests.php(93): Illuminate\\Routing\\Middleware\\ThrottleRequests->handleRequest()
#13 /home/dperez/Documents/Proyectos/laravel-sign/vendor/laravel/framework/src/Illuminate/Routing/Middleware/ThrottleRequests.php(55): Illuminate\\Routing\\Middleware\\ThrottleRequests->handleRequestUsingNamedLimiter()
#14 /home/dperez/Documents/Proyectos/laravel-sign/vendor/laravel/framework/src/Illuminate/Pipeline/Pipeline.php(167): Illuminate\\Routing\\Middleware\\ThrottleRequests->handle()
#15 /home/dperez/Documents/Proyectos/laravel-sign/vendor/laravel/framework/src/Illuminate/Pipeline/Pipeline.php(103): Illuminate\\Pipeline\\Pipeline->Illuminate\\Pipeline\\{closure}()
#16 /home/dperez/Documents/Proyectos/laravel-sign/vendor/laravel/framework/src/Illuminate/Routing/Router.php(719): Illuminate\\Pipeline\\Pipeline->then()
#17 /home/dperez/Documents/Proyectos/laravel-sign/vendor/laravel/framework/src/Illuminate/Routing/Router.php(698): Illuminate\\Routing\\Router->runRouteWithinStack()
#18 /home/dperez/Documents/Proyectos/laravel-sign/vendor/laravel/framework/src/Illuminate/Routing/Router.php(662): Illuminate\\Routing\\Router->runRoute()
#19 /home/dperez/Documents/Proyectos/laravel-sign/vendor/laravel/framework/src/Illuminate/Routing/Router.php(651): Illuminate\\Routing\\Router->dispatchToRoute()
#20 /home/dperez/Documents/Proyectos/laravel-sign/vendor/laravel/framework/src/Illuminate/Foundation/Http/Kernel.php(167): Illuminate\\Routing\\Router->dispatch()
#21 /home/dperez/Documents/Proyectos/laravel-sign/vendor/laravel/framework/src/Illuminate/Pipeline/Pipeline.php(128): Illuminate\\Foundation\\Http\\Kernel->Illuminate\\Foundation\\Http\\{closure}()
#22 /home/dperez/Documents/Proyectos/laravel-sign/vendor/laravel/framework/src/Illuminate/Foundation/Http/Middleware/TransformsRequest.php(21): Illuminate\\Pipeline\\Pipeline->Illuminate\\Pipeline\\{closure}()
#23 /home/dperez/Documents/Proyectos/laravel-sign/vendor/laravel/framework/src/Illuminate/Foundation/Http/Middleware/ConvertEmptyStringsToNull.php(31): Illuminate\\Foundation\\Http\\Middleware\\TransformsRequest->handle()
#24 /home/dperez/Documents/Proyectos/laravel-sign/vendor/laravel/framework/src/Illuminate/Pipeline/Pipeline.php(167): Illuminate\\Foundation\\Http\\Middleware\\ConvertEmptyStringsToNull->handle()
#25 /home/dperez/Documents/Proyectos/laravel-sign/vendor/laravel/framework/src/Illuminate/Foundation/Http/Middleware/TransformsRequest.php(21): Illuminate\\Pipeline\\Pipeline->Illuminate\\Pipeline\\{closure}()
#26 /home/dperez/Documents/Proyectos/laravel-sign/vendor/laravel/framework/src/Illuminate/Foundation/Http/Middleware/TrimStrings.php(40): Illuminate\\Foundation\\Http\\Middleware\\TransformsRequest->handle()
#27 /home/dperez/Documents/Proyectos/laravel-sign/vendor/laravel/framework/src/Illuminate/Pipeline/Pipeline.php(167): Illuminate\\Foundation\\Http\\Middleware\\TrimStrings->handle()
#28 /home/dperez/Documents/Proyectos/laravel-sign/vendor/laravel/framework/src/Illuminate/Foundation/Http/Middleware/ValidatePostSize.php(27): Illuminate\\Pipeline\\Pipeline->Illuminate\\Pipeline\\{closure}()
#29 /home/dperez/Documents/Proyectos/laravel-sign/vendor/laravel/framework/src/Illuminate/Pipeline/Pipeline.php(167): Illuminate\\Foundation\\Http\\Middleware\\ValidatePostSize->handle()
#30 /home/dperez/Documents/Proyectos/laravel-sign/vendor/laravel/framework/src/Illuminate/Foundation/Http/Middleware/PreventRequestsDuringMaintenance.php(86): Illuminate\\Pipeline\\Pipeline->Illuminate\\Pipeline\\{closure}()
#31 /home/dperez/Documents/Proyectos/laravel-sign/vendor/laravel/framework/src/Illuminate/Pipeline/Pipeline.php(167): Illuminate\\Foundation\\Http\\Middleware\\PreventRequestsDuringMaintenance->handle()
#32 /home/dperez/Documents/Proyectos/laravel-sign/vendor/fruitcake/laravel-cors/src/HandleCors.php(52): Illuminate\\Pipeline\\Pipeline->Illuminate\\Pipeline\\{closure}()
#33 /home/dperez/Documents/Proyectos/laravel-sign/vendor/laravel/framework/src/Illuminate/Pipeline/Pipeline.php(167): Fruitcake\\Cors\\HandleCors->handle()
#34 /home/dperez/Documents/Proyectos/laravel-sign/vendor/laravel/framework/src/Illuminate/Http/Middleware/TrustProxies.php(39): Illuminate\\Pipeline\\Pipeline->Illuminate\\Pipeline\\{closure}()
#35 /home/dperez/Documents/Proyectos/laravel-sign/vendor/laravel/framework/src/Illuminate/Pipeline/Pipeline.php(167): Illuminate\\Http\\Middleware\\TrustProxies->handle()
#36 /home/dperez/Documents/Proyectos/laravel-sign/vendor/laravel/framework/src/Illuminate/Pipeline/Pipeline.php(103): Illuminate\\Pipeline\\Pipeline->Illuminate\\Pipeline\\{closure}()
#37 /home/dperez/Documents/Proyectos/laravel-sign/vendor/laravel/framework/src/Illuminate/Foundation/Http/Kernel.php(142): Illuminate\\Pipeline\\Pipeline->then()
#38 /home/dperez/Documents/Proyectos/laravel-sign/vendor/laravel/framework/src/Illuminate/Foundation/Http/Kernel.php(111): Illuminate\\Foundation\\Http\\Kernel->sendRequestThroughRouter()
#39 /home/dperez/Documents/Proyectos/laravel-sign/public/index.php(14): Illuminate\\Foundation\\Http\\Kernel->handle()
#40 /home/dperez/Documents/Proyectos/laravel-sign/server.php(21): require_once('...')
#41 {main}
"} 
[2025-05-28 07:59:32] local.ERROR: Undefined array key "details" {"exception":"[object] (ErrorException(code: 0): Undefined array key \"details\" at /home/dperez/Documents/Proyectos/laravel-sign/app/DTOs/Invoice/InvoiceData.php:32)
[stacktrace]
#0 /home/dperez/Documents/Proyectos/laravel-sign/app/DTOs/Invoice/InvoiceData.php(32): Illuminate\\Foundation\\Bootstrap\\HandleExceptions->handleError()
#1 /home/dperez/Documents/Proyectos/laravel-sign/app/DTOs/InvoiceDTO.php(22): App\\DTOs\\Invoice\\InvoiceData::from()
#2 /home/dperez/Documents/Proyectos/laravel-sign/app/Http/Controllers/InvoiceController.php(26): App\\DTOs\\InvoiceDTO::fromRequest()
#3 /home/dperez/Documents/Proyectos/laravel-sign/vendor/laravel/framework/src/Illuminate/Routing/Controller.php(54): App\\Http\\Controllers\\InvoiceController->createXML()
#4 /home/dperez/Documents/Proyectos/laravel-sign/vendor/laravel/framework/src/Illuminate/Routing/ControllerDispatcher.php(45): Illuminate\\Routing\\Controller->callAction()
#5 /home/dperez/Documents/Proyectos/laravel-sign/vendor/laravel/framework/src/Illuminate/Routing/Route.php(261): Illuminate\\Routing\\ControllerDispatcher->dispatch()
#6 /home/dperez/Documents/Proyectos/laravel-sign/vendor/laravel/framework/src/Illuminate/Routing/Route.php(205): Illuminate\\Routing\\Route->runController()
#7 /home/dperez/Documents/Proyectos/laravel-sign/vendor/laravel/framework/src/Illuminate/Routing/Router.php(721): Illuminate\\Routing\\Route->run()
#8 /home/dperez/Documents/Proyectos/laravel-sign/vendor/laravel/framework/src/Illuminate/Pipeline/Pipeline.php(128): Illuminate\\Routing\\Router->Illuminate\\Routing\\{closure}()
#9 /home/dperez/Documents/Proyectos/laravel-sign/vendor/laravel/framework/src/Illuminate/Routing/Middleware/SubstituteBindings.php(50): Illuminate\\Pipeline\\Pipeline->Illuminate\\Pipeline\\{closure}()
#10 /home/dperez/Documents/Proyectos/laravel-sign/vendor/laravel/framework/src/Illuminate/Pipeline/Pipeline.php(167): Illuminate\\Routing\\Middleware\\SubstituteBindings->handle()
#11 /home/dperez/Documents/Proyectos/laravel-sign/vendor/laravel/framework/src/Illuminate/Routing/Middleware/ThrottleRequests.php(127): Illuminate\\Pipeline\\Pipeline->Illuminate\\Pipeline\\{closure}()
#12 /home/dperez/Documents/Proyectos/laravel-sign/vendor/laravel/framework/src/Illuminate/Routing/Middleware/ThrottleRequests.php(93): Illuminate\\Routing\\Middleware\\ThrottleRequests->handleRequest()
#13 /home/dperez/Documents/Proyectos/laravel-sign/vendor/laravel/framework/src/Illuminate/Routing/Middleware/ThrottleRequests.php(55): Illuminate\\Routing\\Middleware\\ThrottleRequests->handleRequestUsingNamedLimiter()
#14 /home/dperez/Documents/Proyectos/laravel-sign/vendor/laravel/framework/src/Illuminate/Pipeline/Pipeline.php(167): Illuminate\\Routing\\Middleware\\ThrottleRequests->handle()
#15 /home/dperez/Documents/Proyectos/laravel-sign/vendor/laravel/framework/src/Illuminate/Pipeline/Pipeline.php(103): Illuminate\\Pipeline\\Pipeline->Illuminate\\Pipeline\\{closure}()
#16 /home/dperez/Documents/Proyectos/laravel-sign/vendor/laravel/framework/src/Illuminate/Routing/Router.php(719): Illuminate\\Pipeline\\Pipeline->then()
#17 /home/dperez/Documents/Proyectos/laravel-sign/vendor/laravel/framework/src/Illuminate/Routing/Router.php(698): Illuminate\\Routing\\Router->runRouteWithinStack()
#18 /home/dperez/Documents/Proyectos/laravel-sign/vendor/laravel/framework/src/Illuminate/Routing/Router.php(662): Illuminate\\Routing\\Router->runRoute()
#19 /home/dperez/Documents/Proyectos/laravel-sign/vendor/laravel/framework/src/Illuminate/Routing/Router.php(651): Illuminate\\Routing\\Router->dispatchToRoute()
#20 /home/dperez/Documents/Proyectos/laravel-sign/vendor/laravel/framework/src/Illuminate/Foundation/Http/Kernel.php(167): Illuminate\\Routing\\Router->dispatch()
#21 /home/dperez/Documents/Proyectos/laravel-sign/vendor/laravel/framework/src/Illuminate/Pipeline/Pipeline.php(128): Illuminate\\Foundation\\Http\\Kernel->Illuminate\\Foundation\\Http\\{closure}()
#22 /home/dperez/Documents/Proyectos/laravel-sign/vendor/laravel/framework/src/Illuminate/Foundation/Http/Middleware/TransformsRequest.php(21): Illuminate\\Pipeline\\Pipeline->Illuminate\\Pipeline\\{closure}()
#23 /home/dperez/Documents/Proyectos/laravel-sign/vendor/laravel/framework/src/Illuminate/Foundation/Http/Middleware/ConvertEmptyStringsToNull.php(31): Illuminate\\Foundation\\Http\\Middleware\\TransformsRequest->handle()
#24 /home/dperez/Documents/Proyectos/laravel-sign/vendor/laravel/framework/src/Illuminate/Pipeline/Pipeline.php(167): Illuminate\\Foundation\\Http\\Middleware\\ConvertEmptyStringsToNull->handle()
#25 /home/dperez/Documents/Proyectos/laravel-sign/vendor/laravel/framework/src/Illuminate/Foundation/Http/Middleware/TransformsRequest.php(21): Illuminate\\Pipeline\\Pipeline->Illuminate\\Pipeline\\{closure}()
#26 /home/dperez/Documents/Proyectos/laravel-sign/vendor/laravel/framework/src/Illuminate/Foundation/Http/Middleware/TrimStrings.php(40): Illuminate\\Foundation\\Http\\Middleware\\TransformsRequest->handle()
#27 /home/dperez/Documents/Proyectos/laravel-sign/vendor/laravel/framework/src/Illuminate/Pipeline/Pipeline.php(167): Illuminate\\Foundation\\Http\\Middleware\\TrimStrings->handle()
#28 /home/dperez/Documents/Proyectos/laravel-sign/vendor/laravel/framework/src/Illuminate/Foundation/Http/Middleware/ValidatePostSize.php(27): Illuminate\\Pipeline\\Pipeline->Illuminate\\Pipeline\\{closure}()
#29 /home/dperez/Documents/Proyectos/laravel-sign/vendor/laravel/framework/src/Illuminate/Pipeline/Pipeline.php(167): Illuminate\\Foundation\\Http\\Middleware\\ValidatePostSize->handle()
#30 /home/dperez/Documents/Proyectos/laravel-sign/vendor/laravel/framework/src/Illuminate/Foundation/Http/Middleware/PreventRequestsDuringMaintenance.php(86): Illuminate\\Pipeline\\Pipeline->Illuminate\\Pipeline\\{closure}()
#31 /home/dperez/Documents/Proyectos/laravel-sign/vendor/laravel/framework/src/Illuminate/Pipeline/Pipeline.php(167): Illuminate\\Foundation\\Http\\Middleware\\PreventRequestsDuringMaintenance->handle()
#32 /home/dperez/Documents/Proyectos/laravel-sign/vendor/fruitcake/laravel-cors/src/HandleCors.php(52): Illuminate\\Pipeline\\Pipeline->Illuminate\\Pipeline\\{closure}()
#33 /home/dperez/Documents/Proyectos/laravel-sign/vendor/laravel/framework/src/Illuminate/Pipeline/Pipeline.php(167): Fruitcake\\Cors\\HandleCors->handle()
#34 /home/dperez/Documents/Proyectos/laravel-sign/vendor/laravel/framework/src/Illuminate/Http/Middleware/TrustProxies.php(39): Illuminate\\Pipeline\\Pipeline->Illuminate\\Pipeline\\{closure}()
#35 /home/dperez/Documents/Proyectos/laravel-sign/vendor/laravel/framework/src/Illuminate/Pipeline/Pipeline.php(167): Illuminate\\Http\\Middleware\\TrustProxies->handle()
#36 /home/dperez/Documents/Proyectos/laravel-sign/vendor/laravel/framework/src/Illuminate/Pipeline/Pipeline.php(103): Illuminate\\Pipeline\\Pipeline->Illuminate\\Pipeline\\{closure}()
#37 /home/dperez/Documents/Proyectos/laravel-sign/vendor/laravel/framework/src/Illuminate/Foundation/Http/Kernel.php(142): Illuminate\\Pipeline\\Pipeline->then()
#38 /home/dperez/Documents/Proyectos/laravel-sign/vendor/laravel/framework/src/Illuminate/Foundation/Http/Kernel.php(111): Illuminate\\Foundation\\Http\\Kernel->sendRequestThroughRouter()
#39 /home/dperez/Documents/Proyectos/laravel-sign/public/index.php(14): Illuminate\\Foundation\\Http\\Kernel->handle()
#40 /home/dperez/Documents/Proyectos/laravel-sign/server.php(21): require_once('...')
#41 {main}
"} 
[2025-05-28 07:59:45] local.ERROR: Undefined array key "details" {"exception":"[object] (ErrorException(code: 0): Undefined array key \"details\" at /home/dperez/Documents/Proyectos/laravel-sign/app/DTOs/Invoice/InvoiceData.php:44)
[stacktrace]
#0 /home/dperez/Documents/Proyectos/laravel-sign/app/DTOs/Invoice/InvoiceData.php(44): Illuminate\\Foundation\\Bootstrap\\HandleExceptions->handleError()
#1 /home/dperez/Documents/Proyectos/laravel-sign/app/DTOs/InvoiceDTO.php(22): App\\DTOs\\Invoice\\InvoiceData::from()
#2 /home/dperez/Documents/Proyectos/laravel-sign/app/Http/Controllers/InvoiceController.php(26): App\\DTOs\\InvoiceDTO::fromRequest()
#3 /home/dperez/Documents/Proyectos/laravel-sign/vendor/laravel/framework/src/Illuminate/Routing/Controller.php(54): App\\Http\\Controllers\\InvoiceController->createXML()
#4 /home/dperez/Documents/Proyectos/laravel-sign/vendor/laravel/framework/src/Illuminate/Routing/ControllerDispatcher.php(45): Illuminate\\Routing\\Controller->callAction()
#5 /home/dperez/Documents/Proyectos/laravel-sign/vendor/laravel/framework/src/Illuminate/Routing/Route.php(261): Illuminate\\Routing\\ControllerDispatcher->dispatch()
#6 /home/dperez/Documents/Proyectos/laravel-sign/vendor/laravel/framework/src/Illuminate/Routing/Route.php(205): Illuminate\\Routing\\Route->runController()
#7 /home/dperez/Documents/Proyectos/laravel-sign/vendor/laravel/framework/src/Illuminate/Routing/Router.php(721): Illuminate\\Routing\\Route->run()
#8 /home/dperez/Documents/Proyectos/laravel-sign/vendor/laravel/framework/src/Illuminate/Pipeline/Pipeline.php(128): Illuminate\\Routing\\Router->Illuminate\\Routing\\{closure}()
#9 /home/dperez/Documents/Proyectos/laravel-sign/vendor/laravel/framework/src/Illuminate/Routing/Middleware/SubstituteBindings.php(50): Illuminate\\Pipeline\\Pipeline->Illuminate\\Pipeline\\{closure}()
#10 /home/dperez/Documents/Proyectos/laravel-sign/vendor/laravel/framework/src/Illuminate/Pipeline/Pipeline.php(167): Illuminate\\Routing\\Middleware\\SubstituteBindings->handle()
#11 /home/dperez/Documents/Proyectos/laravel-sign/vendor/laravel/framework/src/Illuminate/Routing/Middleware/ThrottleRequests.php(127): Illuminate\\Pipeline\\Pipeline->Illuminate\\Pipeline\\{closure}()
#12 /home/dperez/Documents/Proyectos/laravel-sign/vendor/laravel/framework/src/Illuminate/Routing/Middleware/ThrottleRequests.php(93): Illuminate\\Routing\\Middleware\\ThrottleRequests->handleRequest()
#13 /home/dperez/Documents/Proyectos/laravel-sign/vendor/laravel/framework/src/Illuminate/Routing/Middleware/ThrottleRequests.php(55): Illuminate\\Routing\\Middleware\\ThrottleRequests->handleRequestUsingNamedLimiter()
#14 /home/dperez/Documents/Proyectos/laravel-sign/vendor/laravel/framework/src/Illuminate/Pipeline/Pipeline.php(167): Illuminate\\Routing\\Middleware\\ThrottleRequests->handle()
#15 /home/dperez/Documents/Proyectos/laravel-sign/vendor/laravel/framework/src/Illuminate/Pipeline/Pipeline.php(103): Illuminate\\Pipeline\\Pipeline->Illuminate\\Pipeline\\{closure}()
#16 /home/dperez/Documents/Proyectos/laravel-sign/vendor/laravel/framework/src/Illuminate/Routing/Router.php(719): Illuminate\\Pipeline\\Pipeline->then()
#17 /home/dperez/Documents/Proyectos/laravel-sign/vendor/laravel/framework/src/Illuminate/Routing/Router.php(698): Illuminate\\Routing\\Router->runRouteWithinStack()
#18 /home/dperez/Documents/Proyectos/laravel-sign/vendor/laravel/framework/src/Illuminate/Routing/Router.php(662): Illuminate\\Routing\\Router->runRoute()
#19 /home/dperez/Documents/Proyectos/laravel-sign/vendor/laravel/framework/src/Illuminate/Routing/Router.php(651): Illuminate\\Routing\\Router->dispatchToRoute()
#20 /home/dperez/Documents/Proyectos/laravel-sign/vendor/laravel/framework/src/Illuminate/Foundation/Http/Kernel.php(167): Illuminate\\Routing\\Router->dispatch()
#21 /home/dperez/Documents/Proyectos/laravel-sign/vendor/laravel/framework/src/Illuminate/Pipeline/Pipeline.php(128): Illuminate\\Foundation\\Http\\Kernel->Illuminate\\Foundation\\Http\\{closure}()
#22 /home/dperez/Documents/Proyectos/laravel-sign/vendor/laravel/framework/src/Illuminate/Foundation/Http/Middleware/TransformsRequest.php(21): Illuminate\\Pipeline\\Pipeline->Illuminate\\Pipeline\\{closure}()
#23 /home/dperez/Documents/Proyectos/laravel-sign/vendor/laravel/framework/src/Illuminate/Foundation/Http/Middleware/ConvertEmptyStringsToNull.php(31): Illuminate\\Foundation\\Http\\Middleware\\TransformsRequest->handle()
#24 /home/dperez/Documents/Proyectos/laravel-sign/vendor/laravel/framework/src/Illuminate/Pipeline/Pipeline.php(167): Illuminate\\Foundation\\Http\\Middleware\\ConvertEmptyStringsToNull->handle()
#25 /home/dperez/Documents/Proyectos/laravel-sign/vendor/laravel/framework/src/Illuminate/Foundation/Http/Middleware/TransformsRequest.php(21): Illuminate\\Pipeline\\Pipeline->Illuminate\\Pipeline\\{closure}()
#26 /home/dperez/Documents/Proyectos/laravel-sign/vendor/laravel/framework/src/Illuminate/Foundation/Http/Middleware/TrimStrings.php(40): Illuminate\\Foundation\\Http\\Middleware\\TransformsRequest->handle()
#27 /home/dperez/Documents/Proyectos/laravel-sign/vendor/laravel/framework/src/Illuminate/Pipeline/Pipeline.php(167): Illuminate\\Foundation\\Http\\Middleware\\TrimStrings->handle()
#28 /home/dperez/Documents/Proyectos/laravel-sign/vendor/laravel/framework/src/Illuminate/Foundation/Http/Middleware/ValidatePostSize.php(27): Illuminate\\Pipeline\\Pipeline->Illuminate\\Pipeline\\{closure}()
#29 /home/dperez/Documents/Proyectos/laravel-sign/vendor/laravel/framework/src/Illuminate/Pipeline/Pipeline.php(167): Illuminate\\Foundation\\Http\\Middleware\\ValidatePostSize->handle()
#30 /home/dperez/Documents/Proyectos/laravel-sign/vendor/laravel/framework/src/Illuminate/Foundation/Http/Middleware/PreventRequestsDuringMaintenance.php(86): Illuminate\\Pipeline\\Pipeline->Illuminate\\Pipeline\\{closure}()
#31 /home/dperez/Documents/Proyectos/laravel-sign/vendor/laravel/framework/src/Illuminate/Pipeline/Pipeline.php(167): Illuminate\\Foundation\\Http\\Middleware\\PreventRequestsDuringMaintenance->handle()
#32 /home/dperez/Documents/Proyectos/laravel-sign/vendor/fruitcake/laravel-cors/src/HandleCors.php(52): Illuminate\\Pipeline\\Pipeline->Illuminate\\Pipeline\\{closure}()
#33 /home/dperez/Documents/Proyectos/laravel-sign/vendor/laravel/framework/src/Illuminate/Pipeline/Pipeline.php(167): Fruitcake\\Cors\\HandleCors->handle()
#34 /home/dperez/Documents/Proyectos/laravel-sign/vendor/laravel/framework/src/Illuminate/Http/Middleware/TrustProxies.php(39): Illuminate\\Pipeline\\Pipeline->Illuminate\\Pipeline\\{closure}()
#35 /home/dperez/Documents/Proyectos/laravel-sign/vendor/laravel/framework/src/Illuminate/Pipeline/Pipeline.php(167): Illuminate\\Http\\Middleware\\TrustProxies->handle()
#36 /home/dperez/Documents/Proyectos/laravel-sign/vendor/laravel/framework/src/Illuminate/Pipeline/Pipeline.php(103): Illuminate\\Pipeline\\Pipeline->Illuminate\\Pipeline\\{closure}()
#37 /home/dperez/Documents/Proyectos/laravel-sign/vendor/laravel/framework/src/Illuminate/Foundation/Http/Kernel.php(142): Illuminate\\Pipeline\\Pipeline->then()
#38 /home/dperez/Documents/Proyectos/laravel-sign/vendor/laravel/framework/src/Illuminate/Foundation/Http/Kernel.php(111): Illuminate\\Foundation\\Http\\Kernel->sendRequestThroughRouter()
#39 /home/dperez/Documents/Proyectos/laravel-sign/public/index.php(14): Illuminate\\Foundation\\Http\\Kernel->handle()
#40 /home/dperez/Documents/Proyectos/laravel-sign/server.php(21): require_once('...')
#41 {main}
"} 
[2025-05-28 08:01:16] local.ERROR: Undefined array key "details" {"exception":"[object] (ErrorException(code: 0): Undefined array key \"details\" at /home/dperez/Documents/Proyectos/laravel-sign/app/DTOs/Invoice/InvoiceData.php:44)
[stacktrace]
#0 /home/dperez/Documents/Proyectos/laravel-sign/app/DTOs/Invoice/InvoiceData.php(44): Illuminate\\Foundation\\Bootstrap\\HandleExceptions->handleError()
#1 /home/dperez/Documents/Proyectos/laravel-sign/app/DTOs/InvoiceDTO.php(22): App\\DTOs\\Invoice\\InvoiceData::from()
#2 /home/dperez/Documents/Proyectos/laravel-sign/app/Http/Controllers/InvoiceController.php(26): App\\DTOs\\InvoiceDTO::fromRequest()
#3 /home/dperez/Documents/Proyectos/laravel-sign/vendor/laravel/framework/src/Illuminate/Routing/Controller.php(54): App\\Http\\Controllers\\InvoiceController->createXML()
#4 /home/dperez/Documents/Proyectos/laravel-sign/vendor/laravel/framework/src/Illuminate/Routing/ControllerDispatcher.php(45): Illuminate\\Routing\\Controller->callAction()
#5 /home/dperez/Documents/Proyectos/laravel-sign/vendor/laravel/framework/src/Illuminate/Routing/Route.php(261): Illuminate\\Routing\\ControllerDispatcher->dispatch()
#6 /home/dperez/Documents/Proyectos/laravel-sign/vendor/laravel/framework/src/Illuminate/Routing/Route.php(205): Illuminate\\Routing\\Route->runController()
#7 /home/dperez/Documents/Proyectos/laravel-sign/vendor/laravel/framework/src/Illuminate/Routing/Router.php(721): Illuminate\\Routing\\Route->run()
#8 /home/dperez/Documents/Proyectos/laravel-sign/vendor/laravel/framework/src/Illuminate/Pipeline/Pipeline.php(128): Illuminate\\Routing\\Router->Illuminate\\Routing\\{closure}()
#9 /home/dperez/Documents/Proyectos/laravel-sign/vendor/laravel/framework/src/Illuminate/Routing/Middleware/SubstituteBindings.php(50): Illuminate\\Pipeline\\Pipeline->Illuminate\\Pipeline\\{closure}()
#10 /home/dperez/Documents/Proyectos/laravel-sign/vendor/laravel/framework/src/Illuminate/Pipeline/Pipeline.php(167): Illuminate\\Routing\\Middleware\\SubstituteBindings->handle()
#11 /home/dperez/Documents/Proyectos/laravel-sign/vendor/laravel/framework/src/Illuminate/Routing/Middleware/ThrottleRequests.php(127): Illuminate\\Pipeline\\Pipeline->Illuminate\\Pipeline\\{closure}()
#12 /home/dperez/Documents/Proyectos/laravel-sign/vendor/laravel/framework/src/Illuminate/Routing/Middleware/ThrottleRequests.php(93): Illuminate\\Routing\\Middleware\\ThrottleRequests->handleRequest()
#13 /home/dperez/Documents/Proyectos/laravel-sign/vendor/laravel/framework/src/Illuminate/Routing/Middleware/ThrottleRequests.php(55): Illuminate\\Routing\\Middleware\\ThrottleRequests->handleRequestUsingNamedLimiter()
#14 /home/dperez/Documents/Proyectos/laravel-sign/vendor/laravel/framework/src/Illuminate/Pipeline/Pipeline.php(167): Illuminate\\Routing\\Middleware\\ThrottleRequests->handle()
#15 /home/dperez/Documents/Proyectos/laravel-sign/vendor/laravel/framework/src/Illuminate/Pipeline/Pipeline.php(103): Illuminate\\Pipeline\\Pipeline->Illuminate\\Pipeline\\{closure}()
#16 /home/dperez/Documents/Proyectos/laravel-sign/vendor/laravel/framework/src/Illuminate/Routing/Router.php(719): Illuminate\\Pipeline\\Pipeline->then()
#17 /home/dperez/Documents/Proyectos/laravel-sign/vendor/laravel/framework/src/Illuminate/Routing/Router.php(698): Illuminate\\Routing\\Router->runRouteWithinStack()
#18 /home/dperez/Documents/Proyectos/laravel-sign/vendor/laravel/framework/src/Illuminate/Routing/Router.php(662): Illuminate\\Routing\\Router->runRoute()
#19 /home/dperez/Documents/Proyectos/laravel-sign/vendor/laravel/framework/src/Illuminate/Routing/Router.php(651): Illuminate\\Routing\\Router->dispatchToRoute()
#20 /home/dperez/Documents/Proyectos/laravel-sign/vendor/laravel/framework/src/Illuminate/Foundation/Http/Kernel.php(167): Illuminate\\Routing\\Router->dispatch()
#21 /home/dperez/Documents/Proyectos/laravel-sign/vendor/laravel/framework/src/Illuminate/Pipeline/Pipeline.php(128): Illuminate\\Foundation\\Http\\Kernel->Illuminate\\Foundation\\Http\\{closure}()
#22 /home/dperez/Documents/Proyectos/laravel-sign/vendor/laravel/framework/src/Illuminate/Foundation/Http/Middleware/TransformsRequest.php(21): Illuminate\\Pipeline\\Pipeline->Illuminate\\Pipeline\\{closure}()
#23 /home/dperez/Documents/Proyectos/laravel-sign/vendor/laravel/framework/src/Illuminate/Foundation/Http/Middleware/ConvertEmptyStringsToNull.php(31): Illuminate\\Foundation\\Http\\Middleware\\TransformsRequest->handle()
#24 /home/dperez/Documents/Proyectos/laravel-sign/vendor/laravel/framework/src/Illuminate/Pipeline/Pipeline.php(167): Illuminate\\Foundation\\Http\\Middleware\\ConvertEmptyStringsToNull->handle()
#25 /home/dperez/Documents/Proyectos/laravel-sign/vendor/laravel/framework/src/Illuminate/Foundation/Http/Middleware/TransformsRequest.php(21): Illuminate\\Pipeline\\Pipeline->Illuminate\\Pipeline\\{closure}()
#26 /home/dperez/Documents/Proyectos/laravel-sign/vendor/laravel/framework/src/Illuminate/Foundation/Http/Middleware/TrimStrings.php(40): Illuminate\\Foundation\\Http\\Middleware\\TransformsRequest->handle()
#27 /home/dperez/Documents/Proyectos/laravel-sign/vendor/laravel/framework/src/Illuminate/Pipeline/Pipeline.php(167): Illuminate\\Foundation\\Http\\Middleware\\TrimStrings->handle()
#28 /home/dperez/Documents/Proyectos/laravel-sign/vendor/laravel/framework/src/Illuminate/Foundation/Http/Middleware/ValidatePostSize.php(27): Illuminate\\Pipeline\\Pipeline->Illuminate\\Pipeline\\{closure}()
#29 /home/dperez/Documents/Proyectos/laravel-sign/vendor/laravel/framework/src/Illuminate/Pipeline/Pipeline.php(167): Illuminate\\Foundation\\Http\\Middleware\\ValidatePostSize->handle()
#30 /home/dperez/Documents/Proyectos/laravel-sign/vendor/laravel/framework/src/Illuminate/Foundation/Http/Middleware/PreventRequestsDuringMaintenance.php(86): Illuminate\\Pipeline\\Pipeline->Illuminate\\Pipeline\\{closure}()
#31 /home/dperez/Documents/Proyectos/laravel-sign/vendor/laravel/framework/src/Illuminate/Pipeline/Pipeline.php(167): Illuminate\\Foundation\\Http\\Middleware\\PreventRequestsDuringMaintenance->handle()
#32 /home/dperez/Documents/Proyectos/laravel-sign/vendor/fruitcake/laravel-cors/src/HandleCors.php(52): Illuminate\\Pipeline\\Pipeline->Illuminate\\Pipeline\\{closure}()
#33 /home/dperez/Documents/Proyectos/laravel-sign/vendor/laravel/framework/src/Illuminate/Pipeline/Pipeline.php(167): Fruitcake\\Cors\\HandleCors->handle()
#34 /home/dperez/Documents/Proyectos/laravel-sign/vendor/laravel/framework/src/Illuminate/Http/Middleware/TrustProxies.php(39): Illuminate\\Pipeline\\Pipeline->Illuminate\\Pipeline\\{closure}()
#35 /home/dperez/Documents/Proyectos/laravel-sign/vendor/laravel/framework/src/Illuminate/Pipeline/Pipeline.php(167): Illuminate\\Http\\Middleware\\TrustProxies->handle()
#36 /home/dperez/Documents/Proyectos/laravel-sign/vendor/laravel/framework/src/Illuminate/Pipeline/Pipeline.php(103): Illuminate\\Pipeline\\Pipeline->Illuminate\\Pipeline\\{closure}()
#37 /home/dperez/Documents/Proyectos/laravel-sign/vendor/laravel/framework/src/Illuminate/Foundation/Http/Kernel.php(142): Illuminate\\Pipeline\\Pipeline->then()
#38 /home/dperez/Documents/Proyectos/laravel-sign/vendor/laravel/framework/src/Illuminate/Foundation/Http/Kernel.php(111): Illuminate\\Foundation\\Http\\Kernel->sendRequestThroughRouter()
#39 /home/dperez/Documents/Proyectos/laravel-sign/public/index.php(14): Illuminate\\Foundation\\Http\\Kernel->handle()
#40 /home/dperez/Documents/Proyectos/laravel-sign/server.php(21): require_once('...')
#41 {main}
"} 
[2025-05-28 08:06:08] local.ERROR: App\DTOs\Invoice\InvoiceData::__construct(): Argument #7 ($fechaEmision) must be of type DateTime, string given, called in /home/dperez/Documents/Proyectos/laravel-sign/app/DTOs/Invoice/InvoiceData.php on line 33 {"exception":"[object] (TypeError(code: 0): App\\DTOs\\Invoice\\InvoiceData::__construct(): Argument #7 ($fechaEmision) must be of type DateTime, string given, called in /home/dperez/Documents/Proyectos/laravel-sign/app/DTOs/Invoice/InvoiceData.php on line 33 at /home/dperez/Documents/Proyectos/laravel-sign/app/DTOs/Invoice/InvoiceData.php:11)
[stacktrace]
#0 /home/dperez/Documents/Proyectos/laravel-sign/app/DTOs/Invoice/InvoiceData.php(33): App\\DTOs\\Invoice\\InvoiceData->__construct()
#1 /home/dperez/Documents/Proyectos/laravel-sign/app/DTOs/InvoiceDTO.php(22): App\\DTOs\\Invoice\\InvoiceData::from()
#2 /home/dperez/Documents/Proyectos/laravel-sign/app/Http/Controllers/InvoiceController.php(26): App\\DTOs\\InvoiceDTO::fromRequest()
#3 /home/dperez/Documents/Proyectos/laravel-sign/vendor/laravel/framework/src/Illuminate/Routing/Controller.php(54): App\\Http\\Controllers\\InvoiceController->createXML()
#4 /home/dperez/Documents/Proyectos/laravel-sign/vendor/laravel/framework/src/Illuminate/Routing/ControllerDispatcher.php(45): Illuminate\\Routing\\Controller->callAction()
#5 /home/dperez/Documents/Proyectos/laravel-sign/vendor/laravel/framework/src/Illuminate/Routing/Route.php(261): Illuminate\\Routing\\ControllerDispatcher->dispatch()
#6 /home/dperez/Documents/Proyectos/laravel-sign/vendor/laravel/framework/src/Illuminate/Routing/Route.php(205): Illuminate\\Routing\\Route->runController()
#7 /home/dperez/Documents/Proyectos/laravel-sign/vendor/laravel/framework/src/Illuminate/Routing/Router.php(721): Illuminate\\Routing\\Route->run()
#8 /home/dperez/Documents/Proyectos/laravel-sign/vendor/laravel/framework/src/Illuminate/Pipeline/Pipeline.php(128): Illuminate\\Routing\\Router->Illuminate\\Routing\\{closure}()
#9 /home/dperez/Documents/Proyectos/laravel-sign/vendor/laravel/framework/src/Illuminate/Routing/Middleware/SubstituteBindings.php(50): Illuminate\\Pipeline\\Pipeline->Illuminate\\Pipeline\\{closure}()
#10 /home/dperez/Documents/Proyectos/laravel-sign/vendor/laravel/framework/src/Illuminate/Pipeline/Pipeline.php(167): Illuminate\\Routing\\Middleware\\SubstituteBindings->handle()
#11 /home/dperez/Documents/Proyectos/laravel-sign/vendor/laravel/framework/src/Illuminate/Routing/Middleware/ThrottleRequests.php(127): Illuminate\\Pipeline\\Pipeline->Illuminate\\Pipeline\\{closure}()
#12 /home/dperez/Documents/Proyectos/laravel-sign/vendor/laravel/framework/src/Illuminate/Routing/Middleware/ThrottleRequests.php(93): Illuminate\\Routing\\Middleware\\ThrottleRequests->handleRequest()
#13 /home/dperez/Documents/Proyectos/laravel-sign/vendor/laravel/framework/src/Illuminate/Routing/Middleware/ThrottleRequests.php(55): Illuminate\\Routing\\Middleware\\ThrottleRequests->handleRequestUsingNamedLimiter()
#14 /home/dperez/Documents/Proyectos/laravel-sign/vendor/laravel/framework/src/Illuminate/Pipeline/Pipeline.php(167): Illuminate\\Routing\\Middleware\\ThrottleRequests->handle()
#15 /home/dperez/Documents/Proyectos/laravel-sign/vendor/laravel/framework/src/Illuminate/Pipeline/Pipeline.php(103): Illuminate\\Pipeline\\Pipeline->Illuminate\\Pipeline\\{closure}()
#16 /home/dperez/Documents/Proyectos/laravel-sign/vendor/laravel/framework/src/Illuminate/Routing/Router.php(719): Illuminate\\Pipeline\\Pipeline->then()
#17 /home/dperez/Documents/Proyectos/laravel-sign/vendor/laravel/framework/src/Illuminate/Routing/Router.php(698): Illuminate\\Routing\\Router->runRouteWithinStack()
#18 /home/dperez/Documents/Proyectos/laravel-sign/vendor/laravel/framework/src/Illuminate/Routing/Router.php(662): Illuminate\\Routing\\Router->runRoute()
#19 /home/dperez/Documents/Proyectos/laravel-sign/vendor/laravel/framework/src/Illuminate/Routing/Router.php(651): Illuminate\\Routing\\Router->dispatchToRoute()
#20 /home/dperez/Documents/Proyectos/laravel-sign/vendor/laravel/framework/src/Illuminate/Foundation/Http/Kernel.php(167): Illuminate\\Routing\\Router->dispatch()
#21 /home/dperez/Documents/Proyectos/laravel-sign/vendor/laravel/framework/src/Illuminate/Pipeline/Pipeline.php(128): Illuminate\\Foundation\\Http\\Kernel->Illuminate\\Foundation\\Http\\{closure}()
#22 /home/dperez/Documents/Proyectos/laravel-sign/vendor/laravel/framework/src/Illuminate/Foundation/Http/Middleware/TransformsRequest.php(21): Illuminate\\Pipeline\\Pipeline->Illuminate\\Pipeline\\{closure}()
#23 /home/dperez/Documents/Proyectos/laravel-sign/vendor/laravel/framework/src/Illuminate/Foundation/Http/Middleware/ConvertEmptyStringsToNull.php(31): Illuminate\\Foundation\\Http\\Middleware\\TransformsRequest->handle()
#24 /home/dperez/Documents/Proyectos/laravel-sign/vendor/laravel/framework/src/Illuminate/Pipeline/Pipeline.php(167): Illuminate\\Foundation\\Http\\Middleware\\ConvertEmptyStringsToNull->handle()
#25 /home/dperez/Documents/Proyectos/laravel-sign/vendor/laravel/framework/src/Illuminate/Foundation/Http/Middleware/TransformsRequest.php(21): Illuminate\\Pipeline\\Pipeline->Illuminate\\Pipeline\\{closure}()
#26 /home/dperez/Documents/Proyectos/laravel-sign/vendor/laravel/framework/src/Illuminate/Foundation/Http/Middleware/TrimStrings.php(40): Illuminate\\Foundation\\Http\\Middleware\\TransformsRequest->handle()
#27 /home/dperez/Documents/Proyectos/laravel-sign/vendor/laravel/framework/src/Illuminate/Pipeline/Pipeline.php(167): Illuminate\\Foundation\\Http\\Middleware\\TrimStrings->handle()
#28 /home/dperez/Documents/Proyectos/laravel-sign/vendor/laravel/framework/src/Illuminate/Foundation/Http/Middleware/ValidatePostSize.php(27): Illuminate\\Pipeline\\Pipeline->Illuminate\\Pipeline\\{closure}()
#29 /home/dperez/Documents/Proyectos/laravel-sign/vendor/laravel/framework/src/Illuminate/Pipeline/Pipeline.php(167): Illuminate\\Foundation\\Http\\Middleware\\ValidatePostSize->handle()
#30 /home/dperez/Documents/Proyectos/laravel-sign/vendor/laravel/framework/src/Illuminate/Foundation/Http/Middleware/PreventRequestsDuringMaintenance.php(86): Illuminate\\Pipeline\\Pipeline->Illuminate\\Pipeline\\{closure}()
#31 /home/dperez/Documents/Proyectos/laravel-sign/vendor/laravel/framework/src/Illuminate/Pipeline/Pipeline.php(167): Illuminate\\Foundation\\Http\\Middleware\\PreventRequestsDuringMaintenance->handle()
#32 /home/dperez/Documents/Proyectos/laravel-sign/vendor/fruitcake/laravel-cors/src/HandleCors.php(52): Illuminate\\Pipeline\\Pipeline->Illuminate\\Pipeline\\{closure}()
#33 /home/dperez/Documents/Proyectos/laravel-sign/vendor/laravel/framework/src/Illuminate/Pipeline/Pipeline.php(167): Fruitcake\\Cors\\HandleCors->handle()
#34 /home/dperez/Documents/Proyectos/laravel-sign/vendor/laravel/framework/src/Illuminate/Http/Middleware/TrustProxies.php(39): Illuminate\\Pipeline\\Pipeline->Illuminate\\Pipeline\\{closure}()
#35 /home/dperez/Documents/Proyectos/laravel-sign/vendor/laravel/framework/src/Illuminate/Pipeline/Pipeline.php(167): Illuminate\\Http\\Middleware\\TrustProxies->handle()
#36 /home/dperez/Documents/Proyectos/laravel-sign/vendor/laravel/framework/src/Illuminate/Pipeline/Pipeline.php(103): Illuminate\\Pipeline\\Pipeline->Illuminate\\Pipeline\\{closure}()
#37 /home/dperez/Documents/Proyectos/laravel-sign/vendor/laravel/framework/src/Illuminate/Foundation/Http/Kernel.php(142): Illuminate\\Pipeline\\Pipeline->then()
#38 /home/dperez/Documents/Proyectos/laravel-sign/vendor/laravel/framework/src/Illuminate/Foundation/Http/Kernel.php(111): Illuminate\\Foundation\\Http\\Kernel->sendRequestThroughRouter()
#39 /home/dperez/Documents/Proyectos/laravel-sign/public/index.php(14): Illuminate\\Foundation\\Http\\Kernel->handle()
#40 /home/dperez/Documents/Proyectos/laravel-sign/server.php(21): require_once('...')
#41 {main}
"} 
[2025-05-28 08:11:13] local.ERROR: App\DTOs\Invoice\InvoiceData::__construct(): Argument #7 ($fechaEmision) must be of type DateTime, string given, called in /home/dperez/Documents/Proyectos/laravel-sign/app/DTOs/Invoice/InvoiceData.php on line 33 {"exception":"[object] (TypeError(code: 0): App\\DTOs\\Invoice\\InvoiceData::__construct(): Argument #7 ($fechaEmision) must be of type DateTime, string given, called in /home/dperez/Documents/Proyectos/laravel-sign/app/DTOs/Invoice/InvoiceData.php on line 33 at /home/dperez/Documents/Proyectos/laravel-sign/app/DTOs/Invoice/InvoiceData.php:11)
[stacktrace]
#0 /home/dperez/Documents/Proyectos/laravel-sign/app/DTOs/Invoice/InvoiceData.php(33): App\\DTOs\\Invoice\\InvoiceData->__construct()
#1 /home/dperez/Documents/Proyectos/laravel-sign/app/DTOs/InvoiceDTO.php(22): App\\DTOs\\Invoice\\InvoiceData::from()
#2 /home/dperez/Documents/Proyectos/laravel-sign/app/Http/Controllers/InvoiceController.php(26): App\\DTOs\\InvoiceDTO::fromRequest()
#3 /home/dperez/Documents/Proyectos/laravel-sign/vendor/laravel/framework/src/Illuminate/Routing/Controller.php(54): App\\Http\\Controllers\\InvoiceController->createXML()
#4 /home/dperez/Documents/Proyectos/laravel-sign/vendor/laravel/framework/src/Illuminate/Routing/ControllerDispatcher.php(45): Illuminate\\Routing\\Controller->callAction()
#5 /home/dperez/Documents/Proyectos/laravel-sign/vendor/laravel/framework/src/Illuminate/Routing/Route.php(261): Illuminate\\Routing\\ControllerDispatcher->dispatch()
#6 /home/dperez/Documents/Proyectos/laravel-sign/vendor/laravel/framework/src/Illuminate/Routing/Route.php(205): Illuminate\\Routing\\Route->runController()
#7 /home/dperez/Documents/Proyectos/laravel-sign/vendor/laravel/framework/src/Illuminate/Routing/Router.php(721): Illuminate\\Routing\\Route->run()
#8 /home/dperez/Documents/Proyectos/laravel-sign/vendor/laravel/framework/src/Illuminate/Pipeline/Pipeline.php(128): Illuminate\\Routing\\Router->Illuminate\\Routing\\{closure}()
#9 /home/dperez/Documents/Proyectos/laravel-sign/vendor/laravel/framework/src/Illuminate/Routing/Middleware/SubstituteBindings.php(50): Illuminate\\Pipeline\\Pipeline->Illuminate\\Pipeline\\{closure}()
#10 /home/dperez/Documents/Proyectos/laravel-sign/vendor/laravel/framework/src/Illuminate/Pipeline/Pipeline.php(167): Illuminate\\Routing\\Middleware\\SubstituteBindings->handle()
#11 /home/dperez/Documents/Proyectos/laravel-sign/vendor/laravel/framework/src/Illuminate/Routing/Middleware/ThrottleRequests.php(127): Illuminate\\Pipeline\\Pipeline->Illuminate\\Pipeline\\{closure}()
#12 /home/dperez/Documents/Proyectos/laravel-sign/vendor/laravel/framework/src/Illuminate/Routing/Middleware/ThrottleRequests.php(93): Illuminate\\Routing\\Middleware\\ThrottleRequests->handleRequest()
#13 /home/dperez/Documents/Proyectos/laravel-sign/vendor/laravel/framework/src/Illuminate/Routing/Middleware/ThrottleRequests.php(55): Illuminate\\Routing\\Middleware\\ThrottleRequests->handleRequestUsingNamedLimiter()
#14 /home/dperez/Documents/Proyectos/laravel-sign/vendor/laravel/framework/src/Illuminate/Pipeline/Pipeline.php(167): Illuminate\\Routing\\Middleware\\ThrottleRequests->handle()
#15 /home/dperez/Documents/Proyectos/laravel-sign/vendor/laravel/framework/src/Illuminate/Pipeline/Pipeline.php(103): Illuminate\\Pipeline\\Pipeline->Illuminate\\Pipeline\\{closure}()
#16 /home/dperez/Documents/Proyectos/laravel-sign/vendor/laravel/framework/src/Illuminate/Routing/Router.php(719): Illuminate\\Pipeline\\Pipeline->then()
#17 /home/dperez/Documents/Proyectos/laravel-sign/vendor/laravel/framework/src/Illuminate/Routing/Router.php(698): Illuminate\\Routing\\Router->runRouteWithinStack()
#18 /home/dperez/Documents/Proyectos/laravel-sign/vendor/laravel/framework/src/Illuminate/Routing/Router.php(662): Illuminate\\Routing\\Router->runRoute()
#19 /home/dperez/Documents/Proyectos/laravel-sign/vendor/laravel/framework/src/Illuminate/Routing/Router.php(651): Illuminate\\Routing\\Router->dispatchToRoute()
#20 /home/dperez/Documents/Proyectos/laravel-sign/vendor/laravel/framework/src/Illuminate/Foundation/Http/Kernel.php(167): Illuminate\\Routing\\Router->dispatch()
#21 /home/dperez/Documents/Proyectos/laravel-sign/vendor/laravel/framework/src/Illuminate/Pipeline/Pipeline.php(128): Illuminate\\Foundation\\Http\\Kernel->Illuminate\\Foundation\\Http\\{closure}()
#22 /home/dperez/Documents/Proyectos/laravel-sign/vendor/laravel/framework/src/Illuminate/Foundation/Http/Middleware/TransformsRequest.php(21): Illuminate\\Pipeline\\Pipeline->Illuminate\\Pipeline\\{closure}()
#23 /home/dperez/Documents/Proyectos/laravel-sign/vendor/laravel/framework/src/Illuminate/Foundation/Http/Middleware/ConvertEmptyStringsToNull.php(31): Illuminate\\Foundation\\Http\\Middleware\\TransformsRequest->handle()
#24 /home/dperez/Documents/Proyectos/laravel-sign/vendor/laravel/framework/src/Illuminate/Pipeline/Pipeline.php(167): Illuminate\\Foundation\\Http\\Middleware\\ConvertEmptyStringsToNull->handle()
#25 /home/dperez/Documents/Proyectos/laravel-sign/vendor/laravel/framework/src/Illuminate/Foundation/Http/Middleware/TransformsRequest.php(21): Illuminate\\Pipeline\\Pipeline->Illuminate\\Pipeline\\{closure}()
#26 /home/dperez/Documents/Proyectos/laravel-sign/vendor/laravel/framework/src/Illuminate/Foundation/Http/Middleware/TrimStrings.php(40): Illuminate\\Foundation\\Http\\Middleware\\TransformsRequest->handle()
#27 /home/dperez/Documents/Proyectos/laravel-sign/vendor/laravel/framework/src/Illuminate/Pipeline/Pipeline.php(167): Illuminate\\Foundation\\Http\\Middleware\\TrimStrings->handle()
#28 /home/dperez/Documents/Proyectos/laravel-sign/vendor/laravel/framework/src/Illuminate/Foundation/Http/Middleware/ValidatePostSize.php(27): Illuminate\\Pipeline\\Pipeline->Illuminate\\Pipeline\\{closure}()
#29 /home/dperez/Documents/Proyectos/laravel-sign/vendor/laravel/framework/src/Illuminate/Pipeline/Pipeline.php(167): Illuminate\\Foundation\\Http\\Middleware\\ValidatePostSize->handle()
#30 /home/dperez/Documents/Proyectos/laravel-sign/vendor/laravel/framework/src/Illuminate/Foundation/Http/Middleware/PreventRequestsDuringMaintenance.php(86): Illuminate\\Pipeline\\Pipeline->Illuminate\\Pipeline\\{closure}()
#31 /home/dperez/Documents/Proyectos/laravel-sign/vendor/laravel/framework/src/Illuminate/Pipeline/Pipeline.php(167): Illuminate\\Foundation\\Http\\Middleware\\PreventRequestsDuringMaintenance->handle()
#32 /home/dperez/Documents/Proyectos/laravel-sign/vendor/fruitcake/laravel-cors/src/HandleCors.php(52): Illuminate\\Pipeline\\Pipeline->Illuminate\\Pipeline\\{closure}()
#33 /home/dperez/Documents/Proyectos/laravel-sign/vendor/laravel/framework/src/Illuminate/Pipeline/Pipeline.php(167): Fruitcake\\Cors\\HandleCors->handle()
#34 /home/dperez/Documents/Proyectos/laravel-sign/vendor/laravel/framework/src/Illuminate/Http/Middleware/TrustProxies.php(39): Illuminate\\Pipeline\\Pipeline->Illuminate\\Pipeline\\{closure}()
#35 /home/dperez/Documents/Proyectos/laravel-sign/vendor/laravel/framework/src/Illuminate/Pipeline/Pipeline.php(167): Illuminate\\Http\\Middleware\\TrustProxies->handle()
#36 /home/dperez/Documents/Proyectos/laravel-sign/vendor/laravel/framework/src/Illuminate/Pipeline/Pipeline.php(103): Illuminate\\Pipeline\\Pipeline->Illuminate\\Pipeline\\{closure}()
#37 /home/dperez/Documents/Proyectos/laravel-sign/vendor/laravel/framework/src/Illuminate/Foundation/Http/Kernel.php(142): Illuminate\\Pipeline\\Pipeline->then()
#38 /home/dperez/Documents/Proyectos/laravel-sign/vendor/laravel/framework/src/Illuminate/Foundation/Http/Kernel.php(111): Illuminate\\Foundation\\Http\\Kernel->sendRequestThroughRouter()
#39 /home/dperez/Documents/Proyectos/laravel-sign/public/index.php(14): Illuminate\\Foundation\\Http\\Kernel->handle()
#40 /home/dperez/Documents/Proyectos/laravel-sign/server.php(21): require_once('...')
#41 {main}
"} 
[2025-05-28 08:11:22] local.ERROR: App\DTOs\Invoice\InvoiceData::__construct(): Argument #7 ($fechaEmision) must be of type DateTime, string given, called in /home/dperez/Documents/Proyectos/laravel-sign/app/DTOs/Invoice/InvoiceData.php on line 33 {"exception":"[object] (TypeError(code: 0): App\\DTOs\\Invoice\\InvoiceData::__construct(): Argument #7 ($fechaEmision) must be of type DateTime, string given, called in /home/dperez/Documents/Proyectos/laravel-sign/app/DTOs/Invoice/InvoiceData.php on line 33 at /home/dperez/Documents/Proyectos/laravel-sign/app/DTOs/Invoice/InvoiceData.php:11)
[stacktrace]
#0 /home/dperez/Documents/Proyectos/laravel-sign/app/DTOs/Invoice/InvoiceData.php(33): App\\DTOs\\Invoice\\InvoiceData->__construct()
#1 /home/dperez/Documents/Proyectos/laravel-sign/app/DTOs/InvoiceDTO.php(22): App\\DTOs\\Invoice\\InvoiceData::from()
#2 /home/dperez/Documents/Proyectos/laravel-sign/app/Http/Controllers/InvoiceController.php(26): App\\DTOs\\InvoiceDTO::fromRequest()
#3 /home/dperez/Documents/Proyectos/laravel-sign/vendor/laravel/framework/src/Illuminate/Routing/Controller.php(54): App\\Http\\Controllers\\InvoiceController->createXML()
#4 /home/dperez/Documents/Proyectos/laravel-sign/vendor/laravel/framework/src/Illuminate/Routing/ControllerDispatcher.php(45): Illuminate\\Routing\\Controller->callAction()
#5 /home/dperez/Documents/Proyectos/laravel-sign/vendor/laravel/framework/src/Illuminate/Routing/Route.php(261): Illuminate\\Routing\\ControllerDispatcher->dispatch()
#6 /home/dperez/Documents/Proyectos/laravel-sign/vendor/laravel/framework/src/Illuminate/Routing/Route.php(205): Illuminate\\Routing\\Route->runController()
#7 /home/dperez/Documents/Proyectos/laravel-sign/vendor/laravel/framework/src/Illuminate/Routing/Router.php(721): Illuminate\\Routing\\Route->run()
#8 /home/dperez/Documents/Proyectos/laravel-sign/vendor/laravel/framework/src/Illuminate/Pipeline/Pipeline.php(128): Illuminate\\Routing\\Router->Illuminate\\Routing\\{closure}()
#9 /home/dperez/Documents/Proyectos/laravel-sign/vendor/laravel/framework/src/Illuminate/Routing/Middleware/SubstituteBindings.php(50): Illuminate\\Pipeline\\Pipeline->Illuminate\\Pipeline\\{closure}()
#10 /home/dperez/Documents/Proyectos/laravel-sign/vendor/laravel/framework/src/Illuminate/Pipeline/Pipeline.php(167): Illuminate\\Routing\\Middleware\\SubstituteBindings->handle()
#11 /home/dperez/Documents/Proyectos/laravel-sign/vendor/laravel/framework/src/Illuminate/Routing/Middleware/ThrottleRequests.php(127): Illuminate\\Pipeline\\Pipeline->Illuminate\\Pipeline\\{closure}()
#12 /home/dperez/Documents/Proyectos/laravel-sign/vendor/laravel/framework/src/Illuminate/Routing/Middleware/ThrottleRequests.php(93): Illuminate\\Routing\\Middleware\\ThrottleRequests->handleRequest()
#13 /home/dperez/Documents/Proyectos/laravel-sign/vendor/laravel/framework/src/Illuminate/Routing/Middleware/ThrottleRequests.php(55): Illuminate\\Routing\\Middleware\\ThrottleRequests->handleRequestUsingNamedLimiter()
#14 /home/dperez/Documents/Proyectos/laravel-sign/vendor/laravel/framework/src/Illuminate/Pipeline/Pipeline.php(167): Illuminate\\Routing\\Middleware\\ThrottleRequests->handle()
#15 /home/dperez/Documents/Proyectos/laravel-sign/vendor/laravel/framework/src/Illuminate/Pipeline/Pipeline.php(103): Illuminate\\Pipeline\\Pipeline->Illuminate\\Pipeline\\{closure}()
#16 /home/dperez/Documents/Proyectos/laravel-sign/vendor/laravel/framework/src/Illuminate/Routing/Router.php(719): Illuminate\\Pipeline\\Pipeline->then()
#17 /home/dperez/Documents/Proyectos/laravel-sign/vendor/laravel/framework/src/Illuminate/Routing/Router.php(698): Illuminate\\Routing\\Router->runRouteWithinStack()
#18 /home/dperez/Documents/Proyectos/laravel-sign/vendor/laravel/framework/src/Illuminate/Routing/Router.php(662): Illuminate\\Routing\\Router->runRoute()
#19 /home/dperez/Documents/Proyectos/laravel-sign/vendor/laravel/framework/src/Illuminate/Routing/Router.php(651): Illuminate\\Routing\\Router->dispatchToRoute()
#20 /home/dperez/Documents/Proyectos/laravel-sign/vendor/laravel/framework/src/Illuminate/Foundation/Http/Kernel.php(167): Illuminate\\Routing\\Router->dispatch()
#21 /home/dperez/Documents/Proyectos/laravel-sign/vendor/laravel/framework/src/Illuminate/Pipeline/Pipeline.php(128): Illuminate\\Foundation\\Http\\Kernel->Illuminate\\Foundation\\Http\\{closure}()
#22 /home/dperez/Documents/Proyectos/laravel-sign/vendor/laravel/framework/src/Illuminate/Foundation/Http/Middleware/TransformsRequest.php(21): Illuminate\\Pipeline\\Pipeline->Illuminate\\Pipeline\\{closure}()
#23 /home/dperez/Documents/Proyectos/laravel-sign/vendor/laravel/framework/src/Illuminate/Foundation/Http/Middleware/ConvertEmptyStringsToNull.php(31): Illuminate\\Foundation\\Http\\Middleware\\TransformsRequest->handle()
#24 /home/dperez/Documents/Proyectos/laravel-sign/vendor/laravel/framework/src/Illuminate/Pipeline/Pipeline.php(167): Illuminate\\Foundation\\Http\\Middleware\\ConvertEmptyStringsToNull->handle()
#25 /home/dperez/Documents/Proyectos/laravel-sign/vendor/laravel/framework/src/Illuminate/Foundation/Http/Middleware/TransformsRequest.php(21): Illuminate\\Pipeline\\Pipeline->Illuminate\\Pipeline\\{closure}()
#26 /home/dperez/Documents/Proyectos/laravel-sign/vendor/laravel/framework/src/Illuminate/Foundation/Http/Middleware/TrimStrings.php(40): Illuminate\\Foundation\\Http\\Middleware\\TransformsRequest->handle()
#27 /home/dperez/Documents/Proyectos/laravel-sign/vendor/laravel/framework/src/Illuminate/Pipeline/Pipeline.php(167): Illuminate\\Foundation\\Http\\Middleware\\TrimStrings->handle()
#28 /home/dperez/Documents/Proyectos/laravel-sign/vendor/laravel/framework/src/Illuminate/Foundation/Http/Middleware/ValidatePostSize.php(27): Illuminate\\Pipeline\\Pipeline->Illuminate\\Pipeline\\{closure}()
#29 /home/dperez/Documents/Proyectos/laravel-sign/vendor/laravel/framework/src/Illuminate/Pipeline/Pipeline.php(167): Illuminate\\Foundation\\Http\\Middleware\\ValidatePostSize->handle()
#30 /home/dperez/Documents/Proyectos/laravel-sign/vendor/laravel/framework/src/Illuminate/Foundation/Http/Middleware/PreventRequestsDuringMaintenance.php(86): Illuminate\\Pipeline\\Pipeline->Illuminate\\Pipeline\\{closure}()
#31 /home/dperez/Documents/Proyectos/laravel-sign/vendor/laravel/framework/src/Illuminate/Pipeline/Pipeline.php(167): Illuminate\\Foundation\\Http\\Middleware\\PreventRequestsDuringMaintenance->handle()
#32 /home/dperez/Documents/Proyectos/laravel-sign/vendor/fruitcake/laravel-cors/src/HandleCors.php(52): Illuminate\\Pipeline\\Pipeline->Illuminate\\Pipeline\\{closure}()
#33 /home/dperez/Documents/Proyectos/laravel-sign/vendor/laravel/framework/src/Illuminate/Pipeline/Pipeline.php(167): Fruitcake\\Cors\\HandleCors->handle()
#34 /home/dperez/Documents/Proyectos/laravel-sign/vendor/laravel/framework/src/Illuminate/Http/Middleware/TrustProxies.php(39): Illuminate\\Pipeline\\Pipeline->Illuminate\\Pipeline\\{closure}()
#35 /home/dperez/Documents/Proyectos/laravel-sign/vendor/laravel/framework/src/Illuminate/Pipeline/Pipeline.php(167): Illuminate\\Http\\Middleware\\TrustProxies->handle()
#36 /home/dperez/Documents/Proyectos/laravel-sign/vendor/laravel/framework/src/Illuminate/Pipeline/Pipeline.php(103): Illuminate\\Pipeline\\Pipeline->Illuminate\\Pipeline\\{closure}()
#37 /home/dperez/Documents/Proyectos/laravel-sign/vendor/laravel/framework/src/Illuminate/Foundation/Http/Kernel.php(142): Illuminate\\Pipeline\\Pipeline->then()
#38 /home/dperez/Documents/Proyectos/laravel-sign/vendor/laravel/framework/src/Illuminate/Foundation/Http/Kernel.php(111): Illuminate\\Foundation\\Http\\Kernel->sendRequestThroughRouter()
#39 /home/dperez/Documents/Proyectos/laravel-sign/public/index.php(14): Illuminate\\Foundation\\Http\\Kernel->handle()
#40 /home/dperez/Documents/Proyectos/laravel-sign/server.php(21): require_once('...')
#41 {main}
"} 
[2025-05-28 08:37:01] local.ERROR: Undefined array key "details" {"exception":"[object] (ErrorException(code: 0): Undefined array key \"details\" at /home/dperez/Documents/Proyectos/laravel-sign/app/DTOs/Invoice/InvoiceData.php:34)
[stacktrace]
#0 /home/dperez/Documents/Proyectos/laravel-sign/app/DTOs/Invoice/InvoiceData.php(34): Illuminate\\Foundation\\Bootstrap\\HandleExceptions->handleError()
#1 /home/dperez/Documents/Proyectos/laravel-sign/app/DTOs/InvoiceDTO.php(22): App\\DTOs\\Invoice\\InvoiceData::from()
#2 /home/dperez/Documents/Proyectos/laravel-sign/app/Http/Controllers/InvoiceController.php(26): App\\DTOs\\InvoiceDTO::fromRequest()
#3 /home/dperez/Documents/Proyectos/laravel-sign/vendor/laravel/framework/src/Illuminate/Routing/Controller.php(54): App\\Http\\Controllers\\InvoiceController->createXML()
#4 /home/dperez/Documents/Proyectos/laravel-sign/vendor/laravel/framework/src/Illuminate/Routing/ControllerDispatcher.php(45): Illuminate\\Routing\\Controller->callAction()
#5 /home/dperez/Documents/Proyectos/laravel-sign/vendor/laravel/framework/src/Illuminate/Routing/Route.php(261): Illuminate\\Routing\\ControllerDispatcher->dispatch()
#6 /home/dperez/Documents/Proyectos/laravel-sign/vendor/laravel/framework/src/Illuminate/Routing/Route.php(205): Illuminate\\Routing\\Route->runController()
#7 /home/dperez/Documents/Proyectos/laravel-sign/vendor/laravel/framework/src/Illuminate/Routing/Router.php(721): Illuminate\\Routing\\Route->run()
#8 /home/dperez/Documents/Proyectos/laravel-sign/vendor/laravel/framework/src/Illuminate/Pipeline/Pipeline.php(128): Illuminate\\Routing\\Router->Illuminate\\Routing\\{closure}()
#9 /home/dperez/Documents/Proyectos/laravel-sign/vendor/laravel/framework/src/Illuminate/Routing/Middleware/SubstituteBindings.php(50): Illuminate\\Pipeline\\Pipeline->Illuminate\\Pipeline\\{closure}()
#10 /home/dperez/Documents/Proyectos/laravel-sign/vendor/laravel/framework/src/Illuminate/Pipeline/Pipeline.php(167): Illuminate\\Routing\\Middleware\\SubstituteBindings->handle()
#11 /home/dperez/Documents/Proyectos/laravel-sign/vendor/laravel/framework/src/Illuminate/Routing/Middleware/ThrottleRequests.php(127): Illuminate\\Pipeline\\Pipeline->Illuminate\\Pipeline\\{closure}()
#12 /home/dperez/Documents/Proyectos/laravel-sign/vendor/laravel/framework/src/Illuminate/Routing/Middleware/ThrottleRequests.php(93): Illuminate\\Routing\\Middleware\\ThrottleRequests->handleRequest()
#13 /home/dperez/Documents/Proyectos/laravel-sign/vendor/laravel/framework/src/Illuminate/Routing/Middleware/ThrottleRequests.php(55): Illuminate\\Routing\\Middleware\\ThrottleRequests->handleRequestUsingNamedLimiter()
#14 /home/dperez/Documents/Proyectos/laravel-sign/vendor/laravel/framework/src/Illuminate/Pipeline/Pipeline.php(167): Illuminate\\Routing\\Middleware\\ThrottleRequests->handle()
#15 /home/dperez/Documents/Proyectos/laravel-sign/vendor/laravel/framework/src/Illuminate/Pipeline/Pipeline.php(103): Illuminate\\Pipeline\\Pipeline->Illuminate\\Pipeline\\{closure}()
#16 /home/dperez/Documents/Proyectos/laravel-sign/vendor/laravel/framework/src/Illuminate/Routing/Router.php(719): Illuminate\\Pipeline\\Pipeline->then()
#17 /home/dperez/Documents/Proyectos/laravel-sign/vendor/laravel/framework/src/Illuminate/Routing/Router.php(698): Illuminate\\Routing\\Router->runRouteWithinStack()
#18 /home/dperez/Documents/Proyectos/laravel-sign/vendor/laravel/framework/src/Illuminate/Routing/Router.php(662): Illuminate\\Routing\\Router->runRoute()
#19 /home/dperez/Documents/Proyectos/laravel-sign/vendor/laravel/framework/src/Illuminate/Routing/Router.php(651): Illuminate\\Routing\\Router->dispatchToRoute()
#20 /home/dperez/Documents/Proyectos/laravel-sign/vendor/laravel/framework/src/Illuminate/Foundation/Http/Kernel.php(167): Illuminate\\Routing\\Router->dispatch()
#21 /home/dperez/Documents/Proyectos/laravel-sign/vendor/laravel/framework/src/Illuminate/Pipeline/Pipeline.php(128): Illuminate\\Foundation\\Http\\Kernel->Illuminate\\Foundation\\Http\\{closure}()
#22 /home/dperez/Documents/Proyectos/laravel-sign/vendor/laravel/framework/src/Illuminate/Foundation/Http/Middleware/TransformsRequest.php(21): Illuminate\\Pipeline\\Pipeline->Illuminate\\Pipeline\\{closure}()
#23 /home/dperez/Documents/Proyectos/laravel-sign/vendor/laravel/framework/src/Illuminate/Foundation/Http/Middleware/ConvertEmptyStringsToNull.php(31): Illuminate\\Foundation\\Http\\Middleware\\TransformsRequest->handle()
#24 /home/dperez/Documents/Proyectos/laravel-sign/vendor/laravel/framework/src/Illuminate/Pipeline/Pipeline.php(167): Illuminate\\Foundation\\Http\\Middleware\\ConvertEmptyStringsToNull->handle()
#25 /home/dperez/Documents/Proyectos/laravel-sign/vendor/laravel/framework/src/Illuminate/Foundation/Http/Middleware/TransformsRequest.php(21): Illuminate\\Pipeline\\Pipeline->Illuminate\\Pipeline\\{closure}()
#26 /home/dperez/Documents/Proyectos/laravel-sign/vendor/laravel/framework/src/Illuminate/Foundation/Http/Middleware/TrimStrings.php(40): Illuminate\\Foundation\\Http\\Middleware\\TransformsRequest->handle()
#27 /home/dperez/Documents/Proyectos/laravel-sign/vendor/laravel/framework/src/Illuminate/Pipeline/Pipeline.php(167): Illuminate\\Foundation\\Http\\Middleware\\TrimStrings->handle()
#28 /home/dperez/Documents/Proyectos/laravel-sign/vendor/laravel/framework/src/Illuminate/Foundation/Http/Middleware/ValidatePostSize.php(27): Illuminate\\Pipeline\\Pipeline->Illuminate\\Pipeline\\{closure}()
#29 /home/dperez/Documents/Proyectos/laravel-sign/vendor/laravel/framework/src/Illuminate/Pipeline/Pipeline.php(167): Illuminate\\Foundation\\Http\\Middleware\\ValidatePostSize->handle()
#30 /home/dperez/Documents/Proyectos/laravel-sign/vendor/laravel/framework/src/Illuminate/Foundation/Http/Middleware/PreventRequestsDuringMaintenance.php(86): Illuminate\\Pipeline\\Pipeline->Illuminate\\Pipeline\\{closure}()
#31 /home/dperez/Documents/Proyectos/laravel-sign/vendor/laravel/framework/src/Illuminate/Pipeline/Pipeline.php(167): Illuminate\\Foundation\\Http\\Middleware\\PreventRequestsDuringMaintenance->handle()
#32 /home/dperez/Documents/Proyectos/laravel-sign/vendor/fruitcake/laravel-cors/src/HandleCors.php(52): Illuminate\\Pipeline\\Pipeline->Illuminate\\Pipeline\\{closure}()
#33 /home/dperez/Documents/Proyectos/laravel-sign/vendor/laravel/framework/src/Illuminate/Pipeline/Pipeline.php(167): Fruitcake\\Cors\\HandleCors->handle()
#34 /home/dperez/Documents/Proyectos/laravel-sign/vendor/laravel/framework/src/Illuminate/Http/Middleware/TrustProxies.php(39): Illuminate\\Pipeline\\Pipeline->Illuminate\\Pipeline\\{closure}()
#35 /home/dperez/Documents/Proyectos/laravel-sign/vendor/laravel/framework/src/Illuminate/Pipeline/Pipeline.php(167): Illuminate\\Http\\Middleware\\TrustProxies->handle()
#36 /home/dperez/Documents/Proyectos/laravel-sign/vendor/laravel/framework/src/Illuminate/Pipeline/Pipeline.php(103): Illuminate\\Pipeline\\Pipeline->Illuminate\\Pipeline\\{closure}()
#37 /home/dperez/Documents/Proyectos/laravel-sign/vendor/laravel/framework/src/Illuminate/Foundation/Http/Kernel.php(142): Illuminate\\Pipeline\\Pipeline->then()
#38 /home/dperez/Documents/Proyectos/laravel-sign/vendor/laravel/framework/src/Illuminate/Foundation/Http/Kernel.php(111): Illuminate\\Foundation\\Http\\Kernel->sendRequestThroughRouter()
#39 /home/dperez/Documents/Proyectos/laravel-sign/public/index.php(14): Illuminate\\Foundation\\Http\\Kernel->handle()
#40 /home/dperez/Documents/Proyectos/laravel-sign/server.php(21): require_once('...')
#41 {main}
"} 
[2025-05-28 08:37:16] local.ERROR: Undefined array key "details" {"exception":"[object] (ErrorException(code: 0): Undefined array key \"details\" at /home/dperez/Documents/Proyectos/laravel-sign/app/DTOs/Invoice/InvoiceData.php:34)
[stacktrace]
#0 /home/dperez/Documents/Proyectos/laravel-sign/app/DTOs/Invoice/InvoiceData.php(34): Illuminate\\Foundation\\Bootstrap\\HandleExceptions->handleError()
#1 /home/dperez/Documents/Proyectos/laravel-sign/app/DTOs/InvoiceDTO.php(22): App\\DTOs\\Invoice\\InvoiceData::from()
#2 /home/dperez/Documents/Proyectos/laravel-sign/app/Http/Controllers/InvoiceController.php(26): App\\DTOs\\InvoiceDTO::fromRequest()
#3 /home/dperez/Documents/Proyectos/laravel-sign/vendor/laravel/framework/src/Illuminate/Routing/Controller.php(54): App\\Http\\Controllers\\InvoiceController->createXML()
#4 /home/dperez/Documents/Proyectos/laravel-sign/vendor/laravel/framework/src/Illuminate/Routing/ControllerDispatcher.php(45): Illuminate\\Routing\\Controller->callAction()
#5 /home/dperez/Documents/Proyectos/laravel-sign/vendor/laravel/framework/src/Illuminate/Routing/Route.php(261): Illuminate\\Routing\\ControllerDispatcher->dispatch()
#6 /home/dperez/Documents/Proyectos/laravel-sign/vendor/laravel/framework/src/Illuminate/Routing/Route.php(205): Illuminate\\Routing\\Route->runController()
#7 /home/dperez/Documents/Proyectos/laravel-sign/vendor/laravel/framework/src/Illuminate/Routing/Router.php(721): Illuminate\\Routing\\Route->run()
#8 /home/dperez/Documents/Proyectos/laravel-sign/vendor/laravel/framework/src/Illuminate/Pipeline/Pipeline.php(128): Illuminate\\Routing\\Router->Illuminate\\Routing\\{closure}()
#9 /home/dperez/Documents/Proyectos/laravel-sign/vendor/laravel/framework/src/Illuminate/Routing/Middleware/SubstituteBindings.php(50): Illuminate\\Pipeline\\Pipeline->Illuminate\\Pipeline\\{closure}()
#10 /home/dperez/Documents/Proyectos/laravel-sign/vendor/laravel/framework/src/Illuminate/Pipeline/Pipeline.php(167): Illuminate\\Routing\\Middleware\\SubstituteBindings->handle()
#11 /home/dperez/Documents/Proyectos/laravel-sign/vendor/laravel/framework/src/Illuminate/Routing/Middleware/ThrottleRequests.php(127): Illuminate\\Pipeline\\Pipeline->Illuminate\\Pipeline\\{closure}()
#12 /home/dperez/Documents/Proyectos/laravel-sign/vendor/laravel/framework/src/Illuminate/Routing/Middleware/ThrottleRequests.php(93): Illuminate\\Routing\\Middleware\\ThrottleRequests->handleRequest()
#13 /home/dperez/Documents/Proyectos/laravel-sign/vendor/laravel/framework/src/Illuminate/Routing/Middleware/ThrottleRequests.php(55): Illuminate\\Routing\\Middleware\\ThrottleRequests->handleRequestUsingNamedLimiter()
#14 /home/dperez/Documents/Proyectos/laravel-sign/vendor/laravel/framework/src/Illuminate/Pipeline/Pipeline.php(167): Illuminate\\Routing\\Middleware\\ThrottleRequests->handle()
#15 /home/dperez/Documents/Proyectos/laravel-sign/vendor/laravel/framework/src/Illuminate/Pipeline/Pipeline.php(103): Illuminate\\Pipeline\\Pipeline->Illuminate\\Pipeline\\{closure}()
#16 /home/dperez/Documents/Proyectos/laravel-sign/vendor/laravel/framework/src/Illuminate/Routing/Router.php(719): Illuminate\\Pipeline\\Pipeline->then()
#17 /home/dperez/Documents/Proyectos/laravel-sign/vendor/laravel/framework/src/Illuminate/Routing/Router.php(698): Illuminate\\Routing\\Router->runRouteWithinStack()
#18 /home/dperez/Documents/Proyectos/laravel-sign/vendor/laravel/framework/src/Illuminate/Routing/Router.php(662): Illuminate\\Routing\\Router->runRoute()
#19 /home/dperez/Documents/Proyectos/laravel-sign/vendor/laravel/framework/src/Illuminate/Routing/Router.php(651): Illuminate\\Routing\\Router->dispatchToRoute()
#20 /home/dperez/Documents/Proyectos/laravel-sign/vendor/laravel/framework/src/Illuminate/Foundation/Http/Kernel.php(167): Illuminate\\Routing\\Router->dispatch()
#21 /home/dperez/Documents/Proyectos/laravel-sign/vendor/laravel/framework/src/Illuminate/Pipeline/Pipeline.php(128): Illuminate\\Foundation\\Http\\Kernel->Illuminate\\Foundation\\Http\\{closure}()
#22 /home/dperez/Documents/Proyectos/laravel-sign/vendor/laravel/framework/src/Illuminate/Foundation/Http/Middleware/TransformsRequest.php(21): Illuminate\\Pipeline\\Pipeline->Illuminate\\Pipeline\\{closure}()
#23 /home/dperez/Documents/Proyectos/laravel-sign/vendor/laravel/framework/src/Illuminate/Foundation/Http/Middleware/ConvertEmptyStringsToNull.php(31): Illuminate\\Foundation\\Http\\Middleware\\TransformsRequest->handle()
#24 /home/dperez/Documents/Proyectos/laravel-sign/vendor/laravel/framework/src/Illuminate/Pipeline/Pipeline.php(167): Illuminate\\Foundation\\Http\\Middleware\\ConvertEmptyStringsToNull->handle()
#25 /home/dperez/Documents/Proyectos/laravel-sign/vendor/laravel/framework/src/Illuminate/Foundation/Http/Middleware/TransformsRequest.php(21): Illuminate\\Pipeline\\Pipeline->Illuminate\\Pipeline\\{closure}()
#26 /home/dperez/Documents/Proyectos/laravel-sign/vendor/laravel/framework/src/Illuminate/Foundation/Http/Middleware/TrimStrings.php(40): Illuminate\\Foundation\\Http\\Middleware\\TransformsRequest->handle()
#27 /home/dperez/Documents/Proyectos/laravel-sign/vendor/laravel/framework/src/Illuminate/Pipeline/Pipeline.php(167): Illuminate\\Foundation\\Http\\Middleware\\TrimStrings->handle()
#28 /home/dperez/Documents/Proyectos/laravel-sign/vendor/laravel/framework/src/Illuminate/Foundation/Http/Middleware/ValidatePostSize.php(27): Illuminate\\Pipeline\\Pipeline->Illuminate\\Pipeline\\{closure}()
#29 /home/dperez/Documents/Proyectos/laravel-sign/vendor/laravel/framework/src/Illuminate/Pipeline/Pipeline.php(167): Illuminate\\Foundation\\Http\\Middleware\\ValidatePostSize->handle()
#30 /home/dperez/Documents/Proyectos/laravel-sign/vendor/laravel/framework/src/Illuminate/Foundation/Http/Middleware/PreventRequestsDuringMaintenance.php(86): Illuminate\\Pipeline\\Pipeline->Illuminate\\Pipeline\\{closure}()
#31 /home/dperez/Documents/Proyectos/laravel-sign/vendor/laravel/framework/src/Illuminate/Pipeline/Pipeline.php(167): Illuminate\\Foundation\\Http\\Middleware\\PreventRequestsDuringMaintenance->handle()
#32 /home/dperez/Documents/Proyectos/laravel-sign/vendor/fruitcake/laravel-cors/src/HandleCors.php(52): Illuminate\\Pipeline\\Pipeline->Illuminate\\Pipeline\\{closure}()
#33 /home/dperez/Documents/Proyectos/laravel-sign/vendor/laravel/framework/src/Illuminate/Pipeline/Pipeline.php(167): Fruitcake\\Cors\\HandleCors->handle()
#34 /home/dperez/Documents/Proyectos/laravel-sign/vendor/laravel/framework/src/Illuminate/Http/Middleware/TrustProxies.php(39): Illuminate\\Pipeline\\Pipeline->Illuminate\\Pipeline\\{closure}()
#35 /home/dperez/Documents/Proyectos/laravel-sign/vendor/laravel/framework/src/Illuminate/Pipeline/Pipeline.php(167): Illuminate\\Http\\Middleware\\TrustProxies->handle()
#36 /home/dperez/Documents/Proyectos/laravel-sign/vendor/laravel/framework/src/Illuminate/Pipeline/Pipeline.php(103): Illuminate\\Pipeline\\Pipeline->Illuminate\\Pipeline\\{closure}()
#37 /home/dperez/Documents/Proyectos/laravel-sign/vendor/laravel/framework/src/Illuminate/Foundation/Http/Kernel.php(142): Illuminate\\Pipeline\\Pipeline->then()
#38 /home/dperez/Documents/Proyectos/laravel-sign/vendor/laravel/framework/src/Illuminate/Foundation/Http/Kernel.php(111): Illuminate\\Foundation\\Http\\Kernel->sendRequestThroughRouter()
#39 /home/dperez/Documents/Proyectos/laravel-sign/public/index.php(14): Illuminate\\Foundation\\Http\\Kernel->handle()
#40 /home/dperez/Documents/Proyectos/laravel-sign/server.php(21): require_once('...')
#41 {main}
"} 
[2025-05-28 08:39:14] local.ERROR: Undefined array key "details" {"exception":"[object] (ErrorException(code: 0): Undefined array key \"details\" at /home/dperez/Documents/Proyectos/laravel-sign/app/DTOs/Invoice/InvoiceData.php:34)
[stacktrace]
#0 /home/dperez/Documents/Proyectos/laravel-sign/app/DTOs/Invoice/InvoiceData.php(34): Illuminate\\Foundation\\Bootstrap\\HandleExceptions->handleError()
#1 /home/dperez/Documents/Proyectos/laravel-sign/app/DTOs/InvoiceDTO.php(26): App\\DTOs\\Invoice\\InvoiceData::from()
#2 /home/dperez/Documents/Proyectos/laravel-sign/app/Http/Controllers/InvoiceController.php(26): App\\DTOs\\InvoiceDTO::fromRequest()
#3 /home/dperez/Documents/Proyectos/laravel-sign/vendor/laravel/framework/src/Illuminate/Routing/Controller.php(54): App\\Http\\Controllers\\InvoiceController->createXML()
#4 /home/dperez/Documents/Proyectos/laravel-sign/vendor/laravel/framework/src/Illuminate/Routing/ControllerDispatcher.php(45): Illuminate\\Routing\\Controller->callAction()
#5 /home/dperez/Documents/Proyectos/laravel-sign/vendor/laravel/framework/src/Illuminate/Routing/Route.php(261): Illuminate\\Routing\\ControllerDispatcher->dispatch()
#6 /home/dperez/Documents/Proyectos/laravel-sign/vendor/laravel/framework/src/Illuminate/Routing/Route.php(205): Illuminate\\Routing\\Route->runController()
#7 /home/dperez/Documents/Proyectos/laravel-sign/vendor/laravel/framework/src/Illuminate/Routing/Router.php(721): Illuminate\\Routing\\Route->run()
#8 /home/dperez/Documents/Proyectos/laravel-sign/vendor/laravel/framework/src/Illuminate/Pipeline/Pipeline.php(128): Illuminate\\Routing\\Router->Illuminate\\Routing\\{closure}()
#9 /home/dperez/Documents/Proyectos/laravel-sign/vendor/laravel/framework/src/Illuminate/Routing/Middleware/SubstituteBindings.php(50): Illuminate\\Pipeline\\Pipeline->Illuminate\\Pipeline\\{closure}()
#10 /home/dperez/Documents/Proyectos/laravel-sign/vendor/laravel/framework/src/Illuminate/Pipeline/Pipeline.php(167): Illuminate\\Routing\\Middleware\\SubstituteBindings->handle()
#11 /home/dperez/Documents/Proyectos/laravel-sign/vendor/laravel/framework/src/Illuminate/Routing/Middleware/ThrottleRequests.php(127): Illuminate\\Pipeline\\Pipeline->Illuminate\\Pipeline\\{closure}()
#12 /home/dperez/Documents/Proyectos/laravel-sign/vendor/laravel/framework/src/Illuminate/Routing/Middleware/ThrottleRequests.php(93): Illuminate\\Routing\\Middleware\\ThrottleRequests->handleRequest()
#13 /home/dperez/Documents/Proyectos/laravel-sign/vendor/laravel/framework/src/Illuminate/Routing/Middleware/ThrottleRequests.php(55): Illuminate\\Routing\\Middleware\\ThrottleRequests->handleRequestUsingNamedLimiter()
#14 /home/dperez/Documents/Proyectos/laravel-sign/vendor/laravel/framework/src/Illuminate/Pipeline/Pipeline.php(167): Illuminate\\Routing\\Middleware\\ThrottleRequests->handle()
#15 /home/dperez/Documents/Proyectos/laravel-sign/vendor/laravel/framework/src/Illuminate/Pipeline/Pipeline.php(103): Illuminate\\Pipeline\\Pipeline->Illuminate\\Pipeline\\{closure}()
#16 /home/dperez/Documents/Proyectos/laravel-sign/vendor/laravel/framework/src/Illuminate/Routing/Router.php(719): Illuminate\\Pipeline\\Pipeline->then()
#17 /home/dperez/Documents/Proyectos/laravel-sign/vendor/laravel/framework/src/Illuminate/Routing/Router.php(698): Illuminate\\Routing\\Router->runRouteWithinStack()
#18 /home/dperez/Documents/Proyectos/laravel-sign/vendor/laravel/framework/src/Illuminate/Routing/Router.php(662): Illuminate\\Routing\\Router->runRoute()
#19 /home/dperez/Documents/Proyectos/laravel-sign/vendor/laravel/framework/src/Illuminate/Routing/Router.php(651): Illuminate\\Routing\\Router->dispatchToRoute()
#20 /home/dperez/Documents/Proyectos/laravel-sign/vendor/laravel/framework/src/Illuminate/Foundation/Http/Kernel.php(167): Illuminate\\Routing\\Router->dispatch()
#21 /home/dperez/Documents/Proyectos/laravel-sign/vendor/laravel/framework/src/Illuminate/Pipeline/Pipeline.php(128): Illuminate\\Foundation\\Http\\Kernel->Illuminate\\Foundation\\Http\\{closure}()
#22 /home/dperez/Documents/Proyectos/laravel-sign/vendor/laravel/framework/src/Illuminate/Foundation/Http/Middleware/TransformsRequest.php(21): Illuminate\\Pipeline\\Pipeline->Illuminate\\Pipeline\\{closure}()
#23 /home/dperez/Documents/Proyectos/laravel-sign/vendor/laravel/framework/src/Illuminate/Foundation/Http/Middleware/ConvertEmptyStringsToNull.php(31): Illuminate\\Foundation\\Http\\Middleware\\TransformsRequest->handle()
#24 /home/dperez/Documents/Proyectos/laravel-sign/vendor/laravel/framework/src/Illuminate/Pipeline/Pipeline.php(167): Illuminate\\Foundation\\Http\\Middleware\\ConvertEmptyStringsToNull->handle()
#25 /home/dperez/Documents/Proyectos/laravel-sign/vendor/laravel/framework/src/Illuminate/Foundation/Http/Middleware/TransformsRequest.php(21): Illuminate\\Pipeline\\Pipeline->Illuminate\\Pipeline\\{closure}()
#26 /home/dperez/Documents/Proyectos/laravel-sign/vendor/laravel/framework/src/Illuminate/Foundation/Http/Middleware/TrimStrings.php(40): Illuminate\\Foundation\\Http\\Middleware\\TransformsRequest->handle()
#27 /home/dperez/Documents/Proyectos/laravel-sign/vendor/laravel/framework/src/Illuminate/Pipeline/Pipeline.php(167): Illuminate\\Foundation\\Http\\Middleware\\TrimStrings->handle()
#28 /home/dperez/Documents/Proyectos/laravel-sign/vendor/laravel/framework/src/Illuminate/Foundation/Http/Middleware/ValidatePostSize.php(27): Illuminate\\Pipeline\\Pipeline->Illuminate\\Pipeline\\{closure}()
#29 /home/dperez/Documents/Proyectos/laravel-sign/vendor/laravel/framework/src/Illuminate/Pipeline/Pipeline.php(167): Illuminate\\Foundation\\Http\\Middleware\\ValidatePostSize->handle()
#30 /home/dperez/Documents/Proyectos/laravel-sign/vendor/laravel/framework/src/Illuminate/Foundation/Http/Middleware/PreventRequestsDuringMaintenance.php(86): Illuminate\\Pipeline\\Pipeline->Illuminate\\Pipeline\\{closure}()
#31 /home/dperez/Documents/Proyectos/laravel-sign/vendor/laravel/framework/src/Illuminate/Pipeline/Pipeline.php(167): Illuminate\\Foundation\\Http\\Middleware\\PreventRequestsDuringMaintenance->handle()
#32 /home/dperez/Documents/Proyectos/laravel-sign/vendor/fruitcake/laravel-cors/src/HandleCors.php(52): Illuminate\\Pipeline\\Pipeline->Illuminate\\Pipeline\\{closure}()
#33 /home/dperez/Documents/Proyectos/laravel-sign/vendor/laravel/framework/src/Illuminate/Pipeline/Pipeline.php(167): Fruitcake\\Cors\\HandleCors->handle()
#34 /home/dperez/Documents/Proyectos/laravel-sign/vendor/laravel/framework/src/Illuminate/Http/Middleware/TrustProxies.php(39): Illuminate\\Pipeline\\Pipeline->Illuminate\\Pipeline\\{closure}()
#35 /home/dperez/Documents/Proyectos/laravel-sign/vendor/laravel/framework/src/Illuminate/Pipeline/Pipeline.php(167): Illuminate\\Http\\Middleware\\TrustProxies->handle()
#36 /home/dperez/Documents/Proyectos/laravel-sign/vendor/laravel/framework/src/Illuminate/Pipeline/Pipeline.php(103): Illuminate\\Pipeline\\Pipeline->Illuminate\\Pipeline\\{closure}()
#37 /home/dperez/Documents/Proyectos/laravel-sign/vendor/laravel/framework/src/Illuminate/Foundation/Http/Kernel.php(142): Illuminate\\Pipeline\\Pipeline->then()
#38 /home/dperez/Documents/Proyectos/laravel-sign/vendor/laravel/framework/src/Illuminate/Foundation/Http/Kernel.php(111): Illuminate\\Foundation\\Http\\Kernel->sendRequestThroughRouter()
#39 /home/dperez/Documents/Proyectos/laravel-sign/public/index.php(14): Illuminate\\Foundation\\Http\\Kernel->handle()
#40 /home/dperez/Documents/Proyectos/laravel-sign/server.php(21): require_once('...')
#41 {main}
"} 
[2025-05-28 08:42:05] local.ERROR: array_keys(): Argument #1 ($array) must be of type array, App\DTOs\InvoiceDTO given {"exception":"[object] (TypeError(code: 0): array_keys(): Argument #1 ($array) must be of type array, App\\DTOs\\InvoiceDTO given at /home/dperez/Documents/Proyectos/laravel-sign/app/Http/Controllers/InvoiceController.php:27)
[stacktrace]
#0 /home/dperez/Documents/Proyectos/laravel-sign/app/Http/Controllers/InvoiceController.php(27): array_keys()
#1 /home/dperez/Documents/Proyectos/laravel-sign/vendor/laravel/framework/src/Illuminate/Routing/Controller.php(54): App\\Http\\Controllers\\InvoiceController->createXML()
#2 /home/dperez/Documents/Proyectos/laravel-sign/vendor/laravel/framework/src/Illuminate/Routing/ControllerDispatcher.php(45): Illuminate\\Routing\\Controller->callAction()
#3 /home/dperez/Documents/Proyectos/laravel-sign/vendor/laravel/framework/src/Illuminate/Routing/Route.php(261): Illuminate\\Routing\\ControllerDispatcher->dispatch()
#4 /home/dperez/Documents/Proyectos/laravel-sign/vendor/laravel/framework/src/Illuminate/Routing/Route.php(205): Illuminate\\Routing\\Route->runController()
#5 /home/dperez/Documents/Proyectos/laravel-sign/vendor/laravel/framework/src/Illuminate/Routing/Router.php(721): Illuminate\\Routing\\Route->run()
#6 /home/dperez/Documents/Proyectos/laravel-sign/vendor/laravel/framework/src/Illuminate/Pipeline/Pipeline.php(128): Illuminate\\Routing\\Router->Illuminate\\Routing\\{closure}()
#7 /home/dperez/Documents/Proyectos/laravel-sign/vendor/laravel/framework/src/Illuminate/Routing/Middleware/SubstituteBindings.php(50): Illuminate\\Pipeline\\Pipeline->Illuminate\\Pipeline\\{closure}()
#8 /home/dperez/Documents/Proyectos/laravel-sign/vendor/laravel/framework/src/Illuminate/Pipeline/Pipeline.php(167): Illuminate\\Routing\\Middleware\\SubstituteBindings->handle()
#9 /home/dperez/Documents/Proyectos/laravel-sign/vendor/laravel/framework/src/Illuminate/Routing/Middleware/ThrottleRequests.php(127): Illuminate\\Pipeline\\Pipeline->Illuminate\\Pipeline\\{closure}()
#10 /home/dperez/Documents/Proyectos/laravel-sign/vendor/laravel/framework/src/Illuminate/Routing/Middleware/ThrottleRequests.php(93): Illuminate\\Routing\\Middleware\\ThrottleRequests->handleRequest()
#11 /home/dperez/Documents/Proyectos/laravel-sign/vendor/laravel/framework/src/Illuminate/Routing/Middleware/ThrottleRequests.php(55): Illuminate\\Routing\\Middleware\\ThrottleRequests->handleRequestUsingNamedLimiter()
#12 /home/dperez/Documents/Proyectos/laravel-sign/vendor/laravel/framework/src/Illuminate/Pipeline/Pipeline.php(167): Illuminate\\Routing\\Middleware\\ThrottleRequests->handle()
#13 /home/dperez/Documents/Proyectos/laravel-sign/vendor/laravel/framework/src/Illuminate/Pipeline/Pipeline.php(103): Illuminate\\Pipeline\\Pipeline->Illuminate\\Pipeline\\{closure}()
#14 /home/dperez/Documents/Proyectos/laravel-sign/vendor/laravel/framework/src/Illuminate/Routing/Router.php(719): Illuminate\\Pipeline\\Pipeline->then()
#15 /home/dperez/Documents/Proyectos/laravel-sign/vendor/laravel/framework/src/Illuminate/Routing/Router.php(698): Illuminate\\Routing\\Router->runRouteWithinStack()
#16 /home/dperez/Documents/Proyectos/laravel-sign/vendor/laravel/framework/src/Illuminate/Routing/Router.php(662): Illuminate\\Routing\\Router->runRoute()
#17 /home/dperez/Documents/Proyectos/laravel-sign/vendor/laravel/framework/src/Illuminate/Routing/Router.php(651): Illuminate\\Routing\\Router->dispatchToRoute()
#18 /home/dperez/Documents/Proyectos/laravel-sign/vendor/laravel/framework/src/Illuminate/Foundation/Http/Kernel.php(167): Illuminate\\Routing\\Router->dispatch()
#19 /home/dperez/Documents/Proyectos/laravel-sign/vendor/laravel/framework/src/Illuminate/Pipeline/Pipeline.php(128): Illuminate\\Foundation\\Http\\Kernel->Illuminate\\Foundation\\Http\\{closure}()
#20 /home/dperez/Documents/Proyectos/laravel-sign/vendor/laravel/framework/src/Illuminate/Foundation/Http/Middleware/TransformsRequest.php(21): Illuminate\\Pipeline\\Pipeline->Illuminate\\Pipeline\\{closure}()
#21 /home/dperez/Documents/Proyectos/laravel-sign/vendor/laravel/framework/src/Illuminate/Foundation/Http/Middleware/ConvertEmptyStringsToNull.php(31): Illuminate\\Foundation\\Http\\Middleware\\TransformsRequest->handle()
#22 /home/dperez/Documents/Proyectos/laravel-sign/vendor/laravel/framework/src/Illuminate/Pipeline/Pipeline.php(167): Illuminate\\Foundation\\Http\\Middleware\\ConvertEmptyStringsToNull->handle()
#23 /home/dperez/Documents/Proyectos/laravel-sign/vendor/laravel/framework/src/Illuminate/Foundation/Http/Middleware/TransformsRequest.php(21): Illuminate\\Pipeline\\Pipeline->Illuminate\\Pipeline\\{closure}()
#24 /home/dperez/Documents/Proyectos/laravel-sign/vendor/laravel/framework/src/Illuminate/Foundation/Http/Middleware/TrimStrings.php(40): Illuminate\\Foundation\\Http\\Middleware\\TransformsRequest->handle()
#25 /home/dperez/Documents/Proyectos/laravel-sign/vendor/laravel/framework/src/Illuminate/Pipeline/Pipeline.php(167): Illuminate\\Foundation\\Http\\Middleware\\TrimStrings->handle()
#26 /home/dperez/Documents/Proyectos/laravel-sign/vendor/laravel/framework/src/Illuminate/Foundation/Http/Middleware/ValidatePostSize.php(27): Illuminate\\Pipeline\\Pipeline->Illuminate\\Pipeline\\{closure}()
#27 /home/dperez/Documents/Proyectos/laravel-sign/vendor/laravel/framework/src/Illuminate/Pipeline/Pipeline.php(167): Illuminate\\Foundation\\Http\\Middleware\\ValidatePostSize->handle()
#28 /home/dperez/Documents/Proyectos/laravel-sign/vendor/laravel/framework/src/Illuminate/Foundation/Http/Middleware/PreventRequestsDuringMaintenance.php(86): Illuminate\\Pipeline\\Pipeline->Illuminate\\Pipeline\\{closure}()
#29 /home/dperez/Documents/Proyectos/laravel-sign/vendor/laravel/framework/src/Illuminate/Pipeline/Pipeline.php(167): Illuminate\\Foundation\\Http\\Middleware\\PreventRequestsDuringMaintenance->handle()
#30 /home/dperez/Documents/Proyectos/laravel-sign/vendor/fruitcake/laravel-cors/src/HandleCors.php(52): Illuminate\\Pipeline\\Pipeline->Illuminate\\Pipeline\\{closure}()
#31 /home/dperez/Documents/Proyectos/laravel-sign/vendor/laravel/framework/src/Illuminate/Pipeline/Pipeline.php(167): Fruitcake\\Cors\\HandleCors->handle()
#32 /home/dperez/Documents/Proyectos/laravel-sign/vendor/laravel/framework/src/Illuminate/Http/Middleware/TrustProxies.php(39): Illuminate\\Pipeline\\Pipeline->Illuminate\\Pipeline\\{closure}()
#33 /home/dperez/Documents/Proyectos/laravel-sign/vendor/laravel/framework/src/Illuminate/Pipeline/Pipeline.php(167): Illuminate\\Http\\Middleware\\TrustProxies->handle()
#34 /home/dperez/Documents/Proyectos/laravel-sign/vendor/laravel/framework/src/Illuminate/Pipeline/Pipeline.php(103): Illuminate\\Pipeline\\Pipeline->Illuminate\\Pipeline\\{closure}()
#35 /home/dperez/Documents/Proyectos/laravel-sign/vendor/laravel/framework/src/Illuminate/Foundation/Http/Kernel.php(142): Illuminate\\Pipeline\\Pipeline->then()
#36 /home/dperez/Documents/Proyectos/laravel-sign/vendor/laravel/framework/src/Illuminate/Foundation/Http/Kernel.php(111): Illuminate\\Foundation\\Http\\Kernel->sendRequestThroughRouter()
#37 /home/dperez/Documents/Proyectos/laravel-sign/public/index.php(14): Illuminate\\Foundation\\Http\\Kernel->handle()
#38 /home/dperez/Documents/Proyectos/laravel-sign/server.php(21): require_once('...')
#39 {main}
"} 
[2025-05-28 08:42:14] local.ERROR: array_keys(): Argument #1 ($array) must be of type array, App\DTOs\InvoiceDTO given {"exception":"[object] (TypeError(code: 0): array_keys(): Argument #1 ($array) must be of type array, App\\DTOs\\InvoiceDTO given at /home/dperez/Documents/Proyectos/laravel-sign/app/Http/Controllers/InvoiceController.php:27)
[stacktrace]
#0 /home/dperez/Documents/Proyectos/laravel-sign/app/Http/Controllers/InvoiceController.php(27): array_keys()
#1 /home/dperez/Documents/Proyectos/laravel-sign/vendor/laravel/framework/src/Illuminate/Routing/Controller.php(54): App\\Http\\Controllers\\InvoiceController->createXML()
#2 /home/dperez/Documents/Proyectos/laravel-sign/vendor/laravel/framework/src/Illuminate/Routing/ControllerDispatcher.php(45): Illuminate\\Routing\\Controller->callAction()
#3 /home/dperez/Documents/Proyectos/laravel-sign/vendor/laravel/framework/src/Illuminate/Routing/Route.php(261): Illuminate\\Routing\\ControllerDispatcher->dispatch()
#4 /home/dperez/Documents/Proyectos/laravel-sign/vendor/laravel/framework/src/Illuminate/Routing/Route.php(205): Illuminate\\Routing\\Route->runController()
#5 /home/dperez/Documents/Proyectos/laravel-sign/vendor/laravel/framework/src/Illuminate/Routing/Router.php(721): Illuminate\\Routing\\Route->run()
#6 /home/dperez/Documents/Proyectos/laravel-sign/vendor/laravel/framework/src/Illuminate/Pipeline/Pipeline.php(128): Illuminate\\Routing\\Router->Illuminate\\Routing\\{closure}()
#7 /home/dperez/Documents/Proyectos/laravel-sign/vendor/laravel/framework/src/Illuminate/Routing/Middleware/SubstituteBindings.php(50): Illuminate\\Pipeline\\Pipeline->Illuminate\\Pipeline\\{closure}()
#8 /home/dperez/Documents/Proyectos/laravel-sign/vendor/laravel/framework/src/Illuminate/Pipeline/Pipeline.php(167): Illuminate\\Routing\\Middleware\\SubstituteBindings->handle()
#9 /home/dperez/Documents/Proyectos/laravel-sign/vendor/laravel/framework/src/Illuminate/Routing/Middleware/ThrottleRequests.php(127): Illuminate\\Pipeline\\Pipeline->Illuminate\\Pipeline\\{closure}()
#10 /home/dperez/Documents/Proyectos/laravel-sign/vendor/laravel/framework/src/Illuminate/Routing/Middleware/ThrottleRequests.php(93): Illuminate\\Routing\\Middleware\\ThrottleRequests->handleRequest()
#11 /home/dperez/Documents/Proyectos/laravel-sign/vendor/laravel/framework/src/Illuminate/Routing/Middleware/ThrottleRequests.php(55): Illuminate\\Routing\\Middleware\\ThrottleRequests->handleRequestUsingNamedLimiter()
#12 /home/dperez/Documents/Proyectos/laravel-sign/vendor/laravel/framework/src/Illuminate/Pipeline/Pipeline.php(167): Illuminate\\Routing\\Middleware\\ThrottleRequests->handle()
#13 /home/dperez/Documents/Proyectos/laravel-sign/vendor/laravel/framework/src/Illuminate/Pipeline/Pipeline.php(103): Illuminate\\Pipeline\\Pipeline->Illuminate\\Pipeline\\{closure}()
#14 /home/dperez/Documents/Proyectos/laravel-sign/vendor/laravel/framework/src/Illuminate/Routing/Router.php(719): Illuminate\\Pipeline\\Pipeline->then()
#15 /home/dperez/Documents/Proyectos/laravel-sign/vendor/laravel/framework/src/Illuminate/Routing/Router.php(698): Illuminate\\Routing\\Router->runRouteWithinStack()
#16 /home/dperez/Documents/Proyectos/laravel-sign/vendor/laravel/framework/src/Illuminate/Routing/Router.php(662): Illuminate\\Routing\\Router->runRoute()
#17 /home/dperez/Documents/Proyectos/laravel-sign/vendor/laravel/framework/src/Illuminate/Routing/Router.php(651): Illuminate\\Routing\\Router->dispatchToRoute()
#18 /home/dperez/Documents/Proyectos/laravel-sign/vendor/laravel/framework/src/Illuminate/Foundation/Http/Kernel.php(167): Illuminate\\Routing\\Router->dispatch()
#19 /home/dperez/Documents/Proyectos/laravel-sign/vendor/laravel/framework/src/Illuminate/Pipeline/Pipeline.php(128): Illuminate\\Foundation\\Http\\Kernel->Illuminate\\Foundation\\Http\\{closure}()
#20 /home/dperez/Documents/Proyectos/laravel-sign/vendor/laravel/framework/src/Illuminate/Foundation/Http/Middleware/TransformsRequest.php(21): Illuminate\\Pipeline\\Pipeline->Illuminate\\Pipeline\\{closure}()
#21 /home/dperez/Documents/Proyectos/laravel-sign/vendor/laravel/framework/src/Illuminate/Foundation/Http/Middleware/ConvertEmptyStringsToNull.php(31): Illuminate\\Foundation\\Http\\Middleware\\TransformsRequest->handle()
#22 /home/dperez/Documents/Proyectos/laravel-sign/vendor/laravel/framework/src/Illuminate/Pipeline/Pipeline.php(167): Illuminate\\Foundation\\Http\\Middleware\\ConvertEmptyStringsToNull->handle()
#23 /home/dperez/Documents/Proyectos/laravel-sign/vendor/laravel/framework/src/Illuminate/Foundation/Http/Middleware/TransformsRequest.php(21): Illuminate\\Pipeline\\Pipeline->Illuminate\\Pipeline\\{closure}()
#24 /home/dperez/Documents/Proyectos/laravel-sign/vendor/laravel/framework/src/Illuminate/Foundation/Http/Middleware/TrimStrings.php(40): Illuminate\\Foundation\\Http\\Middleware\\TransformsRequest->handle()
#25 /home/dperez/Documents/Proyectos/laravel-sign/vendor/laravel/framework/src/Illuminate/Pipeline/Pipeline.php(167): Illuminate\\Foundation\\Http\\Middleware\\TrimStrings->handle()
#26 /home/dperez/Documents/Proyectos/laravel-sign/vendor/laravel/framework/src/Illuminate/Foundation/Http/Middleware/ValidatePostSize.php(27): Illuminate\\Pipeline\\Pipeline->Illuminate\\Pipeline\\{closure}()
#27 /home/dperez/Documents/Proyectos/laravel-sign/vendor/laravel/framework/src/Illuminate/Pipeline/Pipeline.php(167): Illuminate\\Foundation\\Http\\Middleware\\ValidatePostSize->handle()
#28 /home/dperez/Documents/Proyectos/laravel-sign/vendor/laravel/framework/src/Illuminate/Foundation/Http/Middleware/PreventRequestsDuringMaintenance.php(86): Illuminate\\Pipeline\\Pipeline->Illuminate\\Pipeline\\{closure}()
#29 /home/dperez/Documents/Proyectos/laravel-sign/vendor/laravel/framework/src/Illuminate/Pipeline/Pipeline.php(167): Illuminate\\Foundation\\Http\\Middleware\\PreventRequestsDuringMaintenance->handle()
#30 /home/dperez/Documents/Proyectos/laravel-sign/vendor/fruitcake/laravel-cors/src/HandleCors.php(52): Illuminate\\Pipeline\\Pipeline->Illuminate\\Pipeline\\{closure}()
#31 /home/dperez/Documents/Proyectos/laravel-sign/vendor/laravel/framework/src/Illuminate/Pipeline/Pipeline.php(167): Fruitcake\\Cors\\HandleCors->handle()
#32 /home/dperez/Documents/Proyectos/laravel-sign/vendor/laravel/framework/src/Illuminate/Http/Middleware/TrustProxies.php(39): Illuminate\\Pipeline\\Pipeline->Illuminate\\Pipeline\\{closure}()
#33 /home/dperez/Documents/Proyectos/laravel-sign/vendor/laravel/framework/src/Illuminate/Pipeline/Pipeline.php(167): Illuminate\\Http\\Middleware\\TrustProxies->handle()
#34 /home/dperez/Documents/Proyectos/laravel-sign/vendor/laravel/framework/src/Illuminate/Pipeline/Pipeline.php(103): Illuminate\\Pipeline\\Pipeline->Illuminate\\Pipeline\\{closure}()
#35 /home/dperez/Documents/Proyectos/laravel-sign/vendor/laravel/framework/src/Illuminate/Foundation/Http/Kernel.php(142): Illuminate\\Pipeline\\Pipeline->then()
#36 /home/dperez/Documents/Proyectos/laravel-sign/vendor/laravel/framework/src/Illuminate/Foundation/Http/Kernel.php(111): Illuminate\\Foundation\\Http\\Kernel->sendRequestThroughRouter()
#37 /home/dperez/Documents/Proyectos/laravel-sign/public/index.php(14): Illuminate\\Foundation\\Http\\Kernel->handle()
#38 /home/dperez/Documents/Proyectos/laravel-sign/server.php(21): require_once('...')
#39 {main}
"} 
[2025-05-28 08:52:25] local.ERROR: App\DTOs\Invoice\InvoiceData::App\DTOs\Invoice\{closure}(): Argument #1 ($observation) must be of type array, string given {"exception":"[object] (TypeError(code: 0): App\\DTOs\\Invoice\\InvoiceData::App\\DTOs\\Invoice\\{closure}(): Argument #1 ($observation) must be of type array, string given at /home/dperez/Documents/Proyectos/laravel-sign/app/DTOs/Invoice/InvoiceData.php:50)
[stacktrace]
#0 [internal function]: App\\DTOs\\Invoice\\InvoiceData::App\\DTOs\\Invoice\\{closure}()
#1 /home/dperez/Documents/Proyectos/laravel-sign/app/DTOs/Invoice/InvoiceData.php(49): array_map()
#2 /home/dperez/Documents/Proyectos/laravel-sign/app/DTOs/InvoiceDTO.php(26): App\\DTOs\\Invoice\\InvoiceData::from()
#3 /home/dperez/Documents/Proyectos/laravel-sign/app/Http/Controllers/InvoiceController.php(26): App\\DTOs\\InvoiceDTO::fromRequest()
#4 /home/dperez/Documents/Proyectos/laravel-sign/vendor/laravel/framework/src/Illuminate/Routing/Controller.php(54): App\\Http\\Controllers\\InvoiceController->createXML()
#5 /home/dperez/Documents/Proyectos/laravel-sign/vendor/laravel/framework/src/Illuminate/Routing/ControllerDispatcher.php(45): Illuminate\\Routing\\Controller->callAction()
#6 /home/dperez/Documents/Proyectos/laravel-sign/vendor/laravel/framework/src/Illuminate/Routing/Route.php(261): Illuminate\\Routing\\ControllerDispatcher->dispatch()
#7 /home/dperez/Documents/Proyectos/laravel-sign/vendor/laravel/framework/src/Illuminate/Routing/Route.php(205): Illuminate\\Routing\\Route->runController()
#8 /home/dperez/Documents/Proyectos/laravel-sign/vendor/laravel/framework/src/Illuminate/Routing/Router.php(721): Illuminate\\Routing\\Route->run()
#9 /home/dperez/Documents/Proyectos/laravel-sign/vendor/laravel/framework/src/Illuminate/Pipeline/Pipeline.php(128): Illuminate\\Routing\\Router->Illuminate\\Routing\\{closure}()
#10 /home/dperez/Documents/Proyectos/laravel-sign/vendor/laravel/framework/src/Illuminate/Routing/Middleware/SubstituteBindings.php(50): Illuminate\\Pipeline\\Pipeline->Illuminate\\Pipeline\\{closure}()
#11 /home/dperez/Documents/Proyectos/laravel-sign/vendor/laravel/framework/src/Illuminate/Pipeline/Pipeline.php(167): Illuminate\\Routing\\Middleware\\SubstituteBindings->handle()
#12 /home/dperez/Documents/Proyectos/laravel-sign/vendor/laravel/framework/src/Illuminate/Routing/Middleware/ThrottleRequests.php(127): Illuminate\\Pipeline\\Pipeline->Illuminate\\Pipeline\\{closure}()
#13 /home/dperez/Documents/Proyectos/laravel-sign/vendor/laravel/framework/src/Illuminate/Routing/Middleware/ThrottleRequests.php(93): Illuminate\\Routing\\Middleware\\ThrottleRequests->handleRequest()
#14 /home/dperez/Documents/Proyectos/laravel-sign/vendor/laravel/framework/src/Illuminate/Routing/Middleware/ThrottleRequests.php(55): Illuminate\\Routing\\Middleware\\ThrottleRequests->handleRequestUsingNamedLimiter()
#15 /home/dperez/Documents/Proyectos/laravel-sign/vendor/laravel/framework/src/Illuminate/Pipeline/Pipeline.php(167): Illuminate\\Routing\\Middleware\\ThrottleRequests->handle()
#16 /home/dperez/Documents/Proyectos/laravel-sign/vendor/laravel/framework/src/Illuminate/Pipeline/Pipeline.php(103): Illuminate\\Pipeline\\Pipeline->Illuminate\\Pipeline\\{closure}()
#17 /home/dperez/Documents/Proyectos/laravel-sign/vendor/laravel/framework/src/Illuminate/Routing/Router.php(719): Illuminate\\Pipeline\\Pipeline->then()
#18 /home/dperez/Documents/Proyectos/laravel-sign/vendor/laravel/framework/src/Illuminate/Routing/Router.php(698): Illuminate\\Routing\\Router->runRouteWithinStack()
#19 /home/dperez/Documents/Proyectos/laravel-sign/vendor/laravel/framework/src/Illuminate/Routing/Router.php(662): Illuminate\\Routing\\Router->runRoute()
#20 /home/dperez/Documents/Proyectos/laravel-sign/vendor/laravel/framework/src/Illuminate/Routing/Router.php(651): Illuminate\\Routing\\Router->dispatchToRoute()
#21 /home/dperez/Documents/Proyectos/laravel-sign/vendor/laravel/framework/src/Illuminate/Foundation/Http/Kernel.php(167): Illuminate\\Routing\\Router->dispatch()
#22 /home/dperez/Documents/Proyectos/laravel-sign/vendor/laravel/framework/src/Illuminate/Pipeline/Pipeline.php(128): Illuminate\\Foundation\\Http\\Kernel->Illuminate\\Foundation\\Http\\{closure}()
#23 /home/dperez/Documents/Proyectos/laravel-sign/vendor/laravel/framework/src/Illuminate/Foundation/Http/Middleware/TransformsRequest.php(21): Illuminate\\Pipeline\\Pipeline->Illuminate\\Pipeline\\{closure}()
#24 /home/dperez/Documents/Proyectos/laravel-sign/vendor/laravel/framework/src/Illuminate/Foundation/Http/Middleware/ConvertEmptyStringsToNull.php(31): Illuminate\\Foundation\\Http\\Middleware\\TransformsRequest->handle()
#25 /home/dperez/Documents/Proyectos/laravel-sign/vendor/laravel/framework/src/Illuminate/Pipeline/Pipeline.php(167): Illuminate\\Foundation\\Http\\Middleware\\ConvertEmptyStringsToNull->handle()
#26 /home/dperez/Documents/Proyectos/laravel-sign/vendor/laravel/framework/src/Illuminate/Foundation/Http/Middleware/TransformsRequest.php(21): Illuminate\\Pipeline\\Pipeline->Illuminate\\Pipeline\\{closure}()
#27 /home/dperez/Documents/Proyectos/laravel-sign/vendor/laravel/framework/src/Illuminate/Foundation/Http/Middleware/TrimStrings.php(40): Illuminate\\Foundation\\Http\\Middleware\\TransformsRequest->handle()
#28 /home/dperez/Documents/Proyectos/laravel-sign/vendor/laravel/framework/src/Illuminate/Pipeline/Pipeline.php(167): Illuminate\\Foundation\\Http\\Middleware\\TrimStrings->handle()
#29 /home/dperez/Documents/Proyectos/laravel-sign/vendor/laravel/framework/src/Illuminate/Foundation/Http/Middleware/ValidatePostSize.php(27): Illuminate\\Pipeline\\Pipeline->Illuminate\\Pipeline\\{closure}()
#30 /home/dperez/Documents/Proyectos/laravel-sign/vendor/laravel/framework/src/Illuminate/Pipeline/Pipeline.php(167): Illuminate\\Foundation\\Http\\Middleware\\ValidatePostSize->handle()
#31 /home/dperez/Documents/Proyectos/laravel-sign/vendor/laravel/framework/src/Illuminate/Foundation/Http/Middleware/PreventRequestsDuringMaintenance.php(86): Illuminate\\Pipeline\\Pipeline->Illuminate\\Pipeline\\{closure}()
#32 /home/dperez/Documents/Proyectos/laravel-sign/vendor/laravel/framework/src/Illuminate/Pipeline/Pipeline.php(167): Illuminate\\Foundation\\Http\\Middleware\\PreventRequestsDuringMaintenance->handle()
#33 /home/dperez/Documents/Proyectos/laravel-sign/vendor/fruitcake/laravel-cors/src/HandleCors.php(52): Illuminate\\Pipeline\\Pipeline->Illuminate\\Pipeline\\{closure}()
#34 /home/dperez/Documents/Proyectos/laravel-sign/vendor/laravel/framework/src/Illuminate/Pipeline/Pipeline.php(167): Fruitcake\\Cors\\HandleCors->handle()
#35 /home/dperez/Documents/Proyectos/laravel-sign/vendor/laravel/framework/src/Illuminate/Http/Middleware/TrustProxies.php(39): Illuminate\\Pipeline\\Pipeline->Illuminate\\Pipeline\\{closure}()
#36 /home/dperez/Documents/Proyectos/laravel-sign/vendor/laravel/framework/src/Illuminate/Pipeline/Pipeline.php(167): Illuminate\\Http\\Middleware\\TrustProxies->handle()
#37 /home/dperez/Documents/Proyectos/laravel-sign/vendor/laravel/framework/src/Illuminate/Pipeline/Pipeline.php(103): Illuminate\\Pipeline\\Pipeline->Illuminate\\Pipeline\\{closure}()
#38 /home/dperez/Documents/Proyectos/laravel-sign/vendor/laravel/framework/src/Illuminate/Foundation/Http/Kernel.php(142): Illuminate\\Pipeline\\Pipeline->then()
#39 /home/dperez/Documents/Proyectos/laravel-sign/vendor/laravel/framework/src/Illuminate/Foundation/Http/Kernel.php(111): Illuminate\\Foundation\\Http\\Kernel->sendRequestThroughRouter()
#40 /home/dperez/Documents/Proyectos/laravel-sign/public/index.php(14): Illuminate\\Foundation\\Http\\Kernel->handle()
#41 /home/dperez/Documents/Proyectos/laravel-sign/server.php(21): require_once('...')
#42 {main}
"} 
[2025-05-28 08:53:28] local.ERROR: App\DTOs\Invoice\InvoiceData::App\DTOs\Invoice\{closure}(): Argument #1 ($observation) must be of type array, string given {"exception":"[object] (TypeError(code: 0): App\\DTOs\\Invoice\\InvoiceData::App\\DTOs\\Invoice\\{closure}(): Argument #1 ($observation) must be of type array, string given at /home/dperez/Documents/Proyectos/laravel-sign/app/DTOs/Invoice/InvoiceData.php:50)
[stacktrace]
#0 [internal function]: App\\DTOs\\Invoice\\InvoiceData::App\\DTOs\\Invoice\\{closure}()
#1 /home/dperez/Documents/Proyectos/laravel-sign/app/DTOs/Invoice/InvoiceData.php(49): array_map()
#2 /home/dperez/Documents/Proyectos/laravel-sign/app/DTOs/InvoiceDTO.php(26): App\\DTOs\\Invoice\\InvoiceData::from()
#3 /home/dperez/Documents/Proyectos/laravel-sign/app/Http/Controllers/InvoiceController.php(26): App\\DTOs\\InvoiceDTO::fromRequest()
#4 /home/dperez/Documents/Proyectos/laravel-sign/vendor/laravel/framework/src/Illuminate/Routing/Controller.php(54): App\\Http\\Controllers\\InvoiceController->createXML()
#5 /home/dperez/Documents/Proyectos/laravel-sign/vendor/laravel/framework/src/Illuminate/Routing/ControllerDispatcher.php(45): Illuminate\\Routing\\Controller->callAction()
#6 /home/dperez/Documents/Proyectos/laravel-sign/vendor/laravel/framework/src/Illuminate/Routing/Route.php(261): Illuminate\\Routing\\ControllerDispatcher->dispatch()
#7 /home/dperez/Documents/Proyectos/laravel-sign/vendor/laravel/framework/src/Illuminate/Routing/Route.php(205): Illuminate\\Routing\\Route->runController()
#8 /home/dperez/Documents/Proyectos/laravel-sign/vendor/laravel/framework/src/Illuminate/Routing/Router.php(721): Illuminate\\Routing\\Route->run()
#9 /home/dperez/Documents/Proyectos/laravel-sign/vendor/laravel/framework/src/Illuminate/Pipeline/Pipeline.php(128): Illuminate\\Routing\\Router->Illuminate\\Routing\\{closure}()
#10 /home/dperez/Documents/Proyectos/laravel-sign/vendor/laravel/framework/src/Illuminate/Routing/Middleware/SubstituteBindings.php(50): Illuminate\\Pipeline\\Pipeline->Illuminate\\Pipeline\\{closure}()
#11 /home/dperez/Documents/Proyectos/laravel-sign/vendor/laravel/framework/src/Illuminate/Pipeline/Pipeline.php(167): Illuminate\\Routing\\Middleware\\SubstituteBindings->handle()
#12 /home/dperez/Documents/Proyectos/laravel-sign/vendor/laravel/framework/src/Illuminate/Routing/Middleware/ThrottleRequests.php(127): Illuminate\\Pipeline\\Pipeline->Illuminate\\Pipeline\\{closure}()
#13 /home/dperez/Documents/Proyectos/laravel-sign/vendor/laravel/framework/src/Illuminate/Routing/Middleware/ThrottleRequests.php(93): Illuminate\\Routing\\Middleware\\ThrottleRequests->handleRequest()
#14 /home/dperez/Documents/Proyectos/laravel-sign/vendor/laravel/framework/src/Illuminate/Routing/Middleware/ThrottleRequests.php(55): Illuminate\\Routing\\Middleware\\ThrottleRequests->handleRequestUsingNamedLimiter()
#15 /home/dperez/Documents/Proyectos/laravel-sign/vendor/laravel/framework/src/Illuminate/Pipeline/Pipeline.php(167): Illuminate\\Routing\\Middleware\\ThrottleRequests->handle()
#16 /home/dperez/Documents/Proyectos/laravel-sign/vendor/laravel/framework/src/Illuminate/Pipeline/Pipeline.php(103): Illuminate\\Pipeline\\Pipeline->Illuminate\\Pipeline\\{closure}()
#17 /home/dperez/Documents/Proyectos/laravel-sign/vendor/laravel/framework/src/Illuminate/Routing/Router.php(719): Illuminate\\Pipeline\\Pipeline->then()
#18 /home/dperez/Documents/Proyectos/laravel-sign/vendor/laravel/framework/src/Illuminate/Routing/Router.php(698): Illuminate\\Routing\\Router->runRouteWithinStack()
#19 /home/dperez/Documents/Proyectos/laravel-sign/vendor/laravel/framework/src/Illuminate/Routing/Router.php(662): Illuminate\\Routing\\Router->runRoute()
#20 /home/dperez/Documents/Proyectos/laravel-sign/vendor/laravel/framework/src/Illuminate/Routing/Router.php(651): Illuminate\\Routing\\Router->dispatchToRoute()
#21 /home/dperez/Documents/Proyectos/laravel-sign/vendor/laravel/framework/src/Illuminate/Foundation/Http/Kernel.php(167): Illuminate\\Routing\\Router->dispatch()
#22 /home/dperez/Documents/Proyectos/laravel-sign/vendor/laravel/framework/src/Illuminate/Pipeline/Pipeline.php(128): Illuminate\\Foundation\\Http\\Kernel->Illuminate\\Foundation\\Http\\{closure}()
#23 /home/dperez/Documents/Proyectos/laravel-sign/vendor/laravel/framework/src/Illuminate/Foundation/Http/Middleware/TransformsRequest.php(21): Illuminate\\Pipeline\\Pipeline->Illuminate\\Pipeline\\{closure}()
#24 /home/dperez/Documents/Proyectos/laravel-sign/vendor/laravel/framework/src/Illuminate/Foundation/Http/Middleware/ConvertEmptyStringsToNull.php(31): Illuminate\\Foundation\\Http\\Middleware\\TransformsRequest->handle()
#25 /home/dperez/Documents/Proyectos/laravel-sign/vendor/laravel/framework/src/Illuminate/Pipeline/Pipeline.php(167): Illuminate\\Foundation\\Http\\Middleware\\ConvertEmptyStringsToNull->handle()
#26 /home/dperez/Documents/Proyectos/laravel-sign/vendor/laravel/framework/src/Illuminate/Foundation/Http/Middleware/TransformsRequest.php(21): Illuminate\\Pipeline\\Pipeline->Illuminate\\Pipeline\\{closure}()
#27 /home/dperez/Documents/Proyectos/laravel-sign/vendor/laravel/framework/src/Illuminate/Foundation/Http/Middleware/TrimStrings.php(40): Illuminate\\Foundation\\Http\\Middleware\\TransformsRequest->handle()
#28 /home/dperez/Documents/Proyectos/laravel-sign/vendor/laravel/framework/src/Illuminate/Pipeline/Pipeline.php(167): Illuminate\\Foundation\\Http\\Middleware\\TrimStrings->handle()
#29 /home/dperez/Documents/Proyectos/laravel-sign/vendor/laravel/framework/src/Illuminate/Foundation/Http/Middleware/ValidatePostSize.php(27): Illuminate\\Pipeline\\Pipeline->Illuminate\\Pipeline\\{closure}()
#30 /home/dperez/Documents/Proyectos/laravel-sign/vendor/laravel/framework/src/Illuminate/Pipeline/Pipeline.php(167): Illuminate\\Foundation\\Http\\Middleware\\ValidatePostSize->handle()
#31 /home/dperez/Documents/Proyectos/laravel-sign/vendor/laravel/framework/src/Illuminate/Foundation/Http/Middleware/PreventRequestsDuringMaintenance.php(86): Illuminate\\Pipeline\\Pipeline->Illuminate\\Pipeline\\{closure}()
#32 /home/dperez/Documents/Proyectos/laravel-sign/vendor/laravel/framework/src/Illuminate/Pipeline/Pipeline.php(167): Illuminate\\Foundation\\Http\\Middleware\\PreventRequestsDuringMaintenance->handle()
#33 /home/dperez/Documents/Proyectos/laravel-sign/vendor/fruitcake/laravel-cors/src/HandleCors.php(52): Illuminate\\Pipeline\\Pipeline->Illuminate\\Pipeline\\{closure}()
#34 /home/dperez/Documents/Proyectos/laravel-sign/vendor/laravel/framework/src/Illuminate/Pipeline/Pipeline.php(167): Fruitcake\\Cors\\HandleCors->handle()
#35 /home/dperez/Documents/Proyectos/laravel-sign/vendor/laravel/framework/src/Illuminate/Http/Middleware/TrustProxies.php(39): Illuminate\\Pipeline\\Pipeline->Illuminate\\Pipeline\\{closure}()
#36 /home/dperez/Documents/Proyectos/laravel-sign/vendor/laravel/framework/src/Illuminate/Pipeline/Pipeline.php(167): Illuminate\\Http\\Middleware\\TrustProxies->handle()
#37 /home/dperez/Documents/Proyectos/laravel-sign/vendor/laravel/framework/src/Illuminate/Pipeline/Pipeline.php(103): Illuminate\\Pipeline\\Pipeline->Illuminate\\Pipeline\\{closure}()
#38 /home/dperez/Documents/Proyectos/laravel-sign/vendor/laravel/framework/src/Illuminate/Foundation/Http/Kernel.php(142): Illuminate\\Pipeline\\Pipeline->then()
#39 /home/dperez/Documents/Proyectos/laravel-sign/vendor/laravel/framework/src/Illuminate/Foundation/Http/Kernel.php(111): Illuminate\\Foundation\\Http\\Kernel->sendRequestThroughRouter()
#40 /home/dperez/Documents/Proyectos/laravel-sign/public/index.php(14): Illuminate\\Foundation\\Http\\Kernel->handle()
#41 /home/dperez/Documents/Proyectos/laravel-sign/server.php(21): require_once('...')
#42 {main}
"} 
[2025-05-28 08:53:55] local.ERROR: syntax error, unexpected token ")", expecting identifier or variable or "{" or "$" {"exception":"[object] (ParseError(code: 0): syntax error, unexpected token \")\", expecting identifier or variable or \"{\" or \"$\" at /home/dperez/Documents/Proyectos/laravel-sign/app/Http/Controllers/InvoiceController.php:112)
[stacktrace]
#0 /home/dperez/Documents/Proyectos/laravel-sign/vendor/composer/ClassLoader.php(427): Composer\\Autoload\\{closure}()
#1 [internal function]: Composer\\Autoload\\ClassLoader->loadClass()
#2 /home/dperez/Documents/Proyectos/laravel-sign/vendor/laravel/framework/src/Illuminate/Container/Container.php(877): ReflectionClass->__construct()
#3 /home/dperez/Documents/Proyectos/laravel-sign/vendor/laravel/framework/src/Illuminate/Container/Container.php(758): Illuminate\\Container\\Container->build()
#4 /home/dperez/Documents/Proyectos/laravel-sign/vendor/laravel/framework/src/Illuminate/Foundation/Application.php(853): Illuminate\\Container\\Container->resolve()
#5 /home/dperez/Documents/Proyectos/laravel-sign/vendor/laravel/framework/src/Illuminate/Container/Container.php(694): Illuminate\\Foundation\\Application->resolve()
#6 /home/dperez/Documents/Proyectos/laravel-sign/vendor/laravel/framework/src/Illuminate/Foundation/Application.php(838): Illuminate\\Container\\Container->make()
#7 /home/dperez/Documents/Proyectos/laravel-sign/vendor/laravel/framework/src/Illuminate/Routing/Route.php(276): Illuminate\\Foundation\\Application->make()
#8 /home/dperez/Documents/Proyectos/laravel-sign/vendor/laravel/framework/src/Illuminate/Routing/Route.php(1080): Illuminate\\Routing\\Route->getController()
#9 /home/dperez/Documents/Proyectos/laravel-sign/vendor/laravel/framework/src/Illuminate/Routing/Route.php(1023): Illuminate\\Routing\\Route->controllerMiddleware()
#10 /home/dperez/Documents/Proyectos/laravel-sign/vendor/laravel/framework/src/Illuminate/Routing/Router.php(734): Illuminate\\Routing\\Route->gatherMiddleware()
#11 /home/dperez/Documents/Proyectos/laravel-sign/vendor/laravel/framework/src/Illuminate/Routing/Router.php(714): Illuminate\\Routing\\Router->gatherRouteMiddleware()
#12 /home/dperez/Documents/Proyectos/laravel-sign/vendor/laravel/framework/src/Illuminate/Routing/Router.php(698): Illuminate\\Routing\\Router->runRouteWithinStack()
#13 /home/dperez/Documents/Proyectos/laravel-sign/vendor/laravel/framework/src/Illuminate/Routing/Router.php(662): Illuminate\\Routing\\Router->runRoute()
#14 /home/dperez/Documents/Proyectos/laravel-sign/vendor/laravel/framework/src/Illuminate/Routing/Router.php(651): Illuminate\\Routing\\Router->dispatchToRoute()
#15 /home/dperez/Documents/Proyectos/laravel-sign/vendor/laravel/framework/src/Illuminate/Foundation/Http/Kernel.php(167): Illuminate\\Routing\\Router->dispatch()
#16 /home/dperez/Documents/Proyectos/laravel-sign/vendor/laravel/framework/src/Illuminate/Pipeline/Pipeline.php(128): Illuminate\\Foundation\\Http\\Kernel->Illuminate\\Foundation\\Http\\{closure}()
#17 /home/dperez/Documents/Proyectos/laravel-sign/vendor/laravel/framework/src/Illuminate/Foundation/Http/Middleware/TransformsRequest.php(21): Illuminate\\Pipeline\\Pipeline->Illuminate\\Pipeline\\{closure}()
#18 /home/dperez/Documents/Proyectos/laravel-sign/vendor/laravel/framework/src/Illuminate/Foundation/Http/Middleware/ConvertEmptyStringsToNull.php(31): Illuminate\\Foundation\\Http\\Middleware\\TransformsRequest->handle()
#19 /home/dperez/Documents/Proyectos/laravel-sign/vendor/laravel/framework/src/Illuminate/Pipeline/Pipeline.php(167): Illuminate\\Foundation\\Http\\Middleware\\ConvertEmptyStringsToNull->handle()
#20 /home/dperez/Documents/Proyectos/laravel-sign/vendor/laravel/framework/src/Illuminate/Foundation/Http/Middleware/TransformsRequest.php(21): Illuminate\\Pipeline\\Pipeline->Illuminate\\Pipeline\\{closure}()
#21 /home/dperez/Documents/Proyectos/laravel-sign/vendor/laravel/framework/src/Illuminate/Foundation/Http/Middleware/TrimStrings.php(40): Illuminate\\Foundation\\Http\\Middleware\\TransformsRequest->handle()
#22 /home/dperez/Documents/Proyectos/laravel-sign/vendor/laravel/framework/src/Illuminate/Pipeline/Pipeline.php(167): Illuminate\\Foundation\\Http\\Middleware\\TrimStrings->handle()
#23 /home/dperez/Documents/Proyectos/laravel-sign/vendor/laravel/framework/src/Illuminate/Foundation/Http/Middleware/ValidatePostSize.php(27): Illuminate\\Pipeline\\Pipeline->Illuminate\\Pipeline\\{closure}()
#24 /home/dperez/Documents/Proyectos/laravel-sign/vendor/laravel/framework/src/Illuminate/Pipeline/Pipeline.php(167): Illuminate\\Foundation\\Http\\Middleware\\ValidatePostSize->handle()
#25 /home/dperez/Documents/Proyectos/laravel-sign/vendor/laravel/framework/src/Illuminate/Foundation/Http/Middleware/PreventRequestsDuringMaintenance.php(86): Illuminate\\Pipeline\\Pipeline->Illuminate\\Pipeline\\{closure}()
#26 /home/dperez/Documents/Proyectos/laravel-sign/vendor/laravel/framework/src/Illuminate/Pipeline/Pipeline.php(167): Illuminate\\Foundation\\Http\\Middleware\\PreventRequestsDuringMaintenance->handle()
#27 /home/dperez/Documents/Proyectos/laravel-sign/vendor/fruitcake/laravel-cors/src/HandleCors.php(52): Illuminate\\Pipeline\\Pipeline->Illuminate\\Pipeline\\{closure}()
#28 /home/dperez/Documents/Proyectos/laravel-sign/vendor/laravel/framework/src/Illuminate/Pipeline/Pipeline.php(167): Fruitcake\\Cors\\HandleCors->handle()
#29 /home/dperez/Documents/Proyectos/laravel-sign/vendor/laravel/framework/src/Illuminate/Http/Middleware/TrustProxies.php(39): Illuminate\\Pipeline\\Pipeline->Illuminate\\Pipeline\\{closure}()
#30 /home/dperez/Documents/Proyectos/laravel-sign/vendor/laravel/framework/src/Illuminate/Pipeline/Pipeline.php(167): Illuminate\\Http\\Middleware\\TrustProxies->handle()
#31 /home/dperez/Documents/Proyectos/laravel-sign/vendor/laravel/framework/src/Illuminate/Pipeline/Pipeline.php(103): Illuminate\\Pipeline\\Pipeline->Illuminate\\Pipeline\\{closure}()
#32 /home/dperez/Documents/Proyectos/laravel-sign/vendor/laravel/framework/src/Illuminate/Foundation/Http/Kernel.php(142): Illuminate\\Pipeline\\Pipeline->then()
#33 /home/dperez/Documents/Proyectos/laravel-sign/vendor/laravel/framework/src/Illuminate/Foundation/Http/Kernel.php(111): Illuminate\\Foundation\\Http\\Kernel->sendRequestThroughRouter()
#34 /home/dperez/Documents/Proyectos/laravel-sign/public/index.php(14): Illuminate\\Foundation\\Http\\Kernel->handle()
#35 /home/dperez/Documents/Proyectos/laravel-sign/server.php(21): require_once('...')
#36 {main}
"} 
[2025-05-28 08:54:22] local.ERROR: syntax error, unexpected token ")", expecting identifier or variable or "{" or "$" {"exception":"[object] (ParseError(code: 0): syntax error, unexpected token \")\", expecting identifier or variable or \"{\" or \"$\" at /home/dperez/Documents/Proyectos/laravel-sign/app/Http/Controllers/InvoiceController.php:113)
[stacktrace]
#0 /home/dperez/Documents/Proyectos/laravel-sign/vendor/composer/ClassLoader.php(427): Composer\\Autoload\\{closure}()
#1 [internal function]: Composer\\Autoload\\ClassLoader->loadClass()
#2 /home/dperez/Documents/Proyectos/laravel-sign/vendor/laravel/framework/src/Illuminate/Container/Container.php(877): ReflectionClass->__construct()
#3 /home/dperez/Documents/Proyectos/laravel-sign/vendor/laravel/framework/src/Illuminate/Container/Container.php(758): Illuminate\\Container\\Container->build()
#4 /home/dperez/Documents/Proyectos/laravel-sign/vendor/laravel/framework/src/Illuminate/Foundation/Application.php(853): Illuminate\\Container\\Container->resolve()
#5 /home/dperez/Documents/Proyectos/laravel-sign/vendor/laravel/framework/src/Illuminate/Container/Container.php(694): Illuminate\\Foundation\\Application->resolve()
#6 /home/dperez/Documents/Proyectos/laravel-sign/vendor/laravel/framework/src/Illuminate/Foundation/Application.php(838): Illuminate\\Container\\Container->make()
#7 /home/dperez/Documents/Proyectos/laravel-sign/vendor/laravel/framework/src/Illuminate/Routing/Route.php(276): Illuminate\\Foundation\\Application->make()
#8 /home/dperez/Documents/Proyectos/laravel-sign/vendor/laravel/framework/src/Illuminate/Routing/Route.php(1080): Illuminate\\Routing\\Route->getController()
#9 /home/dperez/Documents/Proyectos/laravel-sign/vendor/laravel/framework/src/Illuminate/Routing/Route.php(1023): Illuminate\\Routing\\Route->controllerMiddleware()
#10 /home/dperez/Documents/Proyectos/laravel-sign/vendor/laravel/framework/src/Illuminate/Routing/Router.php(734): Illuminate\\Routing\\Route->gatherMiddleware()
#11 /home/dperez/Documents/Proyectos/laravel-sign/vendor/laravel/framework/src/Illuminate/Routing/Router.php(714): Illuminate\\Routing\\Router->gatherRouteMiddleware()
#12 /home/dperez/Documents/Proyectos/laravel-sign/vendor/laravel/framework/src/Illuminate/Routing/Router.php(698): Illuminate\\Routing\\Router->runRouteWithinStack()
#13 /home/dperez/Documents/Proyectos/laravel-sign/vendor/laravel/framework/src/Illuminate/Routing/Router.php(662): Illuminate\\Routing\\Router->runRoute()
#14 /home/dperez/Documents/Proyectos/laravel-sign/vendor/laravel/framework/src/Illuminate/Routing/Router.php(651): Illuminate\\Routing\\Router->dispatchToRoute()
#15 /home/dperez/Documents/Proyectos/laravel-sign/vendor/laravel/framework/src/Illuminate/Foundation/Http/Kernel.php(167): Illuminate\\Routing\\Router->dispatch()
#16 /home/dperez/Documents/Proyectos/laravel-sign/vendor/laravel/framework/src/Illuminate/Pipeline/Pipeline.php(128): Illuminate\\Foundation\\Http\\Kernel->Illuminate\\Foundation\\Http\\{closure}()
#17 /home/dperez/Documents/Proyectos/laravel-sign/vendor/laravel/framework/src/Illuminate/Foundation/Http/Middleware/TransformsRequest.php(21): Illuminate\\Pipeline\\Pipeline->Illuminate\\Pipeline\\{closure}()
#18 /home/dperez/Documents/Proyectos/laravel-sign/vendor/laravel/framework/src/Illuminate/Foundation/Http/Middleware/ConvertEmptyStringsToNull.php(31): Illuminate\\Foundation\\Http\\Middleware\\TransformsRequest->handle()
#19 /home/dperez/Documents/Proyectos/laravel-sign/vendor/laravel/framework/src/Illuminate/Pipeline/Pipeline.php(167): Illuminate\\Foundation\\Http\\Middleware\\ConvertEmptyStringsToNull->handle()
#20 /home/dperez/Documents/Proyectos/laravel-sign/vendor/laravel/framework/src/Illuminate/Foundation/Http/Middleware/TransformsRequest.php(21): Illuminate\\Pipeline\\Pipeline->Illuminate\\Pipeline\\{closure}()
#21 /home/dperez/Documents/Proyectos/laravel-sign/vendor/laravel/framework/src/Illuminate/Foundation/Http/Middleware/TrimStrings.php(40): Illuminate\\Foundation\\Http\\Middleware\\TransformsRequest->handle()
#22 /home/dperez/Documents/Proyectos/laravel-sign/vendor/laravel/framework/src/Illuminate/Pipeline/Pipeline.php(167): Illuminate\\Foundation\\Http\\Middleware\\TrimStrings->handle()
#23 /home/dperez/Documents/Proyectos/laravel-sign/vendor/laravel/framework/src/Illuminate/Foundation/Http/Middleware/ValidatePostSize.php(27): Illuminate\\Pipeline\\Pipeline->Illuminate\\Pipeline\\{closure}()
#24 /home/dperez/Documents/Proyectos/laravel-sign/vendor/laravel/framework/src/Illuminate/Pipeline/Pipeline.php(167): Illuminate\\Foundation\\Http\\Middleware\\ValidatePostSize->handle()
#25 /home/dperez/Documents/Proyectos/laravel-sign/vendor/laravel/framework/src/Illuminate/Foundation/Http/Middleware/PreventRequestsDuringMaintenance.php(86): Illuminate\\Pipeline\\Pipeline->Illuminate\\Pipeline\\{closure}()
#26 /home/dperez/Documents/Proyectos/laravel-sign/vendor/laravel/framework/src/Illuminate/Pipeline/Pipeline.php(167): Illuminate\\Foundation\\Http\\Middleware\\PreventRequestsDuringMaintenance->handle()
#27 /home/dperez/Documents/Proyectos/laravel-sign/vendor/fruitcake/laravel-cors/src/HandleCors.php(52): Illuminate\\Pipeline\\Pipeline->Illuminate\\Pipeline\\{closure}()
#28 /home/dperez/Documents/Proyectos/laravel-sign/vendor/laravel/framework/src/Illuminate/Pipeline/Pipeline.php(167): Fruitcake\\Cors\\HandleCors->handle()
#29 /home/dperez/Documents/Proyectos/laravel-sign/vendor/laravel/framework/src/Illuminate/Http/Middleware/TrustProxies.php(39): Illuminate\\Pipeline\\Pipeline->Illuminate\\Pipeline\\{closure}()
#30 /home/dperez/Documents/Proyectos/laravel-sign/vendor/laravel/framework/src/Illuminate/Pipeline/Pipeline.php(167): Illuminate\\Http\\Middleware\\TrustProxies->handle()
#31 /home/dperez/Documents/Proyectos/laravel-sign/vendor/laravel/framework/src/Illuminate/Pipeline/Pipeline.php(103): Illuminate\\Pipeline\\Pipeline->Illuminate\\Pipeline\\{closure}()
#32 /home/dperez/Documents/Proyectos/laravel-sign/vendor/laravel/framework/src/Illuminate/Foundation/Http/Kernel.php(142): Illuminate\\Pipeline\\Pipeline->then()
#33 /home/dperez/Documents/Proyectos/laravel-sign/vendor/laravel/framework/src/Illuminate/Foundation/Http/Kernel.php(111): Illuminate\\Foundation\\Http\\Kernel->sendRequestThroughRouter()
#34 /home/dperez/Documents/Proyectos/laravel-sign/public/index.php(14): Illuminate\\Foundation\\Http\\Kernel->handle()
#35 /home/dperez/Documents/Proyectos/laravel-sign/server.php(21): require_once('...')
#36 {main}
"} 
[2025-05-28 08:54:43] local.ERROR: syntax error, unexpected token ")", expecting identifier or variable or "{" or "$" {"exception":"[object] (ParseError(code: 0): syntax error, unexpected token \")\", expecting identifier or variable or \"{\" or \"$\" at /home/dperez/Documents/Proyectos/laravel-sign/app/Http/Controllers/InvoiceController.php:114)
[stacktrace]
#0 /home/dperez/Documents/Proyectos/laravel-sign/vendor/composer/ClassLoader.php(427): Composer\\Autoload\\{closure}()
#1 [internal function]: Composer\\Autoload\\ClassLoader->loadClass()
#2 /home/dperez/Documents/Proyectos/laravel-sign/vendor/laravel/framework/src/Illuminate/Container/Container.php(877): ReflectionClass->__construct()
#3 /home/dperez/Documents/Proyectos/laravel-sign/vendor/laravel/framework/src/Illuminate/Container/Container.php(758): Illuminate\\Container\\Container->build()
#4 /home/dperez/Documents/Proyectos/laravel-sign/vendor/laravel/framework/src/Illuminate/Foundation/Application.php(853): Illuminate\\Container\\Container->resolve()
#5 /home/dperez/Documents/Proyectos/laravel-sign/vendor/laravel/framework/src/Illuminate/Container/Container.php(694): Illuminate\\Foundation\\Application->resolve()
#6 /home/dperez/Documents/Proyectos/laravel-sign/vendor/laravel/framework/src/Illuminate/Foundation/Application.php(838): Illuminate\\Container\\Container->make()
#7 /home/dperez/Documents/Proyectos/laravel-sign/vendor/laravel/framework/src/Illuminate/Routing/Route.php(276): Illuminate\\Foundation\\Application->make()
#8 /home/dperez/Documents/Proyectos/laravel-sign/vendor/laravel/framework/src/Illuminate/Routing/Route.php(1080): Illuminate\\Routing\\Route->getController()
#9 /home/dperez/Documents/Proyectos/laravel-sign/vendor/laravel/framework/src/Illuminate/Routing/Route.php(1023): Illuminate\\Routing\\Route->controllerMiddleware()
#10 /home/dperez/Documents/Proyectos/laravel-sign/vendor/laravel/framework/src/Illuminate/Routing/Router.php(734): Illuminate\\Routing\\Route->gatherMiddleware()
#11 /home/dperez/Documents/Proyectos/laravel-sign/vendor/laravel/framework/src/Illuminate/Routing/Router.php(714): Illuminate\\Routing\\Router->gatherRouteMiddleware()
#12 /home/dperez/Documents/Proyectos/laravel-sign/vendor/laravel/framework/src/Illuminate/Routing/Router.php(698): Illuminate\\Routing\\Router->runRouteWithinStack()
#13 /home/dperez/Documents/Proyectos/laravel-sign/vendor/laravel/framework/src/Illuminate/Routing/Router.php(662): Illuminate\\Routing\\Router->runRoute()
#14 /home/dperez/Documents/Proyectos/laravel-sign/vendor/laravel/framework/src/Illuminate/Routing/Router.php(651): Illuminate\\Routing\\Router->dispatchToRoute()
#15 /home/dperez/Documents/Proyectos/laravel-sign/vendor/laravel/framework/src/Illuminate/Foundation/Http/Kernel.php(167): Illuminate\\Routing\\Router->dispatch()
#16 /home/dperez/Documents/Proyectos/laravel-sign/vendor/laravel/framework/src/Illuminate/Pipeline/Pipeline.php(128): Illuminate\\Foundation\\Http\\Kernel->Illuminate\\Foundation\\Http\\{closure}()
#17 /home/dperez/Documents/Proyectos/laravel-sign/vendor/laravel/framework/src/Illuminate/Foundation/Http/Middleware/TransformsRequest.php(21): Illuminate\\Pipeline\\Pipeline->Illuminate\\Pipeline\\{closure}()
#18 /home/dperez/Documents/Proyectos/laravel-sign/vendor/laravel/framework/src/Illuminate/Foundation/Http/Middleware/ConvertEmptyStringsToNull.php(31): Illuminate\\Foundation\\Http\\Middleware\\TransformsRequest->handle()
#19 /home/dperez/Documents/Proyectos/laravel-sign/vendor/laravel/framework/src/Illuminate/Pipeline/Pipeline.php(167): Illuminate\\Foundation\\Http\\Middleware\\ConvertEmptyStringsToNull->handle()
#20 /home/dperez/Documents/Proyectos/laravel-sign/vendor/laravel/framework/src/Illuminate/Foundation/Http/Middleware/TransformsRequest.php(21): Illuminate\\Pipeline\\Pipeline->Illuminate\\Pipeline\\{closure}()
#21 /home/dperez/Documents/Proyectos/laravel-sign/vendor/laravel/framework/src/Illuminate/Foundation/Http/Middleware/TrimStrings.php(40): Illuminate\\Foundation\\Http\\Middleware\\TransformsRequest->handle()
#22 /home/dperez/Documents/Proyectos/laravel-sign/vendor/laravel/framework/src/Illuminate/Pipeline/Pipeline.php(167): Illuminate\\Foundation\\Http\\Middleware\\TrimStrings->handle()
#23 /home/dperez/Documents/Proyectos/laravel-sign/vendor/laravel/framework/src/Illuminate/Foundation/Http/Middleware/ValidatePostSize.php(27): Illuminate\\Pipeline\\Pipeline->Illuminate\\Pipeline\\{closure}()
#24 /home/dperez/Documents/Proyectos/laravel-sign/vendor/laravel/framework/src/Illuminate/Pipeline/Pipeline.php(167): Illuminate\\Foundation\\Http\\Middleware\\ValidatePostSize->handle()
#25 /home/dperez/Documents/Proyectos/laravel-sign/vendor/laravel/framework/src/Illuminate/Foundation/Http/Middleware/PreventRequestsDuringMaintenance.php(86): Illuminate\\Pipeline\\Pipeline->Illuminate\\Pipeline\\{closure}()
#26 /home/dperez/Documents/Proyectos/laravel-sign/vendor/laravel/framework/src/Illuminate/Pipeline/Pipeline.php(167): Illuminate\\Foundation\\Http\\Middleware\\PreventRequestsDuringMaintenance->handle()
#27 /home/dperez/Documents/Proyectos/laravel-sign/vendor/fruitcake/laravel-cors/src/HandleCors.php(52): Illuminate\\Pipeline\\Pipeline->Illuminate\\Pipeline\\{closure}()
#28 /home/dperez/Documents/Proyectos/laravel-sign/vendor/laravel/framework/src/Illuminate/Pipeline/Pipeline.php(167): Fruitcake\\Cors\\HandleCors->handle()
#29 /home/dperez/Documents/Proyectos/laravel-sign/vendor/laravel/framework/src/Illuminate/Http/Middleware/TrustProxies.php(39): Illuminate\\Pipeline\\Pipeline->Illuminate\\Pipeline\\{closure}()
#30 /home/dperez/Documents/Proyectos/laravel-sign/vendor/laravel/framework/src/Illuminate/Pipeline/Pipeline.php(167): Illuminate\\Http\\Middleware\\TrustProxies->handle()
#31 /home/dperez/Documents/Proyectos/laravel-sign/vendor/laravel/framework/src/Illuminate/Pipeline/Pipeline.php(103): Illuminate\\Pipeline\\Pipeline->Illuminate\\Pipeline\\{closure}()
#32 /home/dperez/Documents/Proyectos/laravel-sign/vendor/laravel/framework/src/Illuminate/Foundation/Http/Kernel.php(142): Illuminate\\Pipeline\\Pipeline->then()
#33 /home/dperez/Documents/Proyectos/laravel-sign/vendor/laravel/framework/src/Illuminate/Foundation/Http/Kernel.php(111): Illuminate\\Foundation\\Http\\Kernel->sendRequestThroughRouter()
#34 /home/dperez/Documents/Proyectos/laravel-sign/public/index.php(14): Illuminate\\Foundation\\Http\\Kernel->handle()
#35 /home/dperez/Documents/Proyectos/laravel-sign/server.php(21): require_once('...')
#36 {main}
"} 
[2025-05-28 08:55:01] local.ERROR: syntax error, unexpected token ")", expecting identifier or variable or "{" or "$" {"exception":"[object] (ParseError(code: 0): syntax error, unexpected token \")\", expecting identifier or variable or \"{\" or \"$\" at /home/dperez/Documents/Proyectos/laravel-sign/app/Http/Controllers/InvoiceController.php:114)
[stacktrace]
#0 /home/dperez/Documents/Proyectos/laravel-sign/vendor/composer/ClassLoader.php(427): Composer\\Autoload\\{closure}()
#1 [internal function]: Composer\\Autoload\\ClassLoader->loadClass()
#2 /home/dperez/Documents/Proyectos/laravel-sign/vendor/laravel/framework/src/Illuminate/Container/Container.php(877): ReflectionClass->__construct()
#3 /home/dperez/Documents/Proyectos/laravel-sign/vendor/laravel/framework/src/Illuminate/Container/Container.php(758): Illuminate\\Container\\Container->build()
#4 /home/dperez/Documents/Proyectos/laravel-sign/vendor/laravel/framework/src/Illuminate/Foundation/Application.php(853): Illuminate\\Container\\Container->resolve()
#5 /home/dperez/Documents/Proyectos/laravel-sign/vendor/laravel/framework/src/Illuminate/Container/Container.php(694): Illuminate\\Foundation\\Application->resolve()
#6 /home/dperez/Documents/Proyectos/laravel-sign/vendor/laravel/framework/src/Illuminate/Foundation/Application.php(838): Illuminate\\Container\\Container->make()
#7 /home/dperez/Documents/Proyectos/laravel-sign/vendor/laravel/framework/src/Illuminate/Routing/Route.php(276): Illuminate\\Foundation\\Application->make()
#8 /home/dperez/Documents/Proyectos/laravel-sign/vendor/laravel/framework/src/Illuminate/Routing/Route.php(1080): Illuminate\\Routing\\Route->getController()
#9 /home/dperez/Documents/Proyectos/laravel-sign/vendor/laravel/framework/src/Illuminate/Routing/Route.php(1023): Illuminate\\Routing\\Route->controllerMiddleware()
#10 /home/dperez/Documents/Proyectos/laravel-sign/vendor/laravel/framework/src/Illuminate/Routing/Router.php(734): Illuminate\\Routing\\Route->gatherMiddleware()
#11 /home/dperez/Documents/Proyectos/laravel-sign/vendor/laravel/framework/src/Illuminate/Routing/Router.php(714): Illuminate\\Routing\\Router->gatherRouteMiddleware()
#12 /home/dperez/Documents/Proyectos/laravel-sign/vendor/laravel/framework/src/Illuminate/Routing/Router.php(698): Illuminate\\Routing\\Router->runRouteWithinStack()
#13 /home/dperez/Documents/Proyectos/laravel-sign/vendor/laravel/framework/src/Illuminate/Routing/Router.php(662): Illuminate\\Routing\\Router->runRoute()
#14 /home/dperez/Documents/Proyectos/laravel-sign/vendor/laravel/framework/src/Illuminate/Routing/Router.php(651): Illuminate\\Routing\\Router->dispatchToRoute()
#15 /home/dperez/Documents/Proyectos/laravel-sign/vendor/laravel/framework/src/Illuminate/Foundation/Http/Kernel.php(167): Illuminate\\Routing\\Router->dispatch()
#16 /home/dperez/Documents/Proyectos/laravel-sign/vendor/laravel/framework/src/Illuminate/Pipeline/Pipeline.php(128): Illuminate\\Foundation\\Http\\Kernel->Illuminate\\Foundation\\Http\\{closure}()
#17 /home/dperez/Documents/Proyectos/laravel-sign/vendor/laravel/framework/src/Illuminate/Foundation/Http/Middleware/TransformsRequest.php(21): Illuminate\\Pipeline\\Pipeline->Illuminate\\Pipeline\\{closure}()
#18 /home/dperez/Documents/Proyectos/laravel-sign/vendor/laravel/framework/src/Illuminate/Foundation/Http/Middleware/ConvertEmptyStringsToNull.php(31): Illuminate\\Foundation\\Http\\Middleware\\TransformsRequest->handle()
#19 /home/dperez/Documents/Proyectos/laravel-sign/vendor/laravel/framework/src/Illuminate/Pipeline/Pipeline.php(167): Illuminate\\Foundation\\Http\\Middleware\\ConvertEmptyStringsToNull->handle()
#20 /home/dperez/Documents/Proyectos/laravel-sign/vendor/laravel/framework/src/Illuminate/Foundation/Http/Middleware/TransformsRequest.php(21): Illuminate\\Pipeline\\Pipeline->Illuminate\\Pipeline\\{closure}()
#21 /home/dperez/Documents/Proyectos/laravel-sign/vendor/laravel/framework/src/Illuminate/Foundation/Http/Middleware/TrimStrings.php(40): Illuminate\\Foundation\\Http\\Middleware\\TransformsRequest->handle()
#22 /home/dperez/Documents/Proyectos/laravel-sign/vendor/laravel/framework/src/Illuminate/Pipeline/Pipeline.php(167): Illuminate\\Foundation\\Http\\Middleware\\TrimStrings->handle()
#23 /home/dperez/Documents/Proyectos/laravel-sign/vendor/laravel/framework/src/Illuminate/Foundation/Http/Middleware/ValidatePostSize.php(27): Illuminate\\Pipeline\\Pipeline->Illuminate\\Pipeline\\{closure}()
#24 /home/dperez/Documents/Proyectos/laravel-sign/vendor/laravel/framework/src/Illuminate/Pipeline/Pipeline.php(167): Illuminate\\Foundation\\Http\\Middleware\\ValidatePostSize->handle()
#25 /home/dperez/Documents/Proyectos/laravel-sign/vendor/laravel/framework/src/Illuminate/Foundation/Http/Middleware/PreventRequestsDuringMaintenance.php(86): Illuminate\\Pipeline\\Pipeline->Illuminate\\Pipeline\\{closure}()
#26 /home/dperez/Documents/Proyectos/laravel-sign/vendor/laravel/framework/src/Illuminate/Pipeline/Pipeline.php(167): Illuminate\\Foundation\\Http\\Middleware\\PreventRequestsDuringMaintenance->handle()
#27 /home/dperez/Documents/Proyectos/laravel-sign/vendor/fruitcake/laravel-cors/src/HandleCors.php(52): Illuminate\\Pipeline\\Pipeline->Illuminate\\Pipeline\\{closure}()
#28 /home/dperez/Documents/Proyectos/laravel-sign/vendor/laravel/framework/src/Illuminate/Pipeline/Pipeline.php(167): Fruitcake\\Cors\\HandleCors->handle()
#29 /home/dperez/Documents/Proyectos/laravel-sign/vendor/laravel/framework/src/Illuminate/Http/Middleware/TrustProxies.php(39): Illuminate\\Pipeline\\Pipeline->Illuminate\\Pipeline\\{closure}()
#30 /home/dperez/Documents/Proyectos/laravel-sign/vendor/laravel/framework/src/Illuminate/Pipeline/Pipeline.php(167): Illuminate\\Http\\Middleware\\TrustProxies->handle()
#31 /home/dperez/Documents/Proyectos/laravel-sign/vendor/laravel/framework/src/Illuminate/Pipeline/Pipeline.php(103): Illuminate\\Pipeline\\Pipeline->Illuminate\\Pipeline\\{closure}()
#32 /home/dperez/Documents/Proyectos/laravel-sign/vendor/laravel/framework/src/Illuminate/Foundation/Http/Kernel.php(142): Illuminate\\Pipeline\\Pipeline->then()
#33 /home/dperez/Documents/Proyectos/laravel-sign/vendor/laravel/framework/src/Illuminate/Foundation/Http/Kernel.php(111): Illuminate\\Foundation\\Http\\Kernel->sendRequestThroughRouter()
#34 /home/dperez/Documents/Proyectos/laravel-sign/public/index.php(14): Illuminate\\Foundation\\Http\\Kernel->handle()
#35 /home/dperez/Documents/Proyectos/laravel-sign/server.php(21): require_once('...')
#36 {main}
"} 
[2025-05-28 08:55:15] local.ERROR: syntax error, unexpected token ")", expecting identifier or variable or "{" or "$" {"exception":"[object] (ParseError(code: 0): syntax error, unexpected token \")\", expecting identifier or variable or \"{\" or \"$\" at /home/dperez/Documents/Proyectos/laravel-sign/app/Http/Controllers/InvoiceController.php:114)
[stacktrace]
#0 /home/dperez/Documents/Proyectos/laravel-sign/vendor/composer/ClassLoader.php(427): Composer\\Autoload\\{closure}()
#1 [internal function]: Composer\\Autoload\\ClassLoader->loadClass()
#2 /home/dperez/Documents/Proyectos/laravel-sign/vendor/laravel/framework/src/Illuminate/Container/Container.php(877): ReflectionClass->__construct()
#3 /home/dperez/Documents/Proyectos/laravel-sign/vendor/laravel/framework/src/Illuminate/Container/Container.php(758): Illuminate\\Container\\Container->build()
#4 /home/dperez/Documents/Proyectos/laravel-sign/vendor/laravel/framework/src/Illuminate/Foundation/Application.php(853): Illuminate\\Container\\Container->resolve()
#5 /home/dperez/Documents/Proyectos/laravel-sign/vendor/laravel/framework/src/Illuminate/Container/Container.php(694): Illuminate\\Foundation\\Application->resolve()
#6 /home/dperez/Documents/Proyectos/laravel-sign/vendor/laravel/framework/src/Illuminate/Foundation/Application.php(838): Illuminate\\Container\\Container->make()
#7 /home/dperez/Documents/Proyectos/laravel-sign/vendor/laravel/framework/src/Illuminate/Routing/Route.php(276): Illuminate\\Foundation\\Application->make()
#8 /home/dperez/Documents/Proyectos/laravel-sign/vendor/laravel/framework/src/Illuminate/Routing/Route.php(1080): Illuminate\\Routing\\Route->getController()
#9 /home/dperez/Documents/Proyectos/laravel-sign/vendor/laravel/framework/src/Illuminate/Routing/Route.php(1023): Illuminate\\Routing\\Route->controllerMiddleware()
#10 /home/dperez/Documents/Proyectos/laravel-sign/vendor/laravel/framework/src/Illuminate/Routing/Router.php(734): Illuminate\\Routing\\Route->gatherMiddleware()
#11 /home/dperez/Documents/Proyectos/laravel-sign/vendor/laravel/framework/src/Illuminate/Routing/Router.php(714): Illuminate\\Routing\\Router->gatherRouteMiddleware()
#12 /home/dperez/Documents/Proyectos/laravel-sign/vendor/laravel/framework/src/Illuminate/Routing/Router.php(698): Illuminate\\Routing\\Router->runRouteWithinStack()
#13 /home/dperez/Documents/Proyectos/laravel-sign/vendor/laravel/framework/src/Illuminate/Routing/Router.php(662): Illuminate\\Routing\\Router->runRoute()
#14 /home/dperez/Documents/Proyectos/laravel-sign/vendor/laravel/framework/src/Illuminate/Routing/Router.php(651): Illuminate\\Routing\\Router->dispatchToRoute()
#15 /home/dperez/Documents/Proyectos/laravel-sign/vendor/laravel/framework/src/Illuminate/Foundation/Http/Kernel.php(167): Illuminate\\Routing\\Router->dispatch()
#16 /home/dperez/Documents/Proyectos/laravel-sign/vendor/laravel/framework/src/Illuminate/Pipeline/Pipeline.php(128): Illuminate\\Foundation\\Http\\Kernel->Illuminate\\Foundation\\Http\\{closure}()
#17 /home/dperez/Documents/Proyectos/laravel-sign/vendor/laravel/framework/src/Illuminate/Foundation/Http/Middleware/TransformsRequest.php(21): Illuminate\\Pipeline\\Pipeline->Illuminate\\Pipeline\\{closure}()
#18 /home/dperez/Documents/Proyectos/laravel-sign/vendor/laravel/framework/src/Illuminate/Foundation/Http/Middleware/ConvertEmptyStringsToNull.php(31): Illuminate\\Foundation\\Http\\Middleware\\TransformsRequest->handle()
#19 /home/dperez/Documents/Proyectos/laravel-sign/vendor/laravel/framework/src/Illuminate/Pipeline/Pipeline.php(167): Illuminate\\Foundation\\Http\\Middleware\\ConvertEmptyStringsToNull->handle()
#20 /home/dperez/Documents/Proyectos/laravel-sign/vendor/laravel/framework/src/Illuminate/Foundation/Http/Middleware/TransformsRequest.php(21): Illuminate\\Pipeline\\Pipeline->Illuminate\\Pipeline\\{closure}()
#21 /home/dperez/Documents/Proyectos/laravel-sign/vendor/laravel/framework/src/Illuminate/Foundation/Http/Middleware/TrimStrings.php(40): Illuminate\\Foundation\\Http\\Middleware\\TransformsRequest->handle()
#22 /home/dperez/Documents/Proyectos/laravel-sign/vendor/laravel/framework/src/Illuminate/Pipeline/Pipeline.php(167): Illuminate\\Foundation\\Http\\Middleware\\TrimStrings->handle()
#23 /home/dperez/Documents/Proyectos/laravel-sign/vendor/laravel/framework/src/Illuminate/Foundation/Http/Middleware/ValidatePostSize.php(27): Illuminate\\Pipeline\\Pipeline->Illuminate\\Pipeline\\{closure}()
#24 /home/dperez/Documents/Proyectos/laravel-sign/vendor/laravel/framework/src/Illuminate/Pipeline/Pipeline.php(167): Illuminate\\Foundation\\Http\\Middleware\\ValidatePostSize->handle()
#25 /home/dperez/Documents/Proyectos/laravel-sign/vendor/laravel/framework/src/Illuminate/Foundation/Http/Middleware/PreventRequestsDuringMaintenance.php(86): Illuminate\\Pipeline\\Pipeline->Illuminate\\Pipeline\\{closure}()
#26 /home/dperez/Documents/Proyectos/laravel-sign/vendor/laravel/framework/src/Illuminate/Pipeline/Pipeline.php(167): Illuminate\\Foundation\\Http\\Middleware\\PreventRequestsDuringMaintenance->handle()
#27 /home/dperez/Documents/Proyectos/laravel-sign/vendor/fruitcake/laravel-cors/src/HandleCors.php(52): Illuminate\\Pipeline\\Pipeline->Illuminate\\Pipeline\\{closure}()
#28 /home/dperez/Documents/Proyectos/laravel-sign/vendor/laravel/framework/src/Illuminate/Pipeline/Pipeline.php(167): Fruitcake\\Cors\\HandleCors->handle()
#29 /home/dperez/Documents/Proyectos/laravel-sign/vendor/laravel/framework/src/Illuminate/Http/Middleware/TrustProxies.php(39): Illuminate\\Pipeline\\Pipeline->Illuminate\\Pipeline\\{closure}()
#30 /home/dperez/Documents/Proyectos/laravel-sign/vendor/laravel/framework/src/Illuminate/Pipeline/Pipeline.php(167): Illuminate\\Http\\Middleware\\TrustProxies->handle()
#31 /home/dperez/Documents/Proyectos/laravel-sign/vendor/laravel/framework/src/Illuminate/Pipeline/Pipeline.php(103): Illuminate\\Pipeline\\Pipeline->Illuminate\\Pipeline\\{closure}()
#32 /home/dperez/Documents/Proyectos/laravel-sign/vendor/laravel/framework/src/Illuminate/Foundation/Http/Kernel.php(142): Illuminate\\Pipeline\\Pipeline->then()
#33 /home/dperez/Documents/Proyectos/laravel-sign/vendor/laravel/framework/src/Illuminate/Foundation/Http/Kernel.php(111): Illuminate\\Foundation\\Http\\Kernel->sendRequestThroughRouter()
#34 /home/dperez/Documents/Proyectos/laravel-sign/public/index.php(14): Illuminate\\Foundation\\Http\\Kernel->handle()
#35 /home/dperez/Documents/Proyectos/laravel-sign/server.php(21): require_once('...')
#36 {main}
"} 
[2025-05-28 08:55:22] local.ERROR: syntax error, unexpected token ")", expecting identifier or variable or "{" or "$" {"exception":"[object] (ParseError(code: 0): syntax error, unexpected token \")\", expecting identifier or variable or \"{\" or \"$\" at /home/dperez/Documents/Proyectos/laravel-sign/app/Http/Controllers/InvoiceController.php:112)
[stacktrace]
#0 /home/dperez/Documents/Proyectos/laravel-sign/vendor/composer/ClassLoader.php(427): Composer\\Autoload\\{closure}()
#1 [internal function]: Composer\\Autoload\\ClassLoader->loadClass()
#2 /home/dperez/Documents/Proyectos/laravel-sign/vendor/laravel/framework/src/Illuminate/Container/Container.php(877): ReflectionClass->__construct()
#3 /home/dperez/Documents/Proyectos/laravel-sign/vendor/laravel/framework/src/Illuminate/Container/Container.php(758): Illuminate\\Container\\Container->build()
#4 /home/dperez/Documents/Proyectos/laravel-sign/vendor/laravel/framework/src/Illuminate/Foundation/Application.php(853): Illuminate\\Container\\Container->resolve()
#5 /home/dperez/Documents/Proyectos/laravel-sign/vendor/laravel/framework/src/Illuminate/Container/Container.php(694): Illuminate\\Foundation\\Application->resolve()
#6 /home/dperez/Documents/Proyectos/laravel-sign/vendor/laravel/framework/src/Illuminate/Foundation/Application.php(838): Illuminate\\Container\\Container->make()
#7 /home/dperez/Documents/Proyectos/laravel-sign/vendor/laravel/framework/src/Illuminate/Routing/Route.php(276): Illuminate\\Foundation\\Application->make()
#8 /home/dperez/Documents/Proyectos/laravel-sign/vendor/laravel/framework/src/Illuminate/Routing/Route.php(1080): Illuminate\\Routing\\Route->getController()
#9 /home/dperez/Documents/Proyectos/laravel-sign/vendor/laravel/framework/src/Illuminate/Routing/Route.php(1023): Illuminate\\Routing\\Route->controllerMiddleware()
#10 /home/dperez/Documents/Proyectos/laravel-sign/vendor/laravel/framework/src/Illuminate/Routing/Router.php(734): Illuminate\\Routing\\Route->gatherMiddleware()
#11 /home/dperez/Documents/Proyectos/laravel-sign/vendor/laravel/framework/src/Illuminate/Routing/Router.php(714): Illuminate\\Routing\\Router->gatherRouteMiddleware()
#12 /home/dperez/Documents/Proyectos/laravel-sign/vendor/laravel/framework/src/Illuminate/Routing/Router.php(698): Illuminate\\Routing\\Router->runRouteWithinStack()
#13 /home/dperez/Documents/Proyectos/laravel-sign/vendor/laravel/framework/src/Illuminate/Routing/Router.php(662): Illuminate\\Routing\\Router->runRoute()
#14 /home/dperez/Documents/Proyectos/laravel-sign/vendor/laravel/framework/src/Illuminate/Routing/Router.php(651): Illuminate\\Routing\\Router->dispatchToRoute()
#15 /home/dperez/Documents/Proyectos/laravel-sign/vendor/laravel/framework/src/Illuminate/Foundation/Http/Kernel.php(167): Illuminate\\Routing\\Router->dispatch()
#16 /home/dperez/Documents/Proyectos/laravel-sign/vendor/laravel/framework/src/Illuminate/Pipeline/Pipeline.php(128): Illuminate\\Foundation\\Http\\Kernel->Illuminate\\Foundation\\Http\\{closure}()
#17 /home/dperez/Documents/Proyectos/laravel-sign/vendor/laravel/framework/src/Illuminate/Foundation/Http/Middleware/TransformsRequest.php(21): Illuminate\\Pipeline\\Pipeline->Illuminate\\Pipeline\\{closure}()
#18 /home/dperez/Documents/Proyectos/laravel-sign/vendor/laravel/framework/src/Illuminate/Foundation/Http/Middleware/ConvertEmptyStringsToNull.php(31): Illuminate\\Foundation\\Http\\Middleware\\TransformsRequest->handle()
#19 /home/dperez/Documents/Proyectos/laravel-sign/vendor/laravel/framework/src/Illuminate/Pipeline/Pipeline.php(167): Illuminate\\Foundation\\Http\\Middleware\\ConvertEmptyStringsToNull->handle()
#20 /home/dperez/Documents/Proyectos/laravel-sign/vendor/laravel/framework/src/Illuminate/Foundation/Http/Middleware/TransformsRequest.php(21): Illuminate\\Pipeline\\Pipeline->Illuminate\\Pipeline\\{closure}()
#21 /home/dperez/Documents/Proyectos/laravel-sign/vendor/laravel/framework/src/Illuminate/Foundation/Http/Middleware/TrimStrings.php(40): Illuminate\\Foundation\\Http\\Middleware\\TransformsRequest->handle()
#22 /home/dperez/Documents/Proyectos/laravel-sign/vendor/laravel/framework/src/Illuminate/Pipeline/Pipeline.php(167): Illuminate\\Foundation\\Http\\Middleware\\TrimStrings->handle()
#23 /home/dperez/Documents/Proyectos/laravel-sign/vendor/laravel/framework/src/Illuminate/Foundation/Http/Middleware/ValidatePostSize.php(27): Illuminate\\Pipeline\\Pipeline->Illuminate\\Pipeline\\{closure}()
#24 /home/dperez/Documents/Proyectos/laravel-sign/vendor/laravel/framework/src/Illuminate/Pipeline/Pipeline.php(167): Illuminate\\Foundation\\Http\\Middleware\\ValidatePostSize->handle()
#25 /home/dperez/Documents/Proyectos/laravel-sign/vendor/laravel/framework/src/Illuminate/Foundation/Http/Middleware/PreventRequestsDuringMaintenance.php(86): Illuminate\\Pipeline\\Pipeline->Illuminate\\Pipeline\\{closure}()
#26 /home/dperez/Documents/Proyectos/laravel-sign/vendor/laravel/framework/src/Illuminate/Pipeline/Pipeline.php(167): Illuminate\\Foundation\\Http\\Middleware\\PreventRequestsDuringMaintenance->handle()
#27 /home/dperez/Documents/Proyectos/laravel-sign/vendor/fruitcake/laravel-cors/src/HandleCors.php(52): Illuminate\\Pipeline\\Pipeline->Illuminate\\Pipeline\\{closure}()
#28 /home/dperez/Documents/Proyectos/laravel-sign/vendor/laravel/framework/src/Illuminate/Pipeline/Pipeline.php(167): Fruitcake\\Cors\\HandleCors->handle()
#29 /home/dperez/Documents/Proyectos/laravel-sign/vendor/laravel/framework/src/Illuminate/Http/Middleware/TrustProxies.php(39): Illuminate\\Pipeline\\Pipeline->Illuminate\\Pipeline\\{closure}()
#30 /home/dperez/Documents/Proyectos/laravel-sign/vendor/laravel/framework/src/Illuminate/Pipeline/Pipeline.php(167): Illuminate\\Http\\Middleware\\TrustProxies->handle()
#31 /home/dperez/Documents/Proyectos/laravel-sign/vendor/laravel/framework/src/Illuminate/Pipeline/Pipeline.php(103): Illuminate\\Pipeline\\Pipeline->Illuminate\\Pipeline\\{closure}()
#32 /home/dperez/Documents/Proyectos/laravel-sign/vendor/laravel/framework/src/Illuminate/Foundation/Http/Kernel.php(142): Illuminate\\Pipeline\\Pipeline->then()
#33 /home/dperez/Documents/Proyectos/laravel-sign/vendor/laravel/framework/src/Illuminate/Foundation/Http/Kernel.php(111): Illuminate\\Foundation\\Http\\Kernel->sendRequestThroughRouter()
#34 /home/dperez/Documents/Proyectos/laravel-sign/public/index.php(14): Illuminate\\Foundation\\Http\\Kernel->handle()
#35 /home/dperez/Documents/Proyectos/laravel-sign/server.php(21): require_once('...')
#36 {main}
"} 
[2025-05-28 08:56:00] local.ERROR: App\DTOs\Invoice\InvoiceData::App\DTOs\Invoice\{closure}(): Argument #1 ($observation) must be of type array, string given {"exception":"[object] (TypeError(code: 0): App\\DTOs\\Invoice\\InvoiceData::App\\DTOs\\Invoice\\{closure}(): Argument #1 ($observation) must be of type array, string given at /home/dperez/Documents/Proyectos/laravel-sign/app/DTOs/Invoice/InvoiceData.php:50)
[stacktrace]
#0 [internal function]: App\\DTOs\\Invoice\\InvoiceData::App\\DTOs\\Invoice\\{closure}()
#1 /home/dperez/Documents/Proyectos/laravel-sign/app/DTOs/Invoice/InvoiceData.php(49): array_map()
#2 /home/dperez/Documents/Proyectos/laravel-sign/app/DTOs/InvoiceDTO.php(26): App\\DTOs\\Invoice\\InvoiceData::from()
#3 /home/dperez/Documents/Proyectos/laravel-sign/app/Http/Controllers/InvoiceController.php(27): App\\DTOs\\InvoiceDTO::fromRequest()
#4 /home/dperez/Documents/Proyectos/laravel-sign/vendor/laravel/framework/src/Illuminate/Routing/Controller.php(54): App\\Http\\Controllers\\InvoiceController->createXML()
#5 /home/dperez/Documents/Proyectos/laravel-sign/vendor/laravel/framework/src/Illuminate/Routing/ControllerDispatcher.php(45): Illuminate\\Routing\\Controller->callAction()
#6 /home/dperez/Documents/Proyectos/laravel-sign/vendor/laravel/framework/src/Illuminate/Routing/Route.php(261): Illuminate\\Routing\\ControllerDispatcher->dispatch()
#7 /home/dperez/Documents/Proyectos/laravel-sign/vendor/laravel/framework/src/Illuminate/Routing/Route.php(205): Illuminate\\Routing\\Route->runController()
#8 /home/dperez/Documents/Proyectos/laravel-sign/vendor/laravel/framework/src/Illuminate/Routing/Router.php(721): Illuminate\\Routing\\Route->run()
#9 /home/dperez/Documents/Proyectos/laravel-sign/vendor/laravel/framework/src/Illuminate/Pipeline/Pipeline.php(128): Illuminate\\Routing\\Router->Illuminate\\Routing\\{closure}()
#10 /home/dperez/Documents/Proyectos/laravel-sign/vendor/laravel/framework/src/Illuminate/Routing/Middleware/SubstituteBindings.php(50): Illuminate\\Pipeline\\Pipeline->Illuminate\\Pipeline\\{closure}()
#11 /home/dperez/Documents/Proyectos/laravel-sign/vendor/laravel/framework/src/Illuminate/Pipeline/Pipeline.php(167): Illuminate\\Routing\\Middleware\\SubstituteBindings->handle()
#12 /home/dperez/Documents/Proyectos/laravel-sign/vendor/laravel/framework/src/Illuminate/Routing/Middleware/ThrottleRequests.php(127): Illuminate\\Pipeline\\Pipeline->Illuminate\\Pipeline\\{closure}()
#13 /home/dperez/Documents/Proyectos/laravel-sign/vendor/laravel/framework/src/Illuminate/Routing/Middleware/ThrottleRequests.php(93): Illuminate\\Routing\\Middleware\\ThrottleRequests->handleRequest()
#14 /home/dperez/Documents/Proyectos/laravel-sign/vendor/laravel/framework/src/Illuminate/Routing/Middleware/ThrottleRequests.php(55): Illuminate\\Routing\\Middleware\\ThrottleRequests->handleRequestUsingNamedLimiter()
#15 /home/dperez/Documents/Proyectos/laravel-sign/vendor/laravel/framework/src/Illuminate/Pipeline/Pipeline.php(167): Illuminate\\Routing\\Middleware\\ThrottleRequests->handle()
#16 /home/dperez/Documents/Proyectos/laravel-sign/vendor/laravel/framework/src/Illuminate/Pipeline/Pipeline.php(103): Illuminate\\Pipeline\\Pipeline->Illuminate\\Pipeline\\{closure}()
#17 /home/dperez/Documents/Proyectos/laravel-sign/vendor/laravel/framework/src/Illuminate/Routing/Router.php(719): Illuminate\\Pipeline\\Pipeline->then()
#18 /home/dperez/Documents/Proyectos/laravel-sign/vendor/laravel/framework/src/Illuminate/Routing/Router.php(698): Illuminate\\Routing\\Router->runRouteWithinStack()
#19 /home/dperez/Documents/Proyectos/laravel-sign/vendor/laravel/framework/src/Illuminate/Routing/Router.php(662): Illuminate\\Routing\\Router->runRoute()
#20 /home/dperez/Documents/Proyectos/laravel-sign/vendor/laravel/framework/src/Illuminate/Routing/Router.php(651): Illuminate\\Routing\\Router->dispatchToRoute()
#21 /home/dperez/Documents/Proyectos/laravel-sign/vendor/laravel/framework/src/Illuminate/Foundation/Http/Kernel.php(167): Illuminate\\Routing\\Router->dispatch()
#22 /home/dperez/Documents/Proyectos/laravel-sign/vendor/laravel/framework/src/Illuminate/Pipeline/Pipeline.php(128): Illuminate\\Foundation\\Http\\Kernel->Illuminate\\Foundation\\Http\\{closure}()
#23 /home/dperez/Documents/Proyectos/laravel-sign/vendor/laravel/framework/src/Illuminate/Foundation/Http/Middleware/TransformsRequest.php(21): Illuminate\\Pipeline\\Pipeline->Illuminate\\Pipeline\\{closure}()
#24 /home/dperez/Documents/Proyectos/laravel-sign/vendor/laravel/framework/src/Illuminate/Foundation/Http/Middleware/ConvertEmptyStringsToNull.php(31): Illuminate\\Foundation\\Http\\Middleware\\TransformsRequest->handle()
#25 /home/dperez/Documents/Proyectos/laravel-sign/vendor/laravel/framework/src/Illuminate/Pipeline/Pipeline.php(167): Illuminate\\Foundation\\Http\\Middleware\\ConvertEmptyStringsToNull->handle()
#26 /home/dperez/Documents/Proyectos/laravel-sign/vendor/laravel/framework/src/Illuminate/Foundation/Http/Middleware/TransformsRequest.php(21): Illuminate\\Pipeline\\Pipeline->Illuminate\\Pipeline\\{closure}()
#27 /home/dperez/Documents/Proyectos/laravel-sign/vendor/laravel/framework/src/Illuminate/Foundation/Http/Middleware/TrimStrings.php(40): Illuminate\\Foundation\\Http\\Middleware\\TransformsRequest->handle()
#28 /home/dperez/Documents/Proyectos/laravel-sign/vendor/laravel/framework/src/Illuminate/Pipeline/Pipeline.php(167): Illuminate\\Foundation\\Http\\Middleware\\TrimStrings->handle()
#29 /home/dperez/Documents/Proyectos/laravel-sign/vendor/laravel/framework/src/Illuminate/Foundation/Http/Middleware/ValidatePostSize.php(27): Illuminate\\Pipeline\\Pipeline->Illuminate\\Pipeline\\{closure}()
#30 /home/dperez/Documents/Proyectos/laravel-sign/vendor/laravel/framework/src/Illuminate/Pipeline/Pipeline.php(167): Illuminate\\Foundation\\Http\\Middleware\\ValidatePostSize->handle()
#31 /home/dperez/Documents/Proyectos/laravel-sign/vendor/laravel/framework/src/Illuminate/Foundation/Http/Middleware/PreventRequestsDuringMaintenance.php(86): Illuminate\\Pipeline\\Pipeline->Illuminate\\Pipeline\\{closure}()
#32 /home/dperez/Documents/Proyectos/laravel-sign/vendor/laravel/framework/src/Illuminate/Pipeline/Pipeline.php(167): Illuminate\\Foundation\\Http\\Middleware\\PreventRequestsDuringMaintenance->handle()
#33 /home/dperez/Documents/Proyectos/laravel-sign/vendor/fruitcake/laravel-cors/src/HandleCors.php(52): Illuminate\\Pipeline\\Pipeline->Illuminate\\Pipeline\\{closure}()
#34 /home/dperez/Documents/Proyectos/laravel-sign/vendor/laravel/framework/src/Illuminate/Pipeline/Pipeline.php(167): Fruitcake\\Cors\\HandleCors->handle()
#35 /home/dperez/Documents/Proyectos/laravel-sign/vendor/laravel/framework/src/Illuminate/Http/Middleware/TrustProxies.php(39): Illuminate\\Pipeline\\Pipeline->Illuminate\\Pipeline\\{closure}()
#36 /home/dperez/Documents/Proyectos/laravel-sign/vendor/laravel/framework/src/Illuminate/Pipeline/Pipeline.php(167): Illuminate\\Http\\Middleware\\TrustProxies->handle()
#37 /home/dperez/Documents/Proyectos/laravel-sign/vendor/laravel/framework/src/Illuminate/Pipeline/Pipeline.php(103): Illuminate\\Pipeline\\Pipeline->Illuminate\\Pipeline\\{closure}()
#38 /home/dperez/Documents/Proyectos/laravel-sign/vendor/laravel/framework/src/Illuminate/Foundation/Http/Kernel.php(142): Illuminate\\Pipeline\\Pipeline->then()
#39 /home/dperez/Documents/Proyectos/laravel-sign/vendor/laravel/framework/src/Illuminate/Foundation/Http/Kernel.php(111): Illuminate\\Foundation\\Http\\Kernel->sendRequestThroughRouter()
#40 /home/dperez/Documents/Proyectos/laravel-sign/public/index.php(14): Illuminate\\Foundation\\Http\\Kernel->handle()
#41 /home/dperez/Documents/Proyectos/laravel-sign/server.php(21): require_once('...')
#42 {main}
"} 
[2025-05-28 08:56:35] local.ERROR: App\DTOs\Invoice\InvoiceData::App\DTOs\Invoice\{closure}(): Argument #1 ($observation) must be of type array, string given {"exception":"[object] (TypeError(code: 0): App\\DTOs\\Invoice\\InvoiceData::App\\DTOs\\Invoice\\{closure}(): Argument #1 ($observation) must be of type array, string given at /home/dperez/Documents/Proyectos/laravel-sign/app/DTOs/Invoice/InvoiceData.php:50)
[stacktrace]
#0 [internal function]: App\\DTOs\\Invoice\\InvoiceData::App\\DTOs\\Invoice\\{closure}()
#1 /home/dperez/Documents/Proyectos/laravel-sign/app/DTOs/Invoice/InvoiceData.php(49): array_map()
#2 /home/dperez/Documents/Proyectos/laravel-sign/app/DTOs/InvoiceDTO.php(26): App\\DTOs\\Invoice\\InvoiceData::from()
#3 /home/dperez/Documents/Proyectos/laravel-sign/app/Http/Controllers/InvoiceController.php(27): App\\DTOs\\InvoiceDTO::fromRequest()
#4 /home/dperez/Documents/Proyectos/laravel-sign/vendor/laravel/framework/src/Illuminate/Routing/Controller.php(54): App\\Http\\Controllers\\InvoiceController->createXML()
#5 /home/dperez/Documents/Proyectos/laravel-sign/vendor/laravel/framework/src/Illuminate/Routing/ControllerDispatcher.php(45): Illuminate\\Routing\\Controller->callAction()
#6 /home/dperez/Documents/Proyectos/laravel-sign/vendor/laravel/framework/src/Illuminate/Routing/Route.php(261): Illuminate\\Routing\\ControllerDispatcher->dispatch()
#7 /home/dperez/Documents/Proyectos/laravel-sign/vendor/laravel/framework/src/Illuminate/Routing/Route.php(205): Illuminate\\Routing\\Route->runController()
#8 /home/dperez/Documents/Proyectos/laravel-sign/vendor/laravel/framework/src/Illuminate/Routing/Router.php(721): Illuminate\\Routing\\Route->run()
#9 /home/dperez/Documents/Proyectos/laravel-sign/vendor/laravel/framework/src/Illuminate/Pipeline/Pipeline.php(128): Illuminate\\Routing\\Router->Illuminate\\Routing\\{closure}()
#10 /home/dperez/Documents/Proyectos/laravel-sign/vendor/laravel/framework/src/Illuminate/Routing/Middleware/SubstituteBindings.php(50): Illuminate\\Pipeline\\Pipeline->Illuminate\\Pipeline\\{closure}()
#11 /home/dperez/Documents/Proyectos/laravel-sign/vendor/laravel/framework/src/Illuminate/Pipeline/Pipeline.php(167): Illuminate\\Routing\\Middleware\\SubstituteBindings->handle()
#12 /home/dperez/Documents/Proyectos/laravel-sign/vendor/laravel/framework/src/Illuminate/Routing/Middleware/ThrottleRequests.php(127): Illuminate\\Pipeline\\Pipeline->Illuminate\\Pipeline\\{closure}()
#13 /home/dperez/Documents/Proyectos/laravel-sign/vendor/laravel/framework/src/Illuminate/Routing/Middleware/ThrottleRequests.php(93): Illuminate\\Routing\\Middleware\\ThrottleRequests->handleRequest()
#14 /home/dperez/Documents/Proyectos/laravel-sign/vendor/laravel/framework/src/Illuminate/Routing/Middleware/ThrottleRequests.php(55): Illuminate\\Routing\\Middleware\\ThrottleRequests->handleRequestUsingNamedLimiter()
#15 /home/dperez/Documents/Proyectos/laravel-sign/vendor/laravel/framework/src/Illuminate/Pipeline/Pipeline.php(167): Illuminate\\Routing\\Middleware\\ThrottleRequests->handle()
#16 /home/dperez/Documents/Proyectos/laravel-sign/vendor/laravel/framework/src/Illuminate/Pipeline/Pipeline.php(103): Illuminate\\Pipeline\\Pipeline->Illuminate\\Pipeline\\{closure}()
#17 /home/dperez/Documents/Proyectos/laravel-sign/vendor/laravel/framework/src/Illuminate/Routing/Router.php(719): Illuminate\\Pipeline\\Pipeline->then()
#18 /home/dperez/Documents/Proyectos/laravel-sign/vendor/laravel/framework/src/Illuminate/Routing/Router.php(698): Illuminate\\Routing\\Router->runRouteWithinStack()
#19 /home/dperez/Documents/Proyectos/laravel-sign/vendor/laravel/framework/src/Illuminate/Routing/Router.php(662): Illuminate\\Routing\\Router->runRoute()
#20 /home/dperez/Documents/Proyectos/laravel-sign/vendor/laravel/framework/src/Illuminate/Routing/Router.php(651): Illuminate\\Routing\\Router->dispatchToRoute()
#21 /home/dperez/Documents/Proyectos/laravel-sign/vendor/laravel/framework/src/Illuminate/Foundation/Http/Kernel.php(167): Illuminate\\Routing\\Router->dispatch()
#22 /home/dperez/Documents/Proyectos/laravel-sign/vendor/laravel/framework/src/Illuminate/Pipeline/Pipeline.php(128): Illuminate\\Foundation\\Http\\Kernel->Illuminate\\Foundation\\Http\\{closure}()
#23 /home/dperez/Documents/Proyectos/laravel-sign/vendor/laravel/framework/src/Illuminate/Foundation/Http/Middleware/TransformsRequest.php(21): Illuminate\\Pipeline\\Pipeline->Illuminate\\Pipeline\\{closure}()
#24 /home/dperez/Documents/Proyectos/laravel-sign/vendor/laravel/framework/src/Illuminate/Foundation/Http/Middleware/ConvertEmptyStringsToNull.php(31): Illuminate\\Foundation\\Http\\Middleware\\TransformsRequest->handle()
#25 /home/dperez/Documents/Proyectos/laravel-sign/vendor/laravel/framework/src/Illuminate/Pipeline/Pipeline.php(167): Illuminate\\Foundation\\Http\\Middleware\\ConvertEmptyStringsToNull->handle()
#26 /home/dperez/Documents/Proyectos/laravel-sign/vendor/laravel/framework/src/Illuminate/Foundation/Http/Middleware/TransformsRequest.php(21): Illuminate\\Pipeline\\Pipeline->Illuminate\\Pipeline\\{closure}()
#27 /home/dperez/Documents/Proyectos/laravel-sign/vendor/laravel/framework/src/Illuminate/Foundation/Http/Middleware/TrimStrings.php(40): Illuminate\\Foundation\\Http\\Middleware\\TransformsRequest->handle()
#28 /home/dperez/Documents/Proyectos/laravel-sign/vendor/laravel/framework/src/Illuminate/Pipeline/Pipeline.php(167): Illuminate\\Foundation\\Http\\Middleware\\TrimStrings->handle()
#29 /home/dperez/Documents/Proyectos/laravel-sign/vendor/laravel/framework/src/Illuminate/Foundation/Http/Middleware/ValidatePostSize.php(27): Illuminate\\Pipeline\\Pipeline->Illuminate\\Pipeline\\{closure}()
#30 /home/dperez/Documents/Proyectos/laravel-sign/vendor/laravel/framework/src/Illuminate/Pipeline/Pipeline.php(167): Illuminate\\Foundation\\Http\\Middleware\\ValidatePostSize->handle()
#31 /home/dperez/Documents/Proyectos/laravel-sign/vendor/laravel/framework/src/Illuminate/Foundation/Http/Middleware/PreventRequestsDuringMaintenance.php(86): Illuminate\\Pipeline\\Pipeline->Illuminate\\Pipeline\\{closure}()
#32 /home/dperez/Documents/Proyectos/laravel-sign/vendor/laravel/framework/src/Illuminate/Pipeline/Pipeline.php(167): Illuminate\\Foundation\\Http\\Middleware\\PreventRequestsDuringMaintenance->handle()
#33 /home/dperez/Documents/Proyectos/laravel-sign/vendor/fruitcake/laravel-cors/src/HandleCors.php(52): Illuminate\\Pipeline\\Pipeline->Illuminate\\Pipeline\\{closure}()
#34 /home/dperez/Documents/Proyectos/laravel-sign/vendor/laravel/framework/src/Illuminate/Pipeline/Pipeline.php(167): Fruitcake\\Cors\\HandleCors->handle()
#35 /home/dperez/Documents/Proyectos/laravel-sign/vendor/laravel/framework/src/Illuminate/Http/Middleware/TrustProxies.php(39): Illuminate\\Pipeline\\Pipeline->Illuminate\\Pipeline\\{closure}()
#36 /home/dperez/Documents/Proyectos/laravel-sign/vendor/laravel/framework/src/Illuminate/Pipeline/Pipeline.php(167): Illuminate\\Http\\Middleware\\TrustProxies->handle()
#37 /home/dperez/Documents/Proyectos/laravel-sign/vendor/laravel/framework/src/Illuminate/Pipeline/Pipeline.php(103): Illuminate\\Pipeline\\Pipeline->Illuminate\\Pipeline\\{closure}()
#38 /home/dperez/Documents/Proyectos/laravel-sign/vendor/laravel/framework/src/Illuminate/Foundation/Http/Kernel.php(142): Illuminate\\Pipeline\\Pipeline->then()
#39 /home/dperez/Documents/Proyectos/laravel-sign/vendor/laravel/framework/src/Illuminate/Foundation/Http/Kernel.php(111): Illuminate\\Foundation\\Http\\Kernel->sendRequestThroughRouter()
#40 /home/dperez/Documents/Proyectos/laravel-sign/public/index.php(14): Illuminate\\Foundation\\Http\\Kernel->handle()
#41 /home/dperez/Documents/Proyectos/laravel-sign/server.php(21): require_once('...')
#42 {main}
"} 
[2025-05-28 09:02:45] local.ERROR: An exception has been thrown during the rendering of a template ("Object of class Greenter\Model\Sale\Observation could not be converted to string") in "invoice2.1.xml.twig" at line 1. {"exception":"[object] (Twig\\Error\\RuntimeError(code: 0): An exception has been thrown during the rendering of a template (\"Object of class Greenter\\Model\\Sale\\Observation could not be converted to string\") in \"invoice2.1.xml.twig\" at line 1. at /home/dperez/Documents/Proyectos/laravel-sign/vendor/greenter/xml/src/Xml/Templates/invoice2.1.xml.twig:1)
[stacktrace]
#0 /home/dperez/Documents/Proyectos/laravel-sign/vendor/twig/twig/src/Template.php(358): Twig\\Template->yield()
#1 /home/dperez/Documents/Proyectos/laravel-sign/vendor/twig/twig/src/Template.php(373): Twig\\Template->display()
#2 /home/dperez/Documents/Proyectos/laravel-sign/vendor/twig/twig/src/TemplateWrapper.php(51): Twig\\Template->render()
#3 /home/dperez/Documents/Proyectos/laravel-sign/vendor/twig/twig/src/Environment.php(333): Twig\\TemplateWrapper->render()
#4 /home/dperez/Documents/Proyectos/laravel-sign/vendor/greenter/xml/src/Xml/Builder/TwigBuilder.php(50): Twig\\Environment->render()
#5 /home/dperez/Documents/Proyectos/laravel-sign/vendor/greenter/xml/src/Xml/Builder/InvoiceBuilder.php(49): Greenter\\Xml\\Builder\\TwigBuilder->render()
#6 /home/dperez/Documents/Proyectos/laravel-sign/app/Http/Controllers/InvoiceController.php(129): Greenter\\Xml\\Builder\\InvoiceBuilder->build()
#7 /home/dperez/Documents/Proyectos/laravel-sign/vendor/laravel/framework/src/Illuminate/Routing/Controller.php(54): App\\Http\\Controllers\\InvoiceController->createXML()
#8 /home/dperez/Documents/Proyectos/laravel-sign/vendor/laravel/framework/src/Illuminate/Routing/ControllerDispatcher.php(45): Illuminate\\Routing\\Controller->callAction()
#9 /home/dperez/Documents/Proyectos/laravel-sign/vendor/laravel/framework/src/Illuminate/Routing/Route.php(261): Illuminate\\Routing\\ControllerDispatcher->dispatch()
#10 /home/dperez/Documents/Proyectos/laravel-sign/vendor/laravel/framework/src/Illuminate/Routing/Route.php(205): Illuminate\\Routing\\Route->runController()
#11 /home/dperez/Documents/Proyectos/laravel-sign/vendor/laravel/framework/src/Illuminate/Routing/Router.php(721): Illuminate\\Routing\\Route->run()
#12 /home/dperez/Documents/Proyectos/laravel-sign/vendor/laravel/framework/src/Illuminate/Pipeline/Pipeline.php(128): Illuminate\\Routing\\Router->Illuminate\\Routing\\{closure}()
#13 /home/dperez/Documents/Proyectos/laravel-sign/vendor/laravel/framework/src/Illuminate/Routing/Middleware/SubstituteBindings.php(50): Illuminate\\Pipeline\\Pipeline->Illuminate\\Pipeline\\{closure}()
#14 /home/dperez/Documents/Proyectos/laravel-sign/vendor/laravel/framework/src/Illuminate/Pipeline/Pipeline.php(167): Illuminate\\Routing\\Middleware\\SubstituteBindings->handle()
#15 /home/dperez/Documents/Proyectos/laravel-sign/vendor/laravel/framework/src/Illuminate/Routing/Middleware/ThrottleRequests.php(127): Illuminate\\Pipeline\\Pipeline->Illuminate\\Pipeline\\{closure}()
#16 /home/dperez/Documents/Proyectos/laravel-sign/vendor/laravel/framework/src/Illuminate/Routing/Middleware/ThrottleRequests.php(93): Illuminate\\Routing\\Middleware\\ThrottleRequests->handleRequest()
#17 /home/dperez/Documents/Proyectos/laravel-sign/vendor/laravel/framework/src/Illuminate/Routing/Middleware/ThrottleRequests.php(55): Illuminate\\Routing\\Middleware\\ThrottleRequests->handleRequestUsingNamedLimiter()
#18 /home/dperez/Documents/Proyectos/laravel-sign/vendor/laravel/framework/src/Illuminate/Pipeline/Pipeline.php(167): Illuminate\\Routing\\Middleware\\ThrottleRequests->handle()
#19 /home/dperez/Documents/Proyectos/laravel-sign/vendor/laravel/framework/src/Illuminate/Pipeline/Pipeline.php(103): Illuminate\\Pipeline\\Pipeline->Illuminate\\Pipeline\\{closure}()
#20 /home/dperez/Documents/Proyectos/laravel-sign/vendor/laravel/framework/src/Illuminate/Routing/Router.php(719): Illuminate\\Pipeline\\Pipeline->then()
#21 /home/dperez/Documents/Proyectos/laravel-sign/vendor/laravel/framework/src/Illuminate/Routing/Router.php(698): Illuminate\\Routing\\Router->runRouteWithinStack()
#22 /home/dperez/Documents/Proyectos/laravel-sign/vendor/laravel/framework/src/Illuminate/Routing/Router.php(662): Illuminate\\Routing\\Router->runRoute()
#23 /home/dperez/Documents/Proyectos/laravel-sign/vendor/laravel/framework/src/Illuminate/Routing/Router.php(651): Illuminate\\Routing\\Router->dispatchToRoute()
#24 /home/dperez/Documents/Proyectos/laravel-sign/vendor/laravel/framework/src/Illuminate/Foundation/Http/Kernel.php(167): Illuminate\\Routing\\Router->dispatch()
#25 /home/dperez/Documents/Proyectos/laravel-sign/vendor/laravel/framework/src/Illuminate/Pipeline/Pipeline.php(128): Illuminate\\Foundation\\Http\\Kernel->Illuminate\\Foundation\\Http\\{closure}()
#26 /home/dperez/Documents/Proyectos/laravel-sign/vendor/laravel/framework/src/Illuminate/Foundation/Http/Middleware/TransformsRequest.php(21): Illuminate\\Pipeline\\Pipeline->Illuminate\\Pipeline\\{closure}()
#27 /home/dperez/Documents/Proyectos/laravel-sign/vendor/laravel/framework/src/Illuminate/Foundation/Http/Middleware/ConvertEmptyStringsToNull.php(31): Illuminate\\Foundation\\Http\\Middleware\\TransformsRequest->handle()
#28 /home/dperez/Documents/Proyectos/laravel-sign/vendor/laravel/framework/src/Illuminate/Pipeline/Pipeline.php(167): Illuminate\\Foundation\\Http\\Middleware\\ConvertEmptyStringsToNull->handle()
#29 /home/dperez/Documents/Proyectos/laravel-sign/vendor/laravel/framework/src/Illuminate/Foundation/Http/Middleware/TransformsRequest.php(21): Illuminate\\Pipeline\\Pipeline->Illuminate\\Pipeline\\{closure}()
#30 /home/dperez/Documents/Proyectos/laravel-sign/vendor/laravel/framework/src/Illuminate/Foundation/Http/Middleware/TrimStrings.php(40): Illuminate\\Foundation\\Http\\Middleware\\TransformsRequest->handle()
#31 /home/dperez/Documents/Proyectos/laravel-sign/vendor/laravel/framework/src/Illuminate/Pipeline/Pipeline.php(167): Illuminate\\Foundation\\Http\\Middleware\\TrimStrings->handle()
#32 /home/dperez/Documents/Proyectos/laravel-sign/vendor/laravel/framework/src/Illuminate/Foundation/Http/Middleware/ValidatePostSize.php(27): Illuminate\\Pipeline\\Pipeline->Illuminate\\Pipeline\\{closure}()
#33 /home/dperez/Documents/Proyectos/laravel-sign/vendor/laravel/framework/src/Illuminate/Pipeline/Pipeline.php(167): Illuminate\\Foundation\\Http\\Middleware\\ValidatePostSize->handle()
#34 /home/dperez/Documents/Proyectos/laravel-sign/vendor/laravel/framework/src/Illuminate/Foundation/Http/Middleware/PreventRequestsDuringMaintenance.php(86): Illuminate\\Pipeline\\Pipeline->Illuminate\\Pipeline\\{closure}()
#35 /home/dperez/Documents/Proyectos/laravel-sign/vendor/laravel/framework/src/Illuminate/Pipeline/Pipeline.php(167): Illuminate\\Foundation\\Http\\Middleware\\PreventRequestsDuringMaintenance->handle()
#36 /home/dperez/Documents/Proyectos/laravel-sign/vendor/fruitcake/laravel-cors/src/HandleCors.php(52): Illuminate\\Pipeline\\Pipeline->Illuminate\\Pipeline\\{closure}()
#37 /home/dperez/Documents/Proyectos/laravel-sign/vendor/laravel/framework/src/Illuminate/Pipeline/Pipeline.php(167): Fruitcake\\Cors\\HandleCors->handle()
#38 /home/dperez/Documents/Proyectos/laravel-sign/vendor/laravel/framework/src/Illuminate/Http/Middleware/TrustProxies.php(39): Illuminate\\Pipeline\\Pipeline->Illuminate\\Pipeline\\{closure}()
#39 /home/dperez/Documents/Proyectos/laravel-sign/vendor/laravel/framework/src/Illuminate/Pipeline/Pipeline.php(167): Illuminate\\Http\\Middleware\\TrustProxies->handle()
#40 /home/dperez/Documents/Proyectos/laravel-sign/vendor/laravel/framework/src/Illuminate/Pipeline/Pipeline.php(103): Illuminate\\Pipeline\\Pipeline->Illuminate\\Pipeline\\{closure}()
#41 /home/dperez/Documents/Proyectos/laravel-sign/vendor/laravel/framework/src/Illuminate/Foundation/Http/Kernel.php(142): Illuminate\\Pipeline\\Pipeline->then()
#42 /home/dperez/Documents/Proyectos/laravel-sign/vendor/laravel/framework/src/Illuminate/Foundation/Http/Kernel.php(111): Illuminate\\Foundation\\Http\\Kernel->sendRequestThroughRouter()
#43 /home/dperez/Documents/Proyectos/laravel-sign/public/index.php(14): Illuminate\\Foundation\\Http\\Kernel->handle()
#44 /home/dperez/Documents/Proyectos/laravel-sign/server.php(21): require_once('...')
#45 {main}

[previous exception] [object] (Error(code: 0): Object of class Greenter\\Model\\Sale\\Observation could not be converted to string at /home/dperez/Documents/Proyectos/laravel-sign/vendor/twig/twig/src/Extension/CoreExtension.php:2107)
[stacktrace]
#0 /home/dperez/Documents/Proyectos/laravel-sign/vendor/twig/twig/src/Environment.php(420) : eval()'d code(42): Twig\\Extension\\CoreExtension::captureOutput()
#1 /home/dperez/Documents/Proyectos/laravel-sign/vendor/twig/twig/src/Template.php(402): __TwigTemplate_d76200c848eb894b867c8dfeaade5612->doDisplay()
#2 /home/dperez/Documents/Proyectos/laravel-sign/vendor/twig/twig/src/Template.php(358): Twig\\Template->yield()
#3 /home/dperez/Documents/Proyectos/laravel-sign/vendor/twig/twig/src/Template.php(373): Twig\\Template->display()
#4 /home/dperez/Documents/Proyectos/laravel-sign/vendor/twig/twig/src/TemplateWrapper.php(51): Twig\\Template->render()
#5 /home/dperez/Documents/Proyectos/laravel-sign/vendor/twig/twig/src/Environment.php(333): Twig\\TemplateWrapper->render()
#6 /home/dperez/Documents/Proyectos/laravel-sign/vendor/greenter/xml/src/Xml/Builder/TwigBuilder.php(50): Twig\\Environment->render()
#7 /home/dperez/Documents/Proyectos/laravel-sign/vendor/greenter/xml/src/Xml/Builder/InvoiceBuilder.php(49): Greenter\\Xml\\Builder\\TwigBuilder->render()
#8 /home/dperez/Documents/Proyectos/laravel-sign/app/Http/Controllers/InvoiceController.php(129): Greenter\\Xml\\Builder\\InvoiceBuilder->build()
#9 /home/dperez/Documents/Proyectos/laravel-sign/vendor/laravel/framework/src/Illuminate/Routing/Controller.php(54): App\\Http\\Controllers\\InvoiceController->createXML()
#10 /home/dperez/Documents/Proyectos/laravel-sign/vendor/laravel/framework/src/Illuminate/Routing/ControllerDispatcher.php(45): Illuminate\\Routing\\Controller->callAction()
#11 /home/dperez/Documents/Proyectos/laravel-sign/vendor/laravel/framework/src/Illuminate/Routing/Route.php(261): Illuminate\\Routing\\ControllerDispatcher->dispatch()
#12 /home/dperez/Documents/Proyectos/laravel-sign/vendor/laravel/framework/src/Illuminate/Routing/Route.php(205): Illuminate\\Routing\\Route->runController()
#13 /home/dperez/Documents/Proyectos/laravel-sign/vendor/laravel/framework/src/Illuminate/Routing/Router.php(721): Illuminate\\Routing\\Route->run()
#14 /home/dperez/Documents/Proyectos/laravel-sign/vendor/laravel/framework/src/Illuminate/Pipeline/Pipeline.php(128): Illuminate\\Routing\\Router->Illuminate\\Routing\\{closure}()
#15 /home/dperez/Documents/Proyectos/laravel-sign/vendor/laravel/framework/src/Illuminate/Routing/Middleware/SubstituteBindings.php(50): Illuminate\\Pipeline\\Pipeline->Illuminate\\Pipeline\\{closure}()
#16 /home/dperez/Documents/Proyectos/laravel-sign/vendor/laravel/framework/src/Illuminate/Pipeline/Pipeline.php(167): Illuminate\\Routing\\Middleware\\SubstituteBindings->handle()
#17 /home/dperez/Documents/Proyectos/laravel-sign/vendor/laravel/framework/src/Illuminate/Routing/Middleware/ThrottleRequests.php(127): Illuminate\\Pipeline\\Pipeline->Illuminate\\Pipeline\\{closure}()
#18 /home/dperez/Documents/Proyectos/laravel-sign/vendor/laravel/framework/src/Illuminate/Routing/Middleware/ThrottleRequests.php(93): Illuminate\\Routing\\Middleware\\ThrottleRequests->handleRequest()
#19 /home/dperez/Documents/Proyectos/laravel-sign/vendor/laravel/framework/src/Illuminate/Routing/Middleware/ThrottleRequests.php(55): Illuminate\\Routing\\Middleware\\ThrottleRequests->handleRequestUsingNamedLimiter()
#20 /home/dperez/Documents/Proyectos/laravel-sign/vendor/laravel/framework/src/Illuminate/Pipeline/Pipeline.php(167): Illuminate\\Routing\\Middleware\\ThrottleRequests->handle()
#21 /home/dperez/Documents/Proyectos/laravel-sign/vendor/laravel/framework/src/Illuminate/Pipeline/Pipeline.php(103): Illuminate\\Pipeline\\Pipeline->Illuminate\\Pipeline\\{closure}()
#22 /home/dperez/Documents/Proyectos/laravel-sign/vendor/laravel/framework/src/Illuminate/Routing/Router.php(719): Illuminate\\Pipeline\\Pipeline->then()
#23 /home/dperez/Documents/Proyectos/laravel-sign/vendor/laravel/framework/src/Illuminate/Routing/Router.php(698): Illuminate\\Routing\\Router->runRouteWithinStack()
#24 /home/dperez/Documents/Proyectos/laravel-sign/vendor/laravel/framework/src/Illuminate/Routing/Router.php(662): Illuminate\\Routing\\Router->runRoute()
#25 /home/dperez/Documents/Proyectos/laravel-sign/vendor/laravel/framework/src/Illuminate/Routing/Router.php(651): Illuminate\\Routing\\Router->dispatchToRoute()
#26 /home/dperez/Documents/Proyectos/laravel-sign/vendor/laravel/framework/src/Illuminate/Foundation/Http/Kernel.php(167): Illuminate\\Routing\\Router->dispatch()
#27 /home/dperez/Documents/Proyectos/laravel-sign/vendor/laravel/framework/src/Illuminate/Pipeline/Pipeline.php(128): Illuminate\\Foundation\\Http\\Kernel->Illuminate\\Foundation\\Http\\{closure}()
#28 /home/dperez/Documents/Proyectos/laravel-sign/vendor/laravel/framework/src/Illuminate/Foundation/Http/Middleware/TransformsRequest.php(21): Illuminate\\Pipeline\\Pipeline->Illuminate\\Pipeline\\{closure}()
#29 /home/dperez/Documents/Proyectos/laravel-sign/vendor/laravel/framework/src/Illuminate/Foundation/Http/Middleware/ConvertEmptyStringsToNull.php(31): Illuminate\\Foundation\\Http\\Middleware\\TransformsRequest->handle()
#30 /home/dperez/Documents/Proyectos/laravel-sign/vendor/laravel/framework/src/Illuminate/Pipeline/Pipeline.php(167): Illuminate\\Foundation\\Http\\Middleware\\ConvertEmptyStringsToNull->handle()
#31 /home/dperez/Documents/Proyectos/laravel-sign/vendor/laravel/framework/src/Illuminate/Foundation/Http/Middleware/TransformsRequest.php(21): Illuminate\\Pipeline\\Pipeline->Illuminate\\Pipeline\\{closure}()
#32 /home/dperez/Documents/Proyectos/laravel-sign/vendor/laravel/framework/src/Illuminate/Foundation/Http/Middleware/TrimStrings.php(40): Illuminate\\Foundation\\Http\\Middleware\\TransformsRequest->handle()
#33 /home/dperez/Documents/Proyectos/laravel-sign/vendor/laravel/framework/src/Illuminate/Pipeline/Pipeline.php(167): Illuminate\\Foundation\\Http\\Middleware\\TrimStrings->handle()
#34 /home/dperez/Documents/Proyectos/laravel-sign/vendor/laravel/framework/src/Illuminate/Foundation/Http/Middleware/ValidatePostSize.php(27): Illuminate\\Pipeline\\Pipeline->Illuminate\\Pipeline\\{closure}()
#35 /home/dperez/Documents/Proyectos/laravel-sign/vendor/laravel/framework/src/Illuminate/Pipeline/Pipeline.php(167): Illuminate\\Foundation\\Http\\Middleware\\ValidatePostSize->handle()
#36 /home/dperez/Documents/Proyectos/laravel-sign/vendor/laravel/framework/src/Illuminate/Foundation/Http/Middleware/PreventRequestsDuringMaintenance.php(86): Illuminate\\Pipeline\\Pipeline->Illuminate\\Pipeline\\{closure}()
#37 /home/dperez/Documents/Proyectos/laravel-sign/vendor/laravel/framework/src/Illuminate/Pipeline/Pipeline.php(167): Illuminate\\Foundation\\Http\\Middleware\\PreventRequestsDuringMaintenance->handle()
#38 /home/dperez/Documents/Proyectos/laravel-sign/vendor/fruitcake/laravel-cors/src/HandleCors.php(52): Illuminate\\Pipeline\\Pipeline->Illuminate\\Pipeline\\{closure}()
#39 /home/dperez/Documents/Proyectos/laravel-sign/vendor/laravel/framework/src/Illuminate/Pipeline/Pipeline.php(167): Fruitcake\\Cors\\HandleCors->handle()
#40 /home/dperez/Documents/Proyectos/laravel-sign/vendor/laravel/framework/src/Illuminate/Http/Middleware/TrustProxies.php(39): Illuminate\\Pipeline\\Pipeline->Illuminate\\Pipeline\\{closure}()
#41 /home/dperez/Documents/Proyectos/laravel-sign/vendor/laravel/framework/src/Illuminate/Pipeline/Pipeline.php(167): Illuminate\\Http\\Middleware\\TrustProxies->handle()
#42 /home/dperez/Documents/Proyectos/laravel-sign/vendor/laravel/framework/src/Illuminate/Pipeline/Pipeline.php(103): Illuminate\\Pipeline\\Pipeline->Illuminate\\Pipeline\\{closure}()
#43 /home/dperez/Documents/Proyectos/laravel-sign/vendor/laravel/framework/src/Illuminate/Foundation/Http/Kernel.php(142): Illuminate\\Pipeline\\Pipeline->then()
#44 /home/dperez/Documents/Proyectos/laravel-sign/vendor/laravel/framework/src/Illuminate/Foundation/Http/Kernel.php(111): Illuminate\\Foundation\\Http\\Kernel->sendRequestThroughRouter()
#45 /home/dperez/Documents/Proyectos/laravel-sign/public/index.php(14): Illuminate\\Foundation\\Http\\Kernel->handle()
#46 /home/dperez/Documents/Proyectos/laravel-sign/server.php(21): require_once('...')
#47 {main}
"} 
[2025-05-28 09:03:01] local.ERROR: An exception has been thrown during the rendering of a template ("Object of class Greenter\Model\Sale\Observation could not be converted to string") in "invoice2.1.xml.twig" at line 1. {"exception":"[object] (Twig\\Error\\RuntimeError(code: 0): An exception has been thrown during the rendering of a template (\"Object of class Greenter\\Model\\Sale\\Observation could not be converted to string\") in \"invoice2.1.xml.twig\" at line 1. at /home/dperez/Documents/Proyectos/laravel-sign/vendor/greenter/xml/src/Xml/Templates/invoice2.1.xml.twig:1)
[stacktrace]
#0 /home/dperez/Documents/Proyectos/laravel-sign/vendor/twig/twig/src/Template.php(358): Twig\\Template->yield()
#1 /home/dperez/Documents/Proyectos/laravel-sign/vendor/twig/twig/src/Template.php(373): Twig\\Template->display()
#2 /home/dperez/Documents/Proyectos/laravel-sign/vendor/twig/twig/src/TemplateWrapper.php(51): Twig\\Template->render()
#3 /home/dperez/Documents/Proyectos/laravel-sign/vendor/twig/twig/src/Environment.php(333): Twig\\TemplateWrapper->render()
#4 /home/dperez/Documents/Proyectos/laravel-sign/vendor/greenter/xml/src/Xml/Builder/TwigBuilder.php(50): Twig\\Environment->render()
#5 /home/dperez/Documents/Proyectos/laravel-sign/vendor/greenter/xml/src/Xml/Builder/InvoiceBuilder.php(49): Greenter\\Xml\\Builder\\TwigBuilder->render()
#6 /home/dperez/Documents/Proyectos/laravel-sign/app/Http/Controllers/InvoiceController.php(129): Greenter\\Xml\\Builder\\InvoiceBuilder->build()
#7 /home/dperez/Documents/Proyectos/laravel-sign/vendor/laravel/framework/src/Illuminate/Routing/Controller.php(54): App\\Http\\Controllers\\InvoiceController->createXML()
#8 /home/dperez/Documents/Proyectos/laravel-sign/vendor/laravel/framework/src/Illuminate/Routing/ControllerDispatcher.php(45): Illuminate\\Routing\\Controller->callAction()
#9 /home/dperez/Documents/Proyectos/laravel-sign/vendor/laravel/framework/src/Illuminate/Routing/Route.php(261): Illuminate\\Routing\\ControllerDispatcher->dispatch()
#10 /home/dperez/Documents/Proyectos/laravel-sign/vendor/laravel/framework/src/Illuminate/Routing/Route.php(205): Illuminate\\Routing\\Route->runController()
#11 /home/dperez/Documents/Proyectos/laravel-sign/vendor/laravel/framework/src/Illuminate/Routing/Router.php(721): Illuminate\\Routing\\Route->run()
#12 /home/dperez/Documents/Proyectos/laravel-sign/vendor/laravel/framework/src/Illuminate/Pipeline/Pipeline.php(128): Illuminate\\Routing\\Router->Illuminate\\Routing\\{closure}()
#13 /home/dperez/Documents/Proyectos/laravel-sign/vendor/laravel/framework/src/Illuminate/Routing/Middleware/SubstituteBindings.php(50): Illuminate\\Pipeline\\Pipeline->Illuminate\\Pipeline\\{closure}()
#14 /home/dperez/Documents/Proyectos/laravel-sign/vendor/laravel/framework/src/Illuminate/Pipeline/Pipeline.php(167): Illuminate\\Routing\\Middleware\\SubstituteBindings->handle()
#15 /home/dperez/Documents/Proyectos/laravel-sign/vendor/laravel/framework/src/Illuminate/Routing/Middleware/ThrottleRequests.php(127): Illuminate\\Pipeline\\Pipeline->Illuminate\\Pipeline\\{closure}()
#16 /home/dperez/Documents/Proyectos/laravel-sign/vendor/laravel/framework/src/Illuminate/Routing/Middleware/ThrottleRequests.php(93): Illuminate\\Routing\\Middleware\\ThrottleRequests->handleRequest()
#17 /home/dperez/Documents/Proyectos/laravel-sign/vendor/laravel/framework/src/Illuminate/Routing/Middleware/ThrottleRequests.php(55): Illuminate\\Routing\\Middleware\\ThrottleRequests->handleRequestUsingNamedLimiter()
#18 /home/dperez/Documents/Proyectos/laravel-sign/vendor/laravel/framework/src/Illuminate/Pipeline/Pipeline.php(167): Illuminate\\Routing\\Middleware\\ThrottleRequests->handle()
#19 /home/dperez/Documents/Proyectos/laravel-sign/vendor/laravel/framework/src/Illuminate/Pipeline/Pipeline.php(103): Illuminate\\Pipeline\\Pipeline->Illuminate\\Pipeline\\{closure}()
#20 /home/dperez/Documents/Proyectos/laravel-sign/vendor/laravel/framework/src/Illuminate/Routing/Router.php(719): Illuminate\\Pipeline\\Pipeline->then()
#21 /home/dperez/Documents/Proyectos/laravel-sign/vendor/laravel/framework/src/Illuminate/Routing/Router.php(698): Illuminate\\Routing\\Router->runRouteWithinStack()
#22 /home/dperez/Documents/Proyectos/laravel-sign/vendor/laravel/framework/src/Illuminate/Routing/Router.php(662): Illuminate\\Routing\\Router->runRoute()
#23 /home/dperez/Documents/Proyectos/laravel-sign/vendor/laravel/framework/src/Illuminate/Routing/Router.php(651): Illuminate\\Routing\\Router->dispatchToRoute()
#24 /home/dperez/Documents/Proyectos/laravel-sign/vendor/laravel/framework/src/Illuminate/Foundation/Http/Kernel.php(167): Illuminate\\Routing\\Router->dispatch()
#25 /home/dperez/Documents/Proyectos/laravel-sign/vendor/laravel/framework/src/Illuminate/Pipeline/Pipeline.php(128): Illuminate\\Foundation\\Http\\Kernel->Illuminate\\Foundation\\Http\\{closure}()
#26 /home/dperez/Documents/Proyectos/laravel-sign/vendor/laravel/framework/src/Illuminate/Foundation/Http/Middleware/TransformsRequest.php(21): Illuminate\\Pipeline\\Pipeline->Illuminate\\Pipeline\\{closure}()
#27 /home/dperez/Documents/Proyectos/laravel-sign/vendor/laravel/framework/src/Illuminate/Foundation/Http/Middleware/ConvertEmptyStringsToNull.php(31): Illuminate\\Foundation\\Http\\Middleware\\TransformsRequest->handle()
#28 /home/dperez/Documents/Proyectos/laravel-sign/vendor/laravel/framework/src/Illuminate/Pipeline/Pipeline.php(167): Illuminate\\Foundation\\Http\\Middleware\\ConvertEmptyStringsToNull->handle()
#29 /home/dperez/Documents/Proyectos/laravel-sign/vendor/laravel/framework/src/Illuminate/Foundation/Http/Middleware/TransformsRequest.php(21): Illuminate\\Pipeline\\Pipeline->Illuminate\\Pipeline\\{closure}()
#30 /home/dperez/Documents/Proyectos/laravel-sign/vendor/laravel/framework/src/Illuminate/Foundation/Http/Middleware/TrimStrings.php(40): Illuminate\\Foundation\\Http\\Middleware\\TransformsRequest->handle()
#31 /home/dperez/Documents/Proyectos/laravel-sign/vendor/laravel/framework/src/Illuminate/Pipeline/Pipeline.php(167): Illuminate\\Foundation\\Http\\Middleware\\TrimStrings->handle()
#32 /home/dperez/Documents/Proyectos/laravel-sign/vendor/laravel/framework/src/Illuminate/Foundation/Http/Middleware/ValidatePostSize.php(27): Illuminate\\Pipeline\\Pipeline->Illuminate\\Pipeline\\{closure}()
#33 /home/dperez/Documents/Proyectos/laravel-sign/vendor/laravel/framework/src/Illuminate/Pipeline/Pipeline.php(167): Illuminate\\Foundation\\Http\\Middleware\\ValidatePostSize->handle()
#34 /home/dperez/Documents/Proyectos/laravel-sign/vendor/laravel/framework/src/Illuminate/Foundation/Http/Middleware/PreventRequestsDuringMaintenance.php(86): Illuminate\\Pipeline\\Pipeline->Illuminate\\Pipeline\\{closure}()
#35 /home/dperez/Documents/Proyectos/laravel-sign/vendor/laravel/framework/src/Illuminate/Pipeline/Pipeline.php(167): Illuminate\\Foundation\\Http\\Middleware\\PreventRequestsDuringMaintenance->handle()
#36 /home/dperez/Documents/Proyectos/laravel-sign/vendor/fruitcake/laravel-cors/src/HandleCors.php(52): Illuminate\\Pipeline\\Pipeline->Illuminate\\Pipeline\\{closure}()
#37 /home/dperez/Documents/Proyectos/laravel-sign/vendor/laravel/framework/src/Illuminate/Pipeline/Pipeline.php(167): Fruitcake\\Cors\\HandleCors->handle()
#38 /home/dperez/Documents/Proyectos/laravel-sign/vendor/laravel/framework/src/Illuminate/Http/Middleware/TrustProxies.php(39): Illuminate\\Pipeline\\Pipeline->Illuminate\\Pipeline\\{closure}()
#39 /home/dperez/Documents/Proyectos/laravel-sign/vendor/laravel/framework/src/Illuminate/Pipeline/Pipeline.php(167): Illuminate\\Http\\Middleware\\TrustProxies->handle()
#40 /home/dperez/Documents/Proyectos/laravel-sign/vendor/laravel/framework/src/Illuminate/Pipeline/Pipeline.php(103): Illuminate\\Pipeline\\Pipeline->Illuminate\\Pipeline\\{closure}()
#41 /home/dperez/Documents/Proyectos/laravel-sign/vendor/laravel/framework/src/Illuminate/Foundation/Http/Kernel.php(142): Illuminate\\Pipeline\\Pipeline->then()
#42 /home/dperez/Documents/Proyectos/laravel-sign/vendor/laravel/framework/src/Illuminate/Foundation/Http/Kernel.php(111): Illuminate\\Foundation\\Http\\Kernel->sendRequestThroughRouter()
#43 /home/dperez/Documents/Proyectos/laravel-sign/public/index.php(14): Illuminate\\Foundation\\Http\\Kernel->handle()
#44 /home/dperez/Documents/Proyectos/laravel-sign/server.php(21): require_once('...')
#45 {main}

[previous exception] [object] (Error(code: 0): Object of class Greenter\\Model\\Sale\\Observation could not be converted to string at /home/dperez/Documents/Proyectos/laravel-sign/vendor/twig/twig/src/Extension/CoreExtension.php:2107)
[stacktrace]
#0 /home/dperez/Documents/Proyectos/laravel-sign/vendor/twig/twig/src/Environment.php(420) : eval()'d code(42): Twig\\Extension\\CoreExtension::captureOutput()
#1 /home/dperez/Documents/Proyectos/laravel-sign/vendor/twig/twig/src/Template.php(402): __TwigTemplate_d76200c848eb894b867c8dfeaade5612->doDisplay()
#2 /home/dperez/Documents/Proyectos/laravel-sign/vendor/twig/twig/src/Template.php(358): Twig\\Template->yield()
#3 /home/dperez/Documents/Proyectos/laravel-sign/vendor/twig/twig/src/Template.php(373): Twig\\Template->display()
#4 /home/dperez/Documents/Proyectos/laravel-sign/vendor/twig/twig/src/TemplateWrapper.php(51): Twig\\Template->render()
#5 /home/dperez/Documents/Proyectos/laravel-sign/vendor/twig/twig/src/Environment.php(333): Twig\\TemplateWrapper->render()
#6 /home/dperez/Documents/Proyectos/laravel-sign/vendor/greenter/xml/src/Xml/Builder/TwigBuilder.php(50): Twig\\Environment->render()
#7 /home/dperez/Documents/Proyectos/laravel-sign/vendor/greenter/xml/src/Xml/Builder/InvoiceBuilder.php(49): Greenter\\Xml\\Builder\\TwigBuilder->render()
#8 /home/dperez/Documents/Proyectos/laravel-sign/app/Http/Controllers/InvoiceController.php(129): Greenter\\Xml\\Builder\\InvoiceBuilder->build()
#9 /home/dperez/Documents/Proyectos/laravel-sign/vendor/laravel/framework/src/Illuminate/Routing/Controller.php(54): App\\Http\\Controllers\\InvoiceController->createXML()
#10 /home/dperez/Documents/Proyectos/laravel-sign/vendor/laravel/framework/src/Illuminate/Routing/ControllerDispatcher.php(45): Illuminate\\Routing\\Controller->callAction()
#11 /home/dperez/Documents/Proyectos/laravel-sign/vendor/laravel/framework/src/Illuminate/Routing/Route.php(261): Illuminate\\Routing\\ControllerDispatcher->dispatch()
#12 /home/dperez/Documents/Proyectos/laravel-sign/vendor/laravel/framework/src/Illuminate/Routing/Route.php(205): Illuminate\\Routing\\Route->runController()
#13 /home/dperez/Documents/Proyectos/laravel-sign/vendor/laravel/framework/src/Illuminate/Routing/Router.php(721): Illuminate\\Routing\\Route->run()
#14 /home/dperez/Documents/Proyectos/laravel-sign/vendor/laravel/framework/src/Illuminate/Pipeline/Pipeline.php(128): Illuminate\\Routing\\Router->Illuminate\\Routing\\{closure}()
#15 /home/dperez/Documents/Proyectos/laravel-sign/vendor/laravel/framework/src/Illuminate/Routing/Middleware/SubstituteBindings.php(50): Illuminate\\Pipeline\\Pipeline->Illuminate\\Pipeline\\{closure}()
#16 /home/dperez/Documents/Proyectos/laravel-sign/vendor/laravel/framework/src/Illuminate/Pipeline/Pipeline.php(167): Illuminate\\Routing\\Middleware\\SubstituteBindings->handle()
#17 /home/dperez/Documents/Proyectos/laravel-sign/vendor/laravel/framework/src/Illuminate/Routing/Middleware/ThrottleRequests.php(127): Illuminate\\Pipeline\\Pipeline->Illuminate\\Pipeline\\{closure}()
#18 /home/dperez/Documents/Proyectos/laravel-sign/vendor/laravel/framework/src/Illuminate/Routing/Middleware/ThrottleRequests.php(93): Illuminate\\Routing\\Middleware\\ThrottleRequests->handleRequest()
#19 /home/dperez/Documents/Proyectos/laravel-sign/vendor/laravel/framework/src/Illuminate/Routing/Middleware/ThrottleRequests.php(55): Illuminate\\Routing\\Middleware\\ThrottleRequests->handleRequestUsingNamedLimiter()
#20 /home/dperez/Documents/Proyectos/laravel-sign/vendor/laravel/framework/src/Illuminate/Pipeline/Pipeline.php(167): Illuminate\\Routing\\Middleware\\ThrottleRequests->handle()
#21 /home/dperez/Documents/Proyectos/laravel-sign/vendor/laravel/framework/src/Illuminate/Pipeline/Pipeline.php(103): Illuminate\\Pipeline\\Pipeline->Illuminate\\Pipeline\\{closure}()
#22 /home/dperez/Documents/Proyectos/laravel-sign/vendor/laravel/framework/src/Illuminate/Routing/Router.php(719): Illuminate\\Pipeline\\Pipeline->then()
#23 /home/dperez/Documents/Proyectos/laravel-sign/vendor/laravel/framework/src/Illuminate/Routing/Router.php(698): Illuminate\\Routing\\Router->runRouteWithinStack()
#24 /home/dperez/Documents/Proyectos/laravel-sign/vendor/laravel/framework/src/Illuminate/Routing/Router.php(662): Illuminate\\Routing\\Router->runRoute()
#25 /home/dperez/Documents/Proyectos/laravel-sign/vendor/laravel/framework/src/Illuminate/Routing/Router.php(651): Illuminate\\Routing\\Router->dispatchToRoute()
#26 /home/dperez/Documents/Proyectos/laravel-sign/vendor/laravel/framework/src/Illuminate/Foundation/Http/Kernel.php(167): Illuminate\\Routing\\Router->dispatch()
#27 /home/dperez/Documents/Proyectos/laravel-sign/vendor/laravel/framework/src/Illuminate/Pipeline/Pipeline.php(128): Illuminate\\Foundation\\Http\\Kernel->Illuminate\\Foundation\\Http\\{closure}()
#28 /home/dperez/Documents/Proyectos/laravel-sign/vendor/laravel/framework/src/Illuminate/Foundation/Http/Middleware/TransformsRequest.php(21): Illuminate\\Pipeline\\Pipeline->Illuminate\\Pipeline\\{closure}()
#29 /home/dperez/Documents/Proyectos/laravel-sign/vendor/laravel/framework/src/Illuminate/Foundation/Http/Middleware/ConvertEmptyStringsToNull.php(31): Illuminate\\Foundation\\Http\\Middleware\\TransformsRequest->handle()
#30 /home/dperez/Documents/Proyectos/laravel-sign/vendor/laravel/framework/src/Illuminate/Pipeline/Pipeline.php(167): Illuminate\\Foundation\\Http\\Middleware\\ConvertEmptyStringsToNull->handle()
#31 /home/dperez/Documents/Proyectos/laravel-sign/vendor/laravel/framework/src/Illuminate/Foundation/Http/Middleware/TransformsRequest.php(21): Illuminate\\Pipeline\\Pipeline->Illuminate\\Pipeline\\{closure}()
#32 /home/dperez/Documents/Proyectos/laravel-sign/vendor/laravel/framework/src/Illuminate/Foundation/Http/Middleware/TrimStrings.php(40): Illuminate\\Foundation\\Http\\Middleware\\TransformsRequest->handle()
#33 /home/dperez/Documents/Proyectos/laravel-sign/vendor/laravel/framework/src/Illuminate/Pipeline/Pipeline.php(167): Illuminate\\Foundation\\Http\\Middleware\\TrimStrings->handle()
#34 /home/dperez/Documents/Proyectos/laravel-sign/vendor/laravel/framework/src/Illuminate/Foundation/Http/Middleware/ValidatePostSize.php(27): Illuminate\\Pipeline\\Pipeline->Illuminate\\Pipeline\\{closure}()
#35 /home/dperez/Documents/Proyectos/laravel-sign/vendor/laravel/framework/src/Illuminate/Pipeline/Pipeline.php(167): Illuminate\\Foundation\\Http\\Middleware\\ValidatePostSize->handle()
#36 /home/dperez/Documents/Proyectos/laravel-sign/vendor/laravel/framework/src/Illuminate/Foundation/Http/Middleware/PreventRequestsDuringMaintenance.php(86): Illuminate\\Pipeline\\Pipeline->Illuminate\\Pipeline\\{closure}()
#37 /home/dperez/Documents/Proyectos/laravel-sign/vendor/laravel/framework/src/Illuminate/Pipeline/Pipeline.php(167): Illuminate\\Foundation\\Http\\Middleware\\PreventRequestsDuringMaintenance->handle()
#38 /home/dperez/Documents/Proyectos/laravel-sign/vendor/fruitcake/laravel-cors/src/HandleCors.php(52): Illuminate\\Pipeline\\Pipeline->Illuminate\\Pipeline\\{closure}()
#39 /home/dperez/Documents/Proyectos/laravel-sign/vendor/laravel/framework/src/Illuminate/Pipeline/Pipeline.php(167): Fruitcake\\Cors\\HandleCors->handle()
#40 /home/dperez/Documents/Proyectos/laravel-sign/vendor/laravel/framework/src/Illuminate/Http/Middleware/TrustProxies.php(39): Illuminate\\Pipeline\\Pipeline->Illuminate\\Pipeline\\{closure}()
#41 /home/dperez/Documents/Proyectos/laravel-sign/vendor/laravel/framework/src/Illuminate/Pipeline/Pipeline.php(167): Illuminate\\Http\\Middleware\\TrustProxies->handle()
#42 /home/dperez/Documents/Proyectos/laravel-sign/vendor/laravel/framework/src/Illuminate/Pipeline/Pipeline.php(103): Illuminate\\Pipeline\\Pipeline->Illuminate\\Pipeline\\{closure}()
#43 /home/dperez/Documents/Proyectos/laravel-sign/vendor/laravel/framework/src/Illuminate/Foundation/Http/Kernel.php(142): Illuminate\\Pipeline\\Pipeline->then()
#44 /home/dperez/Documents/Proyectos/laravel-sign/vendor/laravel/framework/src/Illuminate/Foundation/Http/Kernel.php(111): Illuminate\\Foundation\\Http\\Kernel->sendRequestThroughRouter()
#45 /home/dperez/Documents/Proyectos/laravel-sign/public/index.php(14): Illuminate\\Foundation\\Http\\Kernel->handle()
#46 /home/dperez/Documents/Proyectos/laravel-sign/server.php(21): require_once('...')
#47 {main}
"} 
[2025-05-28 09:05:14] local.ERROR: App\DTOs\Company\AddressData::__construct(): Argument #4 ($distrito) must be of type string, null given, called in /home/dperez/Documents/Proyectos/laravel-sign/app/DTOs/Company/AddressData.php on line 19 {"exception":"[object] (TypeError(code: 0): App\\DTOs\\Company\\AddressData::__construct(): Argument #4 ($distrito) must be of type string, null given, called in /home/dperez/Documents/Proyectos/laravel-sign/app/DTOs/Company/AddressData.php on line 19 at /home/dperez/Documents/Proyectos/laravel-sign/app/DTOs/Company/AddressData.php:7)
[stacktrace]
#0 /home/dperez/Documents/Proyectos/laravel-sign/app/DTOs/Company/AddressData.php(19): App\\DTOs\\Company\\AddressData->__construct()
#1 /home/dperez/Documents/Proyectos/laravel-sign/app/DTOs/Company/CompanyData.php(20): App\\DTOs\\Company\\AddressData::from()
#2 /home/dperez/Documents/Proyectos/laravel-sign/app/DTOs/InvoiceDTO.php(25): App\\DTOs\\Company\\CompanyData::from()
#3 /home/dperez/Documents/Proyectos/laravel-sign/app/Http/Controllers/InvoiceController.php(26): App\\DTOs\\InvoiceDTO::fromRequest()
#4 /home/dperez/Documents/Proyectos/laravel-sign/vendor/laravel/framework/src/Illuminate/Routing/Controller.php(54): App\\Http\\Controllers\\InvoiceController->createXML()
#5 /home/dperez/Documents/Proyectos/laravel-sign/vendor/laravel/framework/src/Illuminate/Routing/ControllerDispatcher.php(45): Illuminate\\Routing\\Controller->callAction()
#6 /home/dperez/Documents/Proyectos/laravel-sign/vendor/laravel/framework/src/Illuminate/Routing/Route.php(261): Illuminate\\Routing\\ControllerDispatcher->dispatch()
#7 /home/dperez/Documents/Proyectos/laravel-sign/vendor/laravel/framework/src/Illuminate/Routing/Route.php(205): Illuminate\\Routing\\Route->runController()
#8 /home/dperez/Documents/Proyectos/laravel-sign/vendor/laravel/framework/src/Illuminate/Routing/Router.php(721): Illuminate\\Routing\\Route->run()
#9 /home/dperez/Documents/Proyectos/laravel-sign/vendor/laravel/framework/src/Illuminate/Pipeline/Pipeline.php(128): Illuminate\\Routing\\Router->Illuminate\\Routing\\{closure}()
#10 /home/dperez/Documents/Proyectos/laravel-sign/vendor/laravel/framework/src/Illuminate/Routing/Middleware/SubstituteBindings.php(50): Illuminate\\Pipeline\\Pipeline->Illuminate\\Pipeline\\{closure}()
#11 /home/dperez/Documents/Proyectos/laravel-sign/vendor/laravel/framework/src/Illuminate/Pipeline/Pipeline.php(167): Illuminate\\Routing\\Middleware\\SubstituteBindings->handle()
#12 /home/dperez/Documents/Proyectos/laravel-sign/vendor/laravel/framework/src/Illuminate/Routing/Middleware/ThrottleRequests.php(127): Illuminate\\Pipeline\\Pipeline->Illuminate\\Pipeline\\{closure}()
#13 /home/dperez/Documents/Proyectos/laravel-sign/vendor/laravel/framework/src/Illuminate/Routing/Middleware/ThrottleRequests.php(93): Illuminate\\Routing\\Middleware\\ThrottleRequests->handleRequest()
#14 /home/dperez/Documents/Proyectos/laravel-sign/vendor/laravel/framework/src/Illuminate/Routing/Middleware/ThrottleRequests.php(55): Illuminate\\Routing\\Middleware\\ThrottleRequests->handleRequestUsingNamedLimiter()
#15 /home/dperez/Documents/Proyectos/laravel-sign/vendor/laravel/framework/src/Illuminate/Pipeline/Pipeline.php(167): Illuminate\\Routing\\Middleware\\ThrottleRequests->handle()
#16 /home/dperez/Documents/Proyectos/laravel-sign/vendor/laravel/framework/src/Illuminate/Pipeline/Pipeline.php(103): Illuminate\\Pipeline\\Pipeline->Illuminate\\Pipeline\\{closure}()
#17 /home/dperez/Documents/Proyectos/laravel-sign/vendor/laravel/framework/src/Illuminate/Routing/Router.php(719): Illuminate\\Pipeline\\Pipeline->then()
#18 /home/dperez/Documents/Proyectos/laravel-sign/vendor/laravel/framework/src/Illuminate/Routing/Router.php(698): Illuminate\\Routing\\Router->runRouteWithinStack()
#19 /home/dperez/Documents/Proyectos/laravel-sign/vendor/laravel/framework/src/Illuminate/Routing/Router.php(662): Illuminate\\Routing\\Router->runRoute()
#20 /home/dperez/Documents/Proyectos/laravel-sign/vendor/laravel/framework/src/Illuminate/Routing/Router.php(651): Illuminate\\Routing\\Router->dispatchToRoute()
#21 /home/dperez/Documents/Proyectos/laravel-sign/vendor/laravel/framework/src/Illuminate/Foundation/Http/Kernel.php(167): Illuminate\\Routing\\Router->dispatch()
#22 /home/dperez/Documents/Proyectos/laravel-sign/vendor/laravel/framework/src/Illuminate/Pipeline/Pipeline.php(128): Illuminate\\Foundation\\Http\\Kernel->Illuminate\\Foundation\\Http\\{closure}()
#23 /home/dperez/Documents/Proyectos/laravel-sign/vendor/laravel/framework/src/Illuminate/Foundation/Http/Middleware/TransformsRequest.php(21): Illuminate\\Pipeline\\Pipeline->Illuminate\\Pipeline\\{closure}()
#24 /home/dperez/Documents/Proyectos/laravel-sign/vendor/laravel/framework/src/Illuminate/Foundation/Http/Middleware/ConvertEmptyStringsToNull.php(31): Illuminate\\Foundation\\Http\\Middleware\\TransformsRequest->handle()
#25 /home/dperez/Documents/Proyectos/laravel-sign/vendor/laravel/framework/src/Illuminate/Pipeline/Pipeline.php(167): Illuminate\\Foundation\\Http\\Middleware\\ConvertEmptyStringsToNull->handle()
#26 /home/dperez/Documents/Proyectos/laravel-sign/vendor/laravel/framework/src/Illuminate/Foundation/Http/Middleware/TransformsRequest.php(21): Illuminate\\Pipeline\\Pipeline->Illuminate\\Pipeline\\{closure}()
#27 /home/dperez/Documents/Proyectos/laravel-sign/vendor/laravel/framework/src/Illuminate/Foundation/Http/Middleware/TrimStrings.php(40): Illuminate\\Foundation\\Http\\Middleware\\TransformsRequest->handle()
#28 /home/dperez/Documents/Proyectos/laravel-sign/vendor/laravel/framework/src/Illuminate/Pipeline/Pipeline.php(167): Illuminate\\Foundation\\Http\\Middleware\\TrimStrings->handle()
#29 /home/dperez/Documents/Proyectos/laravel-sign/vendor/laravel/framework/src/Illuminate/Foundation/Http/Middleware/ValidatePostSize.php(27): Illuminate\\Pipeline\\Pipeline->Illuminate\\Pipeline\\{closure}()
#30 /home/dperez/Documents/Proyectos/laravel-sign/vendor/laravel/framework/src/Illuminate/Pipeline/Pipeline.php(167): Illuminate\\Foundation\\Http\\Middleware\\ValidatePostSize->handle()
#31 /home/dperez/Documents/Proyectos/laravel-sign/vendor/laravel/framework/src/Illuminate/Foundation/Http/Middleware/PreventRequestsDuringMaintenance.php(86): Illuminate\\Pipeline\\Pipeline->Illuminate\\Pipeline\\{closure}()
#32 /home/dperez/Documents/Proyectos/laravel-sign/vendor/laravel/framework/src/Illuminate/Pipeline/Pipeline.php(167): Illuminate\\Foundation\\Http\\Middleware\\PreventRequestsDuringMaintenance->handle()
#33 /home/dperez/Documents/Proyectos/laravel-sign/vendor/fruitcake/laravel-cors/src/HandleCors.php(52): Illuminate\\Pipeline\\Pipeline->Illuminate\\Pipeline\\{closure}()
#34 /home/dperez/Documents/Proyectos/laravel-sign/vendor/laravel/framework/src/Illuminate/Pipeline/Pipeline.php(167): Fruitcake\\Cors\\HandleCors->handle()
#35 /home/dperez/Documents/Proyectos/laravel-sign/vendor/laravel/framework/src/Illuminate/Http/Middleware/TrustProxies.php(39): Illuminate\\Pipeline\\Pipeline->Illuminate\\Pipeline\\{closure}()
#36 /home/dperez/Documents/Proyectos/laravel-sign/vendor/laravel/framework/src/Illuminate/Pipeline/Pipeline.php(167): Illuminate\\Http\\Middleware\\TrustProxies->handle()
#37 /home/dperez/Documents/Proyectos/laravel-sign/vendor/laravel/framework/src/Illuminate/Pipeline/Pipeline.php(103): Illuminate\\Pipeline\\Pipeline->Illuminate\\Pipeline\\{closure}()
#38 /home/dperez/Documents/Proyectos/laravel-sign/vendor/laravel/framework/src/Illuminate/Foundation/Http/Kernel.php(142): Illuminate\\Pipeline\\Pipeline->then()
#39 /home/dperez/Documents/Proyectos/laravel-sign/vendor/laravel/framework/src/Illuminate/Foundation/Http/Kernel.php(111): Illuminate\\Foundation\\Http\\Kernel->sendRequestThroughRouter()
#40 /home/dperez/Documents/Proyectos/laravel-sign/public/index.php(14): Illuminate\\Foundation\\Http\\Kernel->handle()
#41 /home/dperez/Documents/Proyectos/laravel-sign/server.php(21): require_once('...')
#42 {main}
"} 
[2025-05-28 09:06:35] local.ERROR: App\DTOs\Company\AddressData::__construct(): Argument #4 ($distrito) must be of type string, null given, called in /home/dperez/Documents/Proyectos/laravel-sign/app/DTOs/Company/AddressData.php on line 19 {"exception":"[object] (TypeError(code: 0): App\\DTOs\\Company\\AddressData::__construct(): Argument #4 ($distrito) must be of type string, null given, called in /home/dperez/Documents/Proyectos/laravel-sign/app/DTOs/Company/AddressData.php on line 19 at /home/dperez/Documents/Proyectos/laravel-sign/app/DTOs/Company/AddressData.php:7)
[stacktrace]
#0 /home/dperez/Documents/Proyectos/laravel-sign/app/DTOs/Company/AddressData.php(19): App\\DTOs\\Company\\AddressData->__construct()
#1 /home/dperez/Documents/Proyectos/laravel-sign/app/DTOs/Company/CompanyData.php(20): App\\DTOs\\Company\\AddressData::from()
#2 /home/dperez/Documents/Proyectos/laravel-sign/app/DTOs/InvoiceDTO.php(25): App\\DTOs\\Company\\CompanyData::from()
#3 /home/dperez/Documents/Proyectos/laravel-sign/app/Http/Controllers/InvoiceController.php(26): App\\DTOs\\InvoiceDTO::fromRequest()
#4 /home/dperez/Documents/Proyectos/laravel-sign/vendor/laravel/framework/src/Illuminate/Routing/Controller.php(54): App\\Http\\Controllers\\InvoiceController->createXML()
#5 /home/dperez/Documents/Proyectos/laravel-sign/vendor/laravel/framework/src/Illuminate/Routing/ControllerDispatcher.php(45): Illuminate\\Routing\\Controller->callAction()
#6 /home/dperez/Documents/Proyectos/laravel-sign/vendor/laravel/framework/src/Illuminate/Routing/Route.php(261): Illuminate\\Routing\\ControllerDispatcher->dispatch()
#7 /home/dperez/Documents/Proyectos/laravel-sign/vendor/laravel/framework/src/Illuminate/Routing/Route.php(205): Illuminate\\Routing\\Route->runController()
#8 /home/dperez/Documents/Proyectos/laravel-sign/vendor/laravel/framework/src/Illuminate/Routing/Router.php(721): Illuminate\\Routing\\Route->run()
#9 /home/dperez/Documents/Proyectos/laravel-sign/vendor/laravel/framework/src/Illuminate/Pipeline/Pipeline.php(128): Illuminate\\Routing\\Router->Illuminate\\Routing\\{closure}()
#10 /home/dperez/Documents/Proyectos/laravel-sign/vendor/laravel/framework/src/Illuminate/Routing/Middleware/SubstituteBindings.php(50): Illuminate\\Pipeline\\Pipeline->Illuminate\\Pipeline\\{closure}()
#11 /home/dperez/Documents/Proyectos/laravel-sign/vendor/laravel/framework/src/Illuminate/Pipeline/Pipeline.php(167): Illuminate\\Routing\\Middleware\\SubstituteBindings->handle()
#12 /home/dperez/Documents/Proyectos/laravel-sign/vendor/laravel/framework/src/Illuminate/Routing/Middleware/ThrottleRequests.php(127): Illuminate\\Pipeline\\Pipeline->Illuminate\\Pipeline\\{closure}()
#13 /home/dperez/Documents/Proyectos/laravel-sign/vendor/laravel/framework/src/Illuminate/Routing/Middleware/ThrottleRequests.php(93): Illuminate\\Routing\\Middleware\\ThrottleRequests->handleRequest()
#14 /home/dperez/Documents/Proyectos/laravel-sign/vendor/laravel/framework/src/Illuminate/Routing/Middleware/ThrottleRequests.php(55): Illuminate\\Routing\\Middleware\\ThrottleRequests->handleRequestUsingNamedLimiter()
#15 /home/dperez/Documents/Proyectos/laravel-sign/vendor/laravel/framework/src/Illuminate/Pipeline/Pipeline.php(167): Illuminate\\Routing\\Middleware\\ThrottleRequests->handle()
#16 /home/dperez/Documents/Proyectos/laravel-sign/vendor/laravel/framework/src/Illuminate/Pipeline/Pipeline.php(103): Illuminate\\Pipeline\\Pipeline->Illuminate\\Pipeline\\{closure}()
#17 /home/dperez/Documents/Proyectos/laravel-sign/vendor/laravel/framework/src/Illuminate/Routing/Router.php(719): Illuminate\\Pipeline\\Pipeline->then()
#18 /home/dperez/Documents/Proyectos/laravel-sign/vendor/laravel/framework/src/Illuminate/Routing/Router.php(698): Illuminate\\Routing\\Router->runRouteWithinStack()
#19 /home/dperez/Documents/Proyectos/laravel-sign/vendor/laravel/framework/src/Illuminate/Routing/Router.php(662): Illuminate\\Routing\\Router->runRoute()
#20 /home/dperez/Documents/Proyectos/laravel-sign/vendor/laravel/framework/src/Illuminate/Routing/Router.php(651): Illuminate\\Routing\\Router->dispatchToRoute()
#21 /home/dperez/Documents/Proyectos/laravel-sign/vendor/laravel/framework/src/Illuminate/Foundation/Http/Kernel.php(167): Illuminate\\Routing\\Router->dispatch()
#22 /home/dperez/Documents/Proyectos/laravel-sign/vendor/laravel/framework/src/Illuminate/Pipeline/Pipeline.php(128): Illuminate\\Foundation\\Http\\Kernel->Illuminate\\Foundation\\Http\\{closure}()
#23 /home/dperez/Documents/Proyectos/laravel-sign/vendor/laravel/framework/src/Illuminate/Foundation/Http/Middleware/TransformsRequest.php(21): Illuminate\\Pipeline\\Pipeline->Illuminate\\Pipeline\\{closure}()
#24 /home/dperez/Documents/Proyectos/laravel-sign/vendor/laravel/framework/src/Illuminate/Foundation/Http/Middleware/ConvertEmptyStringsToNull.php(31): Illuminate\\Foundation\\Http\\Middleware\\TransformsRequest->handle()
#25 /home/dperez/Documents/Proyectos/laravel-sign/vendor/laravel/framework/src/Illuminate/Pipeline/Pipeline.php(167): Illuminate\\Foundation\\Http\\Middleware\\ConvertEmptyStringsToNull->handle()
#26 /home/dperez/Documents/Proyectos/laravel-sign/vendor/laravel/framework/src/Illuminate/Foundation/Http/Middleware/TransformsRequest.php(21): Illuminate\\Pipeline\\Pipeline->Illuminate\\Pipeline\\{closure}()
#27 /home/dperez/Documents/Proyectos/laravel-sign/vendor/laravel/framework/src/Illuminate/Foundation/Http/Middleware/TrimStrings.php(40): Illuminate\\Foundation\\Http\\Middleware\\TransformsRequest->handle()
#28 /home/dperez/Documents/Proyectos/laravel-sign/vendor/laravel/framework/src/Illuminate/Pipeline/Pipeline.php(167): Illuminate\\Foundation\\Http\\Middleware\\TrimStrings->handle()
#29 /home/dperez/Documents/Proyectos/laravel-sign/vendor/laravel/framework/src/Illuminate/Foundation/Http/Middleware/ValidatePostSize.php(27): Illuminate\\Pipeline\\Pipeline->Illuminate\\Pipeline\\{closure}()
#30 /home/dperez/Documents/Proyectos/laravel-sign/vendor/laravel/framework/src/Illuminate/Pipeline/Pipeline.php(167): Illuminate\\Foundation\\Http\\Middleware\\ValidatePostSize->handle()
#31 /home/dperez/Documents/Proyectos/laravel-sign/vendor/laravel/framework/src/Illuminate/Foundation/Http/Middleware/PreventRequestsDuringMaintenance.php(86): Illuminate\\Pipeline\\Pipeline->Illuminate\\Pipeline\\{closure}()
#32 /home/dperez/Documents/Proyectos/laravel-sign/vendor/laravel/framework/src/Illuminate/Pipeline/Pipeline.php(167): Illuminate\\Foundation\\Http\\Middleware\\PreventRequestsDuringMaintenance->handle()
#33 /home/dperez/Documents/Proyectos/laravel-sign/vendor/fruitcake/laravel-cors/src/HandleCors.php(52): Illuminate\\Pipeline\\Pipeline->Illuminate\\Pipeline\\{closure}()
#34 /home/dperez/Documents/Proyectos/laravel-sign/vendor/laravel/framework/src/Illuminate/Pipeline/Pipeline.php(167): Fruitcake\\Cors\\HandleCors->handle()
#35 /home/dperez/Documents/Proyectos/laravel-sign/vendor/laravel/framework/src/Illuminate/Http/Middleware/TrustProxies.php(39): Illuminate\\Pipeline\\Pipeline->Illuminate\\Pipeline\\{closure}()
#36 /home/dperez/Documents/Proyectos/laravel-sign/vendor/laravel/framework/src/Illuminate/Pipeline/Pipeline.php(167): Illuminate\\Http\\Middleware\\TrustProxies->handle()
#37 /home/dperez/Documents/Proyectos/laravel-sign/vendor/laravel/framework/src/Illuminate/Pipeline/Pipeline.php(103): Illuminate\\Pipeline\\Pipeline->Illuminate\\Pipeline\\{closure}()
#38 /home/dperez/Documents/Proyectos/laravel-sign/vendor/laravel/framework/src/Illuminate/Foundation/Http/Kernel.php(142): Illuminate\\Pipeline\\Pipeline->then()
#39 /home/dperez/Documents/Proyectos/laravel-sign/vendor/laravel/framework/src/Illuminate/Foundation/Http/Kernel.php(111): Illuminate\\Foundation\\Http\\Kernel->sendRequestThroughRouter()
#40 /home/dperez/Documents/Proyectos/laravel-sign/public/index.php(14): Illuminate\\Foundation\\Http\\Kernel->handle()
#41 /home/dperez/Documents/Proyectos/laravel-sign/server.php(21): require_once('...')
#42 {main}
"} 
[2025-05-28 09:07:05] local.ERROR: App\DTOs\Company\AddressData::__construct(): Argument #4 ($distrito) must be of type string, null given, called in /home/dperez/Documents/Proyectos/laravel-sign/app/DTOs/Company/AddressData.php on line 19 {"exception":"[object] (TypeError(code: 0): App\\DTOs\\Company\\AddressData::__construct(): Argument #4 ($distrito) must be of type string, null given, called in /home/dperez/Documents/Proyectos/laravel-sign/app/DTOs/Company/AddressData.php on line 19 at /home/dperez/Documents/Proyectos/laravel-sign/app/DTOs/Company/AddressData.php:7)
[stacktrace]
#0 /home/dperez/Documents/Proyectos/laravel-sign/app/DTOs/Company/AddressData.php(19): App\\DTOs\\Company\\AddressData->__construct()
#1 /home/dperez/Documents/Proyectos/laravel-sign/app/DTOs/Company/CompanyData.php(20): App\\DTOs\\Company\\AddressData::from()
#2 /home/dperez/Documents/Proyectos/laravel-sign/app/DTOs/InvoiceDTO.php(25): App\\DTOs\\Company\\CompanyData::from()
#3 /home/dperez/Documents/Proyectos/laravel-sign/app/Http/Controllers/InvoiceController.php(26): App\\DTOs\\InvoiceDTO::fromRequest()
#4 /home/dperez/Documents/Proyectos/laravel-sign/vendor/laravel/framework/src/Illuminate/Routing/Controller.php(54): App\\Http\\Controllers\\InvoiceController->createXML()
#5 /home/dperez/Documents/Proyectos/laravel-sign/vendor/laravel/framework/src/Illuminate/Routing/ControllerDispatcher.php(45): Illuminate\\Routing\\Controller->callAction()
#6 /home/dperez/Documents/Proyectos/laravel-sign/vendor/laravel/framework/src/Illuminate/Routing/Route.php(261): Illuminate\\Routing\\ControllerDispatcher->dispatch()
#7 /home/dperez/Documents/Proyectos/laravel-sign/vendor/laravel/framework/src/Illuminate/Routing/Route.php(205): Illuminate\\Routing\\Route->runController()
#8 /home/dperez/Documents/Proyectos/laravel-sign/vendor/laravel/framework/src/Illuminate/Routing/Router.php(721): Illuminate\\Routing\\Route->run()
#9 /home/dperez/Documents/Proyectos/laravel-sign/vendor/laravel/framework/src/Illuminate/Pipeline/Pipeline.php(128): Illuminate\\Routing\\Router->Illuminate\\Routing\\{closure}()
#10 /home/dperez/Documents/Proyectos/laravel-sign/vendor/laravel/framework/src/Illuminate/Routing/Middleware/SubstituteBindings.php(50): Illuminate\\Pipeline\\Pipeline->Illuminate\\Pipeline\\{closure}()
#11 /home/dperez/Documents/Proyectos/laravel-sign/vendor/laravel/framework/src/Illuminate/Pipeline/Pipeline.php(167): Illuminate\\Routing\\Middleware\\SubstituteBindings->handle()
#12 /home/dperez/Documents/Proyectos/laravel-sign/vendor/laravel/framework/src/Illuminate/Routing/Middleware/ThrottleRequests.php(127): Illuminate\\Pipeline\\Pipeline->Illuminate\\Pipeline\\{closure}()
#13 /home/dperez/Documents/Proyectos/laravel-sign/vendor/laravel/framework/src/Illuminate/Routing/Middleware/ThrottleRequests.php(93): Illuminate\\Routing\\Middleware\\ThrottleRequests->handleRequest()
#14 /home/dperez/Documents/Proyectos/laravel-sign/vendor/laravel/framework/src/Illuminate/Routing/Middleware/ThrottleRequests.php(55): Illuminate\\Routing\\Middleware\\ThrottleRequests->handleRequestUsingNamedLimiter()
#15 /home/dperez/Documents/Proyectos/laravel-sign/vendor/laravel/framework/src/Illuminate/Pipeline/Pipeline.php(167): Illuminate\\Routing\\Middleware\\ThrottleRequests->handle()
#16 /home/dperez/Documents/Proyectos/laravel-sign/vendor/laravel/framework/src/Illuminate/Pipeline/Pipeline.php(103): Illuminate\\Pipeline\\Pipeline->Illuminate\\Pipeline\\{closure}()
#17 /home/dperez/Documents/Proyectos/laravel-sign/vendor/laravel/framework/src/Illuminate/Routing/Router.php(719): Illuminate\\Pipeline\\Pipeline->then()
#18 /home/dperez/Documents/Proyectos/laravel-sign/vendor/laravel/framework/src/Illuminate/Routing/Router.php(698): Illuminate\\Routing\\Router->runRouteWithinStack()
#19 /home/dperez/Documents/Proyectos/laravel-sign/vendor/laravel/framework/src/Illuminate/Routing/Router.php(662): Illuminate\\Routing\\Router->runRoute()
#20 /home/dperez/Documents/Proyectos/laravel-sign/vendor/laravel/framework/src/Illuminate/Routing/Router.php(651): Illuminate\\Routing\\Router->dispatchToRoute()
#21 /home/dperez/Documents/Proyectos/laravel-sign/vendor/laravel/framework/src/Illuminate/Foundation/Http/Kernel.php(167): Illuminate\\Routing\\Router->dispatch()
#22 /home/dperez/Documents/Proyectos/laravel-sign/vendor/laravel/framework/src/Illuminate/Pipeline/Pipeline.php(128): Illuminate\\Foundation\\Http\\Kernel->Illuminate\\Foundation\\Http\\{closure}()
#23 /home/dperez/Documents/Proyectos/laravel-sign/vendor/laravel/framework/src/Illuminate/Foundation/Http/Middleware/TransformsRequest.php(21): Illuminate\\Pipeline\\Pipeline->Illuminate\\Pipeline\\{closure}()
#24 /home/dperez/Documents/Proyectos/laravel-sign/vendor/laravel/framework/src/Illuminate/Foundation/Http/Middleware/ConvertEmptyStringsToNull.php(31): Illuminate\\Foundation\\Http\\Middleware\\TransformsRequest->handle()
#25 /home/dperez/Documents/Proyectos/laravel-sign/vendor/laravel/framework/src/Illuminate/Pipeline/Pipeline.php(167): Illuminate\\Foundation\\Http\\Middleware\\ConvertEmptyStringsToNull->handle()
#26 /home/dperez/Documents/Proyectos/laravel-sign/vendor/laravel/framework/src/Illuminate/Foundation/Http/Middleware/TransformsRequest.php(21): Illuminate\\Pipeline\\Pipeline->Illuminate\\Pipeline\\{closure}()
#27 /home/dperez/Documents/Proyectos/laravel-sign/vendor/laravel/framework/src/Illuminate/Foundation/Http/Middleware/TrimStrings.php(40): Illuminate\\Foundation\\Http\\Middleware\\TransformsRequest->handle()
#28 /home/dperez/Documents/Proyectos/laravel-sign/vendor/laravel/framework/src/Illuminate/Pipeline/Pipeline.php(167): Illuminate\\Foundation\\Http\\Middleware\\TrimStrings->handle()
#29 /home/dperez/Documents/Proyectos/laravel-sign/vendor/laravel/framework/src/Illuminate/Foundation/Http/Middleware/ValidatePostSize.php(27): Illuminate\\Pipeline\\Pipeline->Illuminate\\Pipeline\\{closure}()
#30 /home/dperez/Documents/Proyectos/laravel-sign/vendor/laravel/framework/src/Illuminate/Pipeline/Pipeline.php(167): Illuminate\\Foundation\\Http\\Middleware\\ValidatePostSize->handle()
#31 /home/dperez/Documents/Proyectos/laravel-sign/vendor/laravel/framework/src/Illuminate/Foundation/Http/Middleware/PreventRequestsDuringMaintenance.php(86): Illuminate\\Pipeline\\Pipeline->Illuminate\\Pipeline\\{closure}()
#32 /home/dperez/Documents/Proyectos/laravel-sign/vendor/laravel/framework/src/Illuminate/Pipeline/Pipeline.php(167): Illuminate\\Foundation\\Http\\Middleware\\PreventRequestsDuringMaintenance->handle()
#33 /home/dperez/Documents/Proyectos/laravel-sign/vendor/fruitcake/laravel-cors/src/HandleCors.php(52): Illuminate\\Pipeline\\Pipeline->Illuminate\\Pipeline\\{closure}()
#34 /home/dperez/Documents/Proyectos/laravel-sign/vendor/laravel/framework/src/Illuminate/Pipeline/Pipeline.php(167): Fruitcake\\Cors\\HandleCors->handle()
#35 /home/dperez/Documents/Proyectos/laravel-sign/vendor/laravel/framework/src/Illuminate/Http/Middleware/TrustProxies.php(39): Illuminate\\Pipeline\\Pipeline->Illuminate\\Pipeline\\{closure}()
#36 /home/dperez/Documents/Proyectos/laravel-sign/vendor/laravel/framework/src/Illuminate/Pipeline/Pipeline.php(167): Illuminate\\Http\\Middleware\\TrustProxies->handle()
#37 /home/dperez/Documents/Proyectos/laravel-sign/vendor/laravel/framework/src/Illuminate/Pipeline/Pipeline.php(103): Illuminate\\Pipeline\\Pipeline->Illuminate\\Pipeline\\{closure}()
#38 /home/dperez/Documents/Proyectos/laravel-sign/vendor/laravel/framework/src/Illuminate/Foundation/Http/Kernel.php(142): Illuminate\\Pipeline\\Pipeline->then()
#39 /home/dperez/Documents/Proyectos/laravel-sign/vendor/laravel/framework/src/Illuminate/Foundation/Http/Kernel.php(111): Illuminate\\Foundation\\Http\\Kernel->sendRequestThroughRouter()
#40 /home/dperez/Documents/Proyectos/laravel-sign/public/index.php(14): Illuminate\\Foundation\\Http\\Kernel->handle()
#41 /home/dperez/Documents/Proyectos/laravel-sign/server.php(21): require_once('...')
#42 {main}
"} 
[2025-05-28 09:07:15] local.ERROR: App\DTOs\Company\AddressData::__construct(): Argument #6 ($direccion) must be of type string, null given, called in /home/dperez/Documents/Proyectos/laravel-sign/app/DTOs/Company/AddressData.php on line 19 {"exception":"[object] (TypeError(code: 0): App\\DTOs\\Company\\AddressData::__construct(): Argument #6 ($direccion) must be of type string, null given, called in /home/dperez/Documents/Proyectos/laravel-sign/app/DTOs/Company/AddressData.php on line 19 at /home/dperez/Documents/Proyectos/laravel-sign/app/DTOs/Company/AddressData.php:7)
[stacktrace]
#0 /home/dperez/Documents/Proyectos/laravel-sign/app/DTOs/Company/AddressData.php(19): App\\DTOs\\Company\\AddressData->__construct()
#1 /home/dperez/Documents/Proyectos/laravel-sign/app/DTOs/Company/CompanyData.php(20): App\\DTOs\\Company\\AddressData::from()
#2 /home/dperez/Documents/Proyectos/laravel-sign/app/DTOs/InvoiceDTO.php(25): App\\DTOs\\Company\\CompanyData::from()
#3 /home/dperez/Documents/Proyectos/laravel-sign/app/Http/Controllers/InvoiceController.php(26): App\\DTOs\\InvoiceDTO::fromRequest()
#4 /home/dperez/Documents/Proyectos/laravel-sign/vendor/laravel/framework/src/Illuminate/Routing/Controller.php(54): App\\Http\\Controllers\\InvoiceController->createXML()
#5 /home/dperez/Documents/Proyectos/laravel-sign/vendor/laravel/framework/src/Illuminate/Routing/ControllerDispatcher.php(45): Illuminate\\Routing\\Controller->callAction()
#6 /home/dperez/Documents/Proyectos/laravel-sign/vendor/laravel/framework/src/Illuminate/Routing/Route.php(261): Illuminate\\Routing\\ControllerDispatcher->dispatch()
#7 /home/dperez/Documents/Proyectos/laravel-sign/vendor/laravel/framework/src/Illuminate/Routing/Route.php(205): Illuminate\\Routing\\Route->runController()
#8 /home/dperez/Documents/Proyectos/laravel-sign/vendor/laravel/framework/src/Illuminate/Routing/Router.php(721): Illuminate\\Routing\\Route->run()
#9 /home/dperez/Documents/Proyectos/laravel-sign/vendor/laravel/framework/src/Illuminate/Pipeline/Pipeline.php(128): Illuminate\\Routing\\Router->Illuminate\\Routing\\{closure}()
#10 /home/dperez/Documents/Proyectos/laravel-sign/vendor/laravel/framework/src/Illuminate/Routing/Middleware/SubstituteBindings.php(50): Illuminate\\Pipeline\\Pipeline->Illuminate\\Pipeline\\{closure}()
#11 /home/dperez/Documents/Proyectos/laravel-sign/vendor/laravel/framework/src/Illuminate/Pipeline/Pipeline.php(167): Illuminate\\Routing\\Middleware\\SubstituteBindings->handle()
#12 /home/dperez/Documents/Proyectos/laravel-sign/vendor/laravel/framework/src/Illuminate/Routing/Middleware/ThrottleRequests.php(127): Illuminate\\Pipeline\\Pipeline->Illuminate\\Pipeline\\{closure}()
#13 /home/dperez/Documents/Proyectos/laravel-sign/vendor/laravel/framework/src/Illuminate/Routing/Middleware/ThrottleRequests.php(93): Illuminate\\Routing\\Middleware\\ThrottleRequests->handleRequest()
#14 /home/dperez/Documents/Proyectos/laravel-sign/vendor/laravel/framework/src/Illuminate/Routing/Middleware/ThrottleRequests.php(55): Illuminate\\Routing\\Middleware\\ThrottleRequests->handleRequestUsingNamedLimiter()
#15 /home/dperez/Documents/Proyectos/laravel-sign/vendor/laravel/framework/src/Illuminate/Pipeline/Pipeline.php(167): Illuminate\\Routing\\Middleware\\ThrottleRequests->handle()
#16 /home/dperez/Documents/Proyectos/laravel-sign/vendor/laravel/framework/src/Illuminate/Pipeline/Pipeline.php(103): Illuminate\\Pipeline\\Pipeline->Illuminate\\Pipeline\\{closure}()
#17 /home/dperez/Documents/Proyectos/laravel-sign/vendor/laravel/framework/src/Illuminate/Routing/Router.php(719): Illuminate\\Pipeline\\Pipeline->then()
#18 /home/dperez/Documents/Proyectos/laravel-sign/vendor/laravel/framework/src/Illuminate/Routing/Router.php(698): Illuminate\\Routing\\Router->runRouteWithinStack()
#19 /home/dperez/Documents/Proyectos/laravel-sign/vendor/laravel/framework/src/Illuminate/Routing/Router.php(662): Illuminate\\Routing\\Router->runRoute()
#20 /home/dperez/Documents/Proyectos/laravel-sign/vendor/laravel/framework/src/Illuminate/Routing/Router.php(651): Illuminate\\Routing\\Router->dispatchToRoute()
#21 /home/dperez/Documents/Proyectos/laravel-sign/vendor/laravel/framework/src/Illuminate/Foundation/Http/Kernel.php(167): Illuminate\\Routing\\Router->dispatch()
#22 /home/dperez/Documents/Proyectos/laravel-sign/vendor/laravel/framework/src/Illuminate/Pipeline/Pipeline.php(128): Illuminate\\Foundation\\Http\\Kernel->Illuminate\\Foundation\\Http\\{closure}()
#23 /home/dperez/Documents/Proyectos/laravel-sign/vendor/laravel/framework/src/Illuminate/Foundation/Http/Middleware/TransformsRequest.php(21): Illuminate\\Pipeline\\Pipeline->Illuminate\\Pipeline\\{closure}()
#24 /home/dperez/Documents/Proyectos/laravel-sign/vendor/laravel/framework/src/Illuminate/Foundation/Http/Middleware/ConvertEmptyStringsToNull.php(31): Illuminate\\Foundation\\Http\\Middleware\\TransformsRequest->handle()
#25 /home/dperez/Documents/Proyectos/laravel-sign/vendor/laravel/framework/src/Illuminate/Pipeline/Pipeline.php(167): Illuminate\\Foundation\\Http\\Middleware\\ConvertEmptyStringsToNull->handle()
#26 /home/dperez/Documents/Proyectos/laravel-sign/vendor/laravel/framework/src/Illuminate/Foundation/Http/Middleware/TransformsRequest.php(21): Illuminate\\Pipeline\\Pipeline->Illuminate\\Pipeline\\{closure}()
#27 /home/dperez/Documents/Proyectos/laravel-sign/vendor/laravel/framework/src/Illuminate/Foundation/Http/Middleware/TrimStrings.php(40): Illuminate\\Foundation\\Http\\Middleware\\TransformsRequest->handle()
#28 /home/dperez/Documents/Proyectos/laravel-sign/vendor/laravel/framework/src/Illuminate/Pipeline/Pipeline.php(167): Illuminate\\Foundation\\Http\\Middleware\\TrimStrings->handle()
#29 /home/dperez/Documents/Proyectos/laravel-sign/vendor/laravel/framework/src/Illuminate/Foundation/Http/Middleware/ValidatePostSize.php(27): Illuminate\\Pipeline\\Pipeline->Illuminate\\Pipeline\\{closure}()
#30 /home/dperez/Documents/Proyectos/laravel-sign/vendor/laravel/framework/src/Illuminate/Pipeline/Pipeline.php(167): Illuminate\\Foundation\\Http\\Middleware\\ValidatePostSize->handle()
#31 /home/dperez/Documents/Proyectos/laravel-sign/vendor/laravel/framework/src/Illuminate/Foundation/Http/Middleware/PreventRequestsDuringMaintenance.php(86): Illuminate\\Pipeline\\Pipeline->Illuminate\\Pipeline\\{closure}()
#32 /home/dperez/Documents/Proyectos/laravel-sign/vendor/laravel/framework/src/Illuminate/Pipeline/Pipeline.php(167): Illuminate\\Foundation\\Http\\Middleware\\PreventRequestsDuringMaintenance->handle()
#33 /home/dperez/Documents/Proyectos/laravel-sign/vendor/fruitcake/laravel-cors/src/HandleCors.php(52): Illuminate\\Pipeline\\Pipeline->Illuminate\\Pipeline\\{closure}()
#34 /home/dperez/Documents/Proyectos/laravel-sign/vendor/laravel/framework/src/Illuminate/Pipeline/Pipeline.php(167): Fruitcake\\Cors\\HandleCors->handle()
#35 /home/dperez/Documents/Proyectos/laravel-sign/vendor/laravel/framework/src/Illuminate/Http/Middleware/TrustProxies.php(39): Illuminate\\Pipeline\\Pipeline->Illuminate\\Pipeline\\{closure}()
#36 /home/dperez/Documents/Proyectos/laravel-sign/vendor/laravel/framework/src/Illuminate/Pipeline/Pipeline.php(167): Illuminate\\Http\\Middleware\\TrustProxies->handle()
#37 /home/dperez/Documents/Proyectos/laravel-sign/vendor/laravel/framework/src/Illuminate/Pipeline/Pipeline.php(103): Illuminate\\Pipeline\\Pipeline->Illuminate\\Pipeline\\{closure}()
#38 /home/dperez/Documents/Proyectos/laravel-sign/vendor/laravel/framework/src/Illuminate/Foundation/Http/Kernel.php(142): Illuminate\\Pipeline\\Pipeline->then()
#39 /home/dperez/Documents/Proyectos/laravel-sign/vendor/laravel/framework/src/Illuminate/Foundation/Http/Kernel.php(111): Illuminate\\Foundation\\Http\\Kernel->sendRequestThroughRouter()
#40 /home/dperez/Documents/Proyectos/laravel-sign/public/index.php(14): Illuminate\\Foundation\\Http\\Kernel->handle()
#41 /home/dperez/Documents/Proyectos/laravel-sign/server.php(21): require_once('...')
#42 {main}
"} 
[2025-05-28 09:07:22] local.ERROR: App\DTOs\Invoice\InvoiceDetailData::__construct(): Argument #1 ($codProducto) must be of type string, null given, called in /home/dperez/Documents/Proyectos/laravel-sign/app/DTOs/Invoice/InvoiceDetailData.php on line 27 {"exception":"[object] (TypeError(code: 0): App\\DTOs\\Invoice\\InvoiceDetailData::__construct(): Argument #1 ($codProducto) must be of type string, null given, called in /home/dperez/Documents/Proyectos/laravel-sign/app/DTOs/Invoice/InvoiceDetailData.php on line 27 at /home/dperez/Documents/Proyectos/laravel-sign/app/DTOs/Invoice/InvoiceDetailData.php:7)
[stacktrace]
#0 /home/dperez/Documents/Proyectos/laravel-sign/app/DTOs/Invoice/InvoiceDetailData.php(27): App\\DTOs\\Invoice\\InvoiceDetailData->__construct()
#1 /home/dperez/Documents/Proyectos/laravel-sign/app/DTOs/Invoice/InvoiceData.php(46): App\\DTOs\\Invoice\\InvoiceDetailData::from()
#2 [internal function]: App\\DTOs\\Invoice\\InvoiceData::App\\DTOs\\Invoice\\{closure}()
#3 /home/dperez/Documents/Proyectos/laravel-sign/app/DTOs/Invoice/InvoiceData.php(45): array_map()
#4 /home/dperez/Documents/Proyectos/laravel-sign/app/DTOs/InvoiceDTO.php(26): App\\DTOs\\Invoice\\InvoiceData::from()
#5 /home/dperez/Documents/Proyectos/laravel-sign/app/Http/Controllers/InvoiceController.php(26): App\\DTOs\\InvoiceDTO::fromRequest()
#6 /home/dperez/Documents/Proyectos/laravel-sign/vendor/laravel/framework/src/Illuminate/Routing/Controller.php(54): App\\Http\\Controllers\\InvoiceController->createXML()
#7 /home/dperez/Documents/Proyectos/laravel-sign/vendor/laravel/framework/src/Illuminate/Routing/ControllerDispatcher.php(45): Illuminate\\Routing\\Controller->callAction()
#8 /home/dperez/Documents/Proyectos/laravel-sign/vendor/laravel/framework/src/Illuminate/Routing/Route.php(261): Illuminate\\Routing\\ControllerDispatcher->dispatch()
#9 /home/dperez/Documents/Proyectos/laravel-sign/vendor/laravel/framework/src/Illuminate/Routing/Route.php(205): Illuminate\\Routing\\Route->runController()
#10 /home/dperez/Documents/Proyectos/laravel-sign/vendor/laravel/framework/src/Illuminate/Routing/Router.php(721): Illuminate\\Routing\\Route->run()
#11 /home/dperez/Documents/Proyectos/laravel-sign/vendor/laravel/framework/src/Illuminate/Pipeline/Pipeline.php(128): Illuminate\\Routing\\Router->Illuminate\\Routing\\{closure}()
#12 /home/dperez/Documents/Proyectos/laravel-sign/vendor/laravel/framework/src/Illuminate/Routing/Middleware/SubstituteBindings.php(50): Illuminate\\Pipeline\\Pipeline->Illuminate\\Pipeline\\{closure}()
#13 /home/dperez/Documents/Proyectos/laravel-sign/vendor/laravel/framework/src/Illuminate/Pipeline/Pipeline.php(167): Illuminate\\Routing\\Middleware\\SubstituteBindings->handle()
#14 /home/dperez/Documents/Proyectos/laravel-sign/vendor/laravel/framework/src/Illuminate/Routing/Middleware/ThrottleRequests.php(127): Illuminate\\Pipeline\\Pipeline->Illuminate\\Pipeline\\{closure}()
#15 /home/dperez/Documents/Proyectos/laravel-sign/vendor/laravel/framework/src/Illuminate/Routing/Middleware/ThrottleRequests.php(93): Illuminate\\Routing\\Middleware\\ThrottleRequests->handleRequest()
#16 /home/dperez/Documents/Proyectos/laravel-sign/vendor/laravel/framework/src/Illuminate/Routing/Middleware/ThrottleRequests.php(55): Illuminate\\Routing\\Middleware\\ThrottleRequests->handleRequestUsingNamedLimiter()
#17 /home/dperez/Documents/Proyectos/laravel-sign/vendor/laravel/framework/src/Illuminate/Pipeline/Pipeline.php(167): Illuminate\\Routing\\Middleware\\ThrottleRequests->handle()
#18 /home/dperez/Documents/Proyectos/laravel-sign/vendor/laravel/framework/src/Illuminate/Pipeline/Pipeline.php(103): Illuminate\\Pipeline\\Pipeline->Illuminate\\Pipeline\\{closure}()
#19 /home/dperez/Documents/Proyectos/laravel-sign/vendor/laravel/framework/src/Illuminate/Routing/Router.php(719): Illuminate\\Pipeline\\Pipeline->then()
#20 /home/dperez/Documents/Proyectos/laravel-sign/vendor/laravel/framework/src/Illuminate/Routing/Router.php(698): Illuminate\\Routing\\Router->runRouteWithinStack()
#21 /home/dperez/Documents/Proyectos/laravel-sign/vendor/laravel/framework/src/Illuminate/Routing/Router.php(662): Illuminate\\Routing\\Router->runRoute()
#22 /home/dperez/Documents/Proyectos/laravel-sign/vendor/laravel/framework/src/Illuminate/Routing/Router.php(651): Illuminate\\Routing\\Router->dispatchToRoute()
#23 /home/dperez/Documents/Proyectos/laravel-sign/vendor/laravel/framework/src/Illuminate/Foundation/Http/Kernel.php(167): Illuminate\\Routing\\Router->dispatch()
#24 /home/dperez/Documents/Proyectos/laravel-sign/vendor/laravel/framework/src/Illuminate/Pipeline/Pipeline.php(128): Illuminate\\Foundation\\Http\\Kernel->Illuminate\\Foundation\\Http\\{closure}()
#25 /home/dperez/Documents/Proyectos/laravel-sign/vendor/laravel/framework/src/Illuminate/Foundation/Http/Middleware/TransformsRequest.php(21): Illuminate\\Pipeline\\Pipeline->Illuminate\\Pipeline\\{closure}()
#26 /home/dperez/Documents/Proyectos/laravel-sign/vendor/laravel/framework/src/Illuminate/Foundation/Http/Middleware/ConvertEmptyStringsToNull.php(31): Illuminate\\Foundation\\Http\\Middleware\\TransformsRequest->handle()
#27 /home/dperez/Documents/Proyectos/laravel-sign/vendor/laravel/framework/src/Illuminate/Pipeline/Pipeline.php(167): Illuminate\\Foundation\\Http\\Middleware\\ConvertEmptyStringsToNull->handle()
#28 /home/dperez/Documents/Proyectos/laravel-sign/vendor/laravel/framework/src/Illuminate/Foundation/Http/Middleware/TransformsRequest.php(21): Illuminate\\Pipeline\\Pipeline->Illuminate\\Pipeline\\{closure}()
#29 /home/dperez/Documents/Proyectos/laravel-sign/vendor/laravel/framework/src/Illuminate/Foundation/Http/Middleware/TrimStrings.php(40): Illuminate\\Foundation\\Http\\Middleware\\TransformsRequest->handle()
#30 /home/dperez/Documents/Proyectos/laravel-sign/vendor/laravel/framework/src/Illuminate/Pipeline/Pipeline.php(167): Illuminate\\Foundation\\Http\\Middleware\\TrimStrings->handle()
#31 /home/dperez/Documents/Proyectos/laravel-sign/vendor/laravel/framework/src/Illuminate/Foundation/Http/Middleware/ValidatePostSize.php(27): Illuminate\\Pipeline\\Pipeline->Illuminate\\Pipeline\\{closure}()
#32 /home/dperez/Documents/Proyectos/laravel-sign/vendor/laravel/framework/src/Illuminate/Pipeline/Pipeline.php(167): Illuminate\\Foundation\\Http\\Middleware\\ValidatePostSize->handle()
#33 /home/dperez/Documents/Proyectos/laravel-sign/vendor/laravel/framework/src/Illuminate/Foundation/Http/Middleware/PreventRequestsDuringMaintenance.php(86): Illuminate\\Pipeline\\Pipeline->Illuminate\\Pipeline\\{closure}()
#34 /home/dperez/Documents/Proyectos/laravel-sign/vendor/laravel/framework/src/Illuminate/Pipeline/Pipeline.php(167): Illuminate\\Foundation\\Http\\Middleware\\PreventRequestsDuringMaintenance->handle()
#35 /home/dperez/Documents/Proyectos/laravel-sign/vendor/fruitcake/laravel-cors/src/HandleCors.php(52): Illuminate\\Pipeline\\Pipeline->Illuminate\\Pipeline\\{closure}()
#36 /home/dperez/Documents/Proyectos/laravel-sign/vendor/laravel/framework/src/Illuminate/Pipeline/Pipeline.php(167): Fruitcake\\Cors\\HandleCors->handle()
#37 /home/dperez/Documents/Proyectos/laravel-sign/vendor/laravel/framework/src/Illuminate/Http/Middleware/TrustProxies.php(39): Illuminate\\Pipeline\\Pipeline->Illuminate\\Pipeline\\{closure}()
#38 /home/dperez/Documents/Proyectos/laravel-sign/vendor/laravel/framework/src/Illuminate/Pipeline/Pipeline.php(167): Illuminate\\Http\\Middleware\\TrustProxies->handle()
#39 /home/dperez/Documents/Proyectos/laravel-sign/vendor/laravel/framework/src/Illuminate/Pipeline/Pipeline.php(103): Illuminate\\Pipeline\\Pipeline->Illuminate\\Pipeline\\{closure}()
#40 /home/dperez/Documents/Proyectos/laravel-sign/vendor/laravel/framework/src/Illuminate/Foundation/Http/Kernel.php(142): Illuminate\\Pipeline\\Pipeline->then()
#41 /home/dperez/Documents/Proyectos/laravel-sign/vendor/laravel/framework/src/Illuminate/Foundation/Http/Kernel.php(111): Illuminate\\Foundation\\Http\\Kernel->sendRequestThroughRouter()
#42 /home/dperez/Documents/Proyectos/laravel-sign/public/index.php(14): Illuminate\\Foundation\\Http\\Kernel->handle()
#43 /home/dperez/Documents/Proyectos/laravel-sign/server.php(21): require_once('...')
#44 {main}
"} 
[2025-05-28 09:07:51] local.ERROR: App\DTOs\Company\AddressData::__construct(): Argument #6 ($direccion) must be of type string, null given, called in /home/dperez/Documents/Proyectos/laravel-sign/app/DTOs/Company/AddressData.php on line 19 {"exception":"[object] (TypeError(code: 0): App\\DTOs\\Company\\AddressData::__construct(): Argument #6 ($direccion) must be of type string, null given, called in /home/dperez/Documents/Proyectos/laravel-sign/app/DTOs/Company/AddressData.php on line 19 at /home/dperez/Documents/Proyectos/laravel-sign/app/DTOs/Company/AddressData.php:7)
[stacktrace]
#0 /home/dperez/Documents/Proyectos/laravel-sign/app/DTOs/Company/AddressData.php(19): App\\DTOs\\Company\\AddressData->__construct()
#1 /home/dperez/Documents/Proyectos/laravel-sign/app/DTOs/Company/CompanyData.php(20): App\\DTOs\\Company\\AddressData::from()
#2 /home/dperez/Documents/Proyectos/laravel-sign/app/DTOs/InvoiceDTO.php(25): App\\DTOs\\Company\\CompanyData::from()
#3 /home/dperez/Documents/Proyectos/laravel-sign/app/Http/Controllers/InvoiceController.php(26): App\\DTOs\\InvoiceDTO::fromRequest()
#4 /home/dperez/Documents/Proyectos/laravel-sign/vendor/laravel/framework/src/Illuminate/Routing/Controller.php(54): App\\Http\\Controllers\\InvoiceController->createXML()
#5 /home/dperez/Documents/Proyectos/laravel-sign/vendor/laravel/framework/src/Illuminate/Routing/ControllerDispatcher.php(45): Illuminate\\Routing\\Controller->callAction()
#6 /home/dperez/Documents/Proyectos/laravel-sign/vendor/laravel/framework/src/Illuminate/Routing/Route.php(261): Illuminate\\Routing\\ControllerDispatcher->dispatch()
#7 /home/dperez/Documents/Proyectos/laravel-sign/vendor/laravel/framework/src/Illuminate/Routing/Route.php(205): Illuminate\\Routing\\Route->runController()
#8 /home/dperez/Documents/Proyectos/laravel-sign/vendor/laravel/framework/src/Illuminate/Routing/Router.php(721): Illuminate\\Routing\\Route->run()
#9 /home/dperez/Documents/Proyectos/laravel-sign/vendor/laravel/framework/src/Illuminate/Pipeline/Pipeline.php(128): Illuminate\\Routing\\Router->Illuminate\\Routing\\{closure}()
#10 /home/dperez/Documents/Proyectos/laravel-sign/vendor/laravel/framework/src/Illuminate/Routing/Middleware/SubstituteBindings.php(50): Illuminate\\Pipeline\\Pipeline->Illuminate\\Pipeline\\{closure}()
#11 /home/dperez/Documents/Proyectos/laravel-sign/vendor/laravel/framework/src/Illuminate/Pipeline/Pipeline.php(167): Illuminate\\Routing\\Middleware\\SubstituteBindings->handle()
#12 /home/dperez/Documents/Proyectos/laravel-sign/vendor/laravel/framework/src/Illuminate/Routing/Middleware/ThrottleRequests.php(127): Illuminate\\Pipeline\\Pipeline->Illuminate\\Pipeline\\{closure}()
#13 /home/dperez/Documents/Proyectos/laravel-sign/vendor/laravel/framework/src/Illuminate/Routing/Middleware/ThrottleRequests.php(93): Illuminate\\Routing\\Middleware\\ThrottleRequests->handleRequest()
#14 /home/dperez/Documents/Proyectos/laravel-sign/vendor/laravel/framework/src/Illuminate/Routing/Middleware/ThrottleRequests.php(55): Illuminate\\Routing\\Middleware\\ThrottleRequests->handleRequestUsingNamedLimiter()
#15 /home/dperez/Documents/Proyectos/laravel-sign/vendor/laravel/framework/src/Illuminate/Pipeline/Pipeline.php(167): Illuminate\\Routing\\Middleware\\ThrottleRequests->handle()
#16 /home/dperez/Documents/Proyectos/laravel-sign/vendor/laravel/framework/src/Illuminate/Pipeline/Pipeline.php(103): Illuminate\\Pipeline\\Pipeline->Illuminate\\Pipeline\\{closure}()
#17 /home/dperez/Documents/Proyectos/laravel-sign/vendor/laravel/framework/src/Illuminate/Routing/Router.php(719): Illuminate\\Pipeline\\Pipeline->then()
#18 /home/dperez/Documents/Proyectos/laravel-sign/vendor/laravel/framework/src/Illuminate/Routing/Router.php(698): Illuminate\\Routing\\Router->runRouteWithinStack()
#19 /home/dperez/Documents/Proyectos/laravel-sign/vendor/laravel/framework/src/Illuminate/Routing/Router.php(662): Illuminate\\Routing\\Router->runRoute()
#20 /home/dperez/Documents/Proyectos/laravel-sign/vendor/laravel/framework/src/Illuminate/Routing/Router.php(651): Illuminate\\Routing\\Router->dispatchToRoute()
#21 /home/dperez/Documents/Proyectos/laravel-sign/vendor/laravel/framework/src/Illuminate/Foundation/Http/Kernel.php(167): Illuminate\\Routing\\Router->dispatch()
#22 /home/dperez/Documents/Proyectos/laravel-sign/vendor/laravel/framework/src/Illuminate/Pipeline/Pipeline.php(128): Illuminate\\Foundation\\Http\\Kernel->Illuminate\\Foundation\\Http\\{closure}()
#23 /home/dperez/Documents/Proyectos/laravel-sign/vendor/laravel/framework/src/Illuminate/Foundation/Http/Middleware/TransformsRequest.php(21): Illuminate\\Pipeline\\Pipeline->Illuminate\\Pipeline\\{closure}()
#24 /home/dperez/Documents/Proyectos/laravel-sign/vendor/laravel/framework/src/Illuminate/Foundation/Http/Middleware/ConvertEmptyStringsToNull.php(31): Illuminate\\Foundation\\Http\\Middleware\\TransformsRequest->handle()
#25 /home/dperez/Documents/Proyectos/laravel-sign/vendor/laravel/framework/src/Illuminate/Pipeline/Pipeline.php(167): Illuminate\\Foundation\\Http\\Middleware\\ConvertEmptyStringsToNull->handle()
#26 /home/dperez/Documents/Proyectos/laravel-sign/vendor/laravel/framework/src/Illuminate/Foundation/Http/Middleware/TransformsRequest.php(21): Illuminate\\Pipeline\\Pipeline->Illuminate\\Pipeline\\{closure}()
#27 /home/dperez/Documents/Proyectos/laravel-sign/vendor/laravel/framework/src/Illuminate/Foundation/Http/Middleware/TrimStrings.php(40): Illuminate\\Foundation\\Http\\Middleware\\TransformsRequest->handle()
#28 /home/dperez/Documents/Proyectos/laravel-sign/vendor/laravel/framework/src/Illuminate/Pipeline/Pipeline.php(167): Illuminate\\Foundation\\Http\\Middleware\\TrimStrings->handle()
#29 /home/dperez/Documents/Proyectos/laravel-sign/vendor/laravel/framework/src/Illuminate/Foundation/Http/Middleware/ValidatePostSize.php(27): Illuminate\\Pipeline\\Pipeline->Illuminate\\Pipeline\\{closure}()
#30 /home/dperez/Documents/Proyectos/laravel-sign/vendor/laravel/framework/src/Illuminate/Pipeline/Pipeline.php(167): Illuminate\\Foundation\\Http\\Middleware\\ValidatePostSize->handle()
#31 /home/dperez/Documents/Proyectos/laravel-sign/vendor/laravel/framework/src/Illuminate/Foundation/Http/Middleware/PreventRequestsDuringMaintenance.php(86): Illuminate\\Pipeline\\Pipeline->Illuminate\\Pipeline\\{closure}()
#32 /home/dperez/Documents/Proyectos/laravel-sign/vendor/laravel/framework/src/Illuminate/Pipeline/Pipeline.php(167): Illuminate\\Foundation\\Http\\Middleware\\PreventRequestsDuringMaintenance->handle()
#33 /home/dperez/Documents/Proyectos/laravel-sign/vendor/fruitcake/laravel-cors/src/HandleCors.php(52): Illuminate\\Pipeline\\Pipeline->Illuminate\\Pipeline\\{closure}()
#34 /home/dperez/Documents/Proyectos/laravel-sign/vendor/laravel/framework/src/Illuminate/Pipeline/Pipeline.php(167): Fruitcake\\Cors\\HandleCors->handle()
#35 /home/dperez/Documents/Proyectos/laravel-sign/vendor/laravel/framework/src/Illuminate/Http/Middleware/TrustProxies.php(39): Illuminate\\Pipeline\\Pipeline->Illuminate\\Pipeline\\{closure}()
#36 /home/dperez/Documents/Proyectos/laravel-sign/vendor/laravel/framework/src/Illuminate/Pipeline/Pipeline.php(167): Illuminate\\Http\\Middleware\\TrustProxies->handle()
#37 /home/dperez/Documents/Proyectos/laravel-sign/vendor/laravel/framework/src/Illuminate/Pipeline/Pipeline.php(103): Illuminate\\Pipeline\\Pipeline->Illuminate\\Pipeline\\{closure}()
#38 /home/dperez/Documents/Proyectos/laravel-sign/vendor/laravel/framework/src/Illuminate/Foundation/Http/Kernel.php(142): Illuminate\\Pipeline\\Pipeline->then()
#39 /home/dperez/Documents/Proyectos/laravel-sign/vendor/laravel/framework/src/Illuminate/Foundation/Http/Kernel.php(111): Illuminate\\Foundation\\Http\\Kernel->sendRequestThroughRouter()
#40 /home/dperez/Documents/Proyectos/laravel-sign/public/index.php(14): Illuminate\\Foundation\\Http\\Kernel->handle()
#41 /home/dperez/Documents/Proyectos/laravel-sign/server.php(21): require_once('...')
#42 {main}
"} 
[2025-06-14 00:10:19] local.ERROR: App\DTOs\Company\AddressData::__construct(): Argument #4 ($distrito) must be of type string, null given, called in /home/test/Documents/Proyectos/laravel-sign/app/DTOs/Company/AddressData.php on line 19 {"exception":"[object] (TypeError(code: 0): App\\DTOs\\Company\\AddressData::__construct(): Argument #4 ($distrito) must be of type string, null given, called in /home/test/Documents/Proyectos/laravel-sign/app/DTOs/Company/AddressData.php on line 19 at /home/test/Documents/Proyectos/laravel-sign/app/DTOs/Company/AddressData.php:7)
[stacktrace]
#0 /home/test/Documents/Proyectos/laravel-sign/app/DTOs/Company/AddressData.php(19): App\\DTOs\\Company\\AddressData->__construct()
#1 /home/test/Documents/Proyectos/laravel-sign/app/DTOs/Company/CompanyData.php(20): App\\DTOs\\Company\\AddressData::from()
#2 /home/test/Documents/Proyectos/laravel-sign/app/DTOs/InvoiceDTO.php(25): App\\DTOs\\Company\\CompanyData::from()
#3 /home/test/Documents/Proyectos/laravel-sign/app/Http/Controllers/InvoiceController.php(26): App\\DTOs\\InvoiceDTO::fromRequest()
#4 /home/test/Documents/Proyectos/laravel-sign/vendor/laravel/framework/src/Illuminate/Routing/Controller.php(54): App\\Http\\Controllers\\InvoiceController->createXML()
#5 /home/test/Documents/Proyectos/laravel-sign/vendor/laravel/framework/src/Illuminate/Routing/ControllerDispatcher.php(45): Illuminate\\Routing\\Controller->callAction()
#6 /home/test/Documents/Proyectos/laravel-sign/vendor/laravel/framework/src/Illuminate/Routing/Route.php(261): Illuminate\\Routing\\ControllerDispatcher->dispatch()
#7 /home/test/Documents/Proyectos/laravel-sign/vendor/laravel/framework/src/Illuminate/Routing/Route.php(205): Illuminate\\Routing\\Route->runController()
#8 /home/test/Documents/Proyectos/laravel-sign/vendor/laravel/framework/src/Illuminate/Routing/Router.php(721): Illuminate\\Routing\\Route->run()
#9 /home/test/Documents/Proyectos/laravel-sign/vendor/laravel/framework/src/Illuminate/Pipeline/Pipeline.php(128): Illuminate\\Routing\\Router->Illuminate\\Routing\\{closure}()
#10 /home/test/Documents/Proyectos/laravel-sign/vendor/laravel/framework/src/Illuminate/Routing/Middleware/SubstituteBindings.php(50): Illuminate\\Pipeline\\Pipeline->Illuminate\\Pipeline\\{closure}()
#11 /home/test/Documents/Proyectos/laravel-sign/vendor/laravel/framework/src/Illuminate/Pipeline/Pipeline.php(167): Illuminate\\Routing\\Middleware\\SubstituteBindings->handle()
#12 /home/test/Documents/Proyectos/laravel-sign/vendor/laravel/framework/src/Illuminate/Routing/Middleware/ThrottleRequests.php(127): Illuminate\\Pipeline\\Pipeline->Illuminate\\Pipeline\\{closure}()
#13 /home/test/Documents/Proyectos/laravel-sign/vendor/laravel/framework/src/Illuminate/Routing/Middleware/ThrottleRequests.php(93): Illuminate\\Routing\\Middleware\\ThrottleRequests->handleRequest()
#14 /home/test/Documents/Proyectos/laravel-sign/vendor/laravel/framework/src/Illuminate/Routing/Middleware/ThrottleRequests.php(55): Illuminate\\Routing\\Middleware\\ThrottleRequests->handleRequestUsingNamedLimiter()
#15 /home/test/Documents/Proyectos/laravel-sign/vendor/laravel/framework/src/Illuminate/Pipeline/Pipeline.php(167): Illuminate\\Routing\\Middleware\\ThrottleRequests->handle()
#16 /home/test/Documents/Proyectos/laravel-sign/vendor/laravel/framework/src/Illuminate/Pipeline/Pipeline.php(103): Illuminate\\Pipeline\\Pipeline->Illuminate\\Pipeline\\{closure}()
#17 /home/test/Documents/Proyectos/laravel-sign/vendor/laravel/framework/src/Illuminate/Routing/Router.php(719): Illuminate\\Pipeline\\Pipeline->then()
#18 /home/test/Documents/Proyectos/laravel-sign/vendor/laravel/framework/src/Illuminate/Routing/Router.php(698): Illuminate\\Routing\\Router->runRouteWithinStack()
#19 /home/test/Documents/Proyectos/laravel-sign/vendor/laravel/framework/src/Illuminate/Routing/Router.php(662): Illuminate\\Routing\\Router->runRoute()
#20 /home/test/Documents/Proyectos/laravel-sign/vendor/laravel/framework/src/Illuminate/Routing/Router.php(651): Illuminate\\Routing\\Router->dispatchToRoute()
#21 /home/test/Documents/Proyectos/laravel-sign/vendor/laravel/framework/src/Illuminate/Foundation/Http/Kernel.php(167): Illuminate\\Routing\\Router->dispatch()
#22 /home/test/Documents/Proyectos/laravel-sign/vendor/laravel/framework/src/Illuminate/Pipeline/Pipeline.php(128): Illuminate\\Foundation\\Http\\Kernel->Illuminate\\Foundation\\Http\\{closure}()
#23 /home/test/Documents/Proyectos/laravel-sign/vendor/laravel/framework/src/Illuminate/Foundation/Http/Middleware/TransformsRequest.php(21): Illuminate\\Pipeline\\Pipeline->Illuminate\\Pipeline\\{closure}()
#24 /home/test/Documents/Proyectos/laravel-sign/vendor/laravel/framework/src/Illuminate/Foundation/Http/Middleware/ConvertEmptyStringsToNull.php(31): Illuminate\\Foundation\\Http\\Middleware\\TransformsRequest->handle()
#25 /home/test/Documents/Proyectos/laravel-sign/vendor/laravel/framework/src/Illuminate/Pipeline/Pipeline.php(167): Illuminate\\Foundation\\Http\\Middleware\\ConvertEmptyStringsToNull->handle()
#26 /home/test/Documents/Proyectos/laravel-sign/vendor/laravel/framework/src/Illuminate/Foundation/Http/Middleware/TransformsRequest.php(21): Illuminate\\Pipeline\\Pipeline->Illuminate\\Pipeline\\{closure}()
#27 /home/test/Documents/Proyectos/laravel-sign/vendor/laravel/framework/src/Illuminate/Foundation/Http/Middleware/TrimStrings.php(40): Illuminate\\Foundation\\Http\\Middleware\\TransformsRequest->handle()
#28 /home/test/Documents/Proyectos/laravel-sign/vendor/laravel/framework/src/Illuminate/Pipeline/Pipeline.php(167): Illuminate\\Foundation\\Http\\Middleware\\TrimStrings->handle()
#29 /home/test/Documents/Proyectos/laravel-sign/vendor/laravel/framework/src/Illuminate/Foundation/Http/Middleware/ValidatePostSize.php(27): Illuminate\\Pipeline\\Pipeline->Illuminate\\Pipeline\\{closure}()
#30 /home/test/Documents/Proyectos/laravel-sign/vendor/laravel/framework/src/Illuminate/Pipeline/Pipeline.php(167): Illuminate\\Foundation\\Http\\Middleware\\ValidatePostSize->handle()
#31 /home/test/Documents/Proyectos/laravel-sign/vendor/laravel/framework/src/Illuminate/Foundation/Http/Middleware/PreventRequestsDuringMaintenance.php(86): Illuminate\\Pipeline\\Pipeline->Illuminate\\Pipeline\\{closure}()
#32 /home/test/Documents/Proyectos/laravel-sign/vendor/laravel/framework/src/Illuminate/Pipeline/Pipeline.php(167): Illuminate\\Foundation\\Http\\Middleware\\PreventRequestsDuringMaintenance->handle()
#33 /home/test/Documents/Proyectos/laravel-sign/vendor/fruitcake/laravel-cors/src/HandleCors.php(52): Illuminate\\Pipeline\\Pipeline->Illuminate\\Pipeline\\{closure}()
#34 /home/test/Documents/Proyectos/laravel-sign/vendor/laravel/framework/src/Illuminate/Pipeline/Pipeline.php(167): Fruitcake\\Cors\\HandleCors->handle()
#35 /home/test/Documents/Proyectos/laravel-sign/vendor/laravel/framework/src/Illuminate/Http/Middleware/TrustProxies.php(39): Illuminate\\Pipeline\\Pipeline->Illuminate\\Pipeline\\{closure}()
#36 /home/test/Documents/Proyectos/laravel-sign/vendor/laravel/framework/src/Illuminate/Pipeline/Pipeline.php(167): Illuminate\\Http\\Middleware\\TrustProxies->handle()
#37 /home/test/Documents/Proyectos/laravel-sign/vendor/laravel/framework/src/Illuminate/Pipeline/Pipeline.php(103): Illuminate\\Pipeline\\Pipeline->Illuminate\\Pipeline\\{closure}()
#38 /home/test/Documents/Proyectos/laravel-sign/vendor/laravel/framework/src/Illuminate/Foundation/Http/Kernel.php(142): Illuminate\\Pipeline\\Pipeline->then()
#39 /home/test/Documents/Proyectos/laravel-sign/vendor/laravel/framework/src/Illuminate/Foundation/Http/Kernel.php(111): Illuminate\\Foundation\\Http\\Kernel->sendRequestThroughRouter()
#40 /home/test/Documents/Proyectos/laravel-sign/public/index.php(14): Illuminate\\Foundation\\Http\\Kernel->handle()
#41 /home/test/Documents/Proyectos/laravel-sign/server.php(21): require_once('...')
#42 {main}
"} 
